Age,Breed1,Breed2,Gender,Color1,Color2,MaturitySize,Vaccinated,FurLength,Dewormed,Sterilized,Health,Quantity,AdoptionSpeed,AdoptionSpeedBinary
3,266,0,2,1,7,1,2,2,1,2,1,1,3,1
25,266,0,1,1,3,2,1,1,1,1,1,2,4,1
36,147,0,2,7,0,1,1,1,1,1,1,1,1,0
7,242,252,1,2,0,2,1,3,1,2,1,1,2,0
72,83,0,1,1,0,2,1,2,1,3,1,1,2,0
5,299,0,2,1,7,1,1,1,1,2,1,1,1,0
24,307,307,2,2,0,2,2,2,1,2,1,1,4,1
3,266,0,1,1,0,2,1,2,1,2,1,1,3,1
5,292,0,1,2,0,2,2,2,2,2,1,1,1,0
24,266,266,2,1,7,2,1,1,1,1,1,1,4,1
2,307,0,2,2,0,1,1,1,3,2,1,1,4,1
4,307,307,2,1,2,2,2,1,2,2,1,1,2,0
1,307,0,2,2,7,2,1,1,1,2,1,1,3,1
2,266,299,3,1,2,2,2,1,2,2,1,3,1,0
9,307,0,1,2,7,2,1,1,1,1,1,1,4,1
24,285,0,2,1,7,2,3,3,3,3,1,1,4,1
4,265,0,1,1,3,2,2,2,2,2,1,1,3,1
36,218,0,2,1,5,2,1,1,1,2,1,1,4,1
3,307,0,2,1,7,2,3,1,3,2,1,1,2,0
3,75,20,2,1,2,2,2,1,2,2,1,1,3,1
6,307,0,2,2,0,3,1,1,1,1,1,2,2,0
3,307,0,2,1,2,2,1,2,1,2,1,1,3,1
2,264,0,3,5,6,1,2,3,1,2,1,3,1,0
2,307,0,2,1,2,2,2,1,2,3,1,2,2,0
4,266,0,2,1,2,2,2,2,2,2,1,2,1,0
1,266,0,3,3,6,1,2,1,2,2,1,4,1,0
6,266,0,3,1,6,2,2,1,1,1,1,4,4,1
18,307,0,1,1,2,2,1,1,1,1,1,1,4,1
72,141,307,2,3,4,2,1,1,1,1,1,1,3,1
76,307,307,3,1,3,2,1,1,1,2,1,2,4,1
24,141,307,2,3,5,3,1,2,1,1,1,1,2,0
4,266,0,1,6,7,2,2,1,1,2,1,1,1,0
36,307,0,1,1,2,2,1,1,1,3,1,1,4,1
16,307,0,2,1,2,2,1,1,1,1,1,1,4,1
24,307,0,2,7,0,2,1,1,1,1,1,1,4,1
0,49,0,3,1,2,1,2,2,2,2,1,8,3,1
36,141,0,2,1,0,3,3,2,3,1,1,1,1,0
2,265,0,3,3,7,1,2,2,1,2,1,2,1,0
60,179,0,2,5,7,1,3,2,3,1,1,1,1,0
3,266,266,3,1,6,1,2,1,2,2,1,5,2,0
2,141,307,1,1,0,2,1,1,1,2,1,1,2,0
1,266,0,1,1,7,1,3,1,3,3,1,1,3,1
6,307,0,2,2,7,3,1,1,1,2,1,2,2,0
2,307,26,2,1,2,3,2,1,1,2,1,1,1,0
12,307,0,1,5,0,2,3,2,3,2,1,1,4,1
72,150,307,1,1,2,3,1,1,1,1,1,1,4,1
3,266,0,1,1,7,2,1,1,1,2,1,1,2,0
5,307,0,2,2,7,2,1,2,1,1,1,1,3,1
1,307,307,1,1,2,1,2,1,2,2,1,3,4,1
3,266,0,3,4,0,1,2,1,2,2,1,2,1,0
4,189,307,2,1,5,2,2,1,2,2,1,3,3,1
7,266,0,2,1,7,2,1,1,1,1,1,1,4,1
6,307,0,2,1,2,2,1,2,1,2,1,1,4,1
1,307,0,3,1,2,2,1,1,1,2,1,5,3,1
2,307,0,2,2,0,2,3,1,1,2,1,1,2,0
2,266,0,1,1,7,2,2,1,1,2,1,1,1,0
1,266,0,1,2,0,3,2,1,2,2,1,1,1,0
4,266,0,1,2,0,2,2,1,1,2,1,1,3,1
2,266,0,2,1,5,1,2,1,2,2,1,1,3,1
4,266,0,3,4,7,2,2,1,1,2,1,2,1,0
1,307,0,3,2,5,2,2,1,1,2,1,4,3,1
2,266,0,1,6,7,3,2,1,1,2,1,1,2,0
108,205,0,1,2,7,1,1,1,1,2,1,1,4,1
2,307,0,3,1,7,2,2,2,2,2,1,9,2,0
1,307,0,1,1,4,2,3,1,3,2,1,1,2,0
3,243,305,2,1,3,2,2,1,2,2,1,1,4,1
1,307,0,2,1,2,2,3,2,3,2,1,1,3,1
2,266,266,1,2,7,1,3,1,3,1,1,1,2,0
24,254,266,2,3,6,1,1,1,1,1,1,1,3,1
4,307,210,1,1,2,2,1,2,1,2,1,1,2,0
1,299,306,2,3,7,1,2,1,2,2,1,1,1,0
8,299,0,2,2,5,2,3,1,1,3,1,1,4,1
6,289,266,2,6,0,2,2,2,1,2,1,1,2,0
1,307,0,3,1,2,2,2,2,2,2,1,4,0,0
3,307,0,1,1,3,2,2,1,1,2,1,1,1,0
9,266,0,2,2,7,2,2,1,2,2,1,1,2,0
2,307,0,3,1,2,2,2,1,2,2,1,8,3,1
3,307,0,1,2,0,2,1,2,1,3,1,1,4,1
1,266,0,1,3,4,2,2,2,2,2,1,1,3,1
48,69,0,2,2,0,2,3,1,3,3,1,1,1,0
6,288,0,2,6,7,2,3,2,3,3,1,1,1,0
1,307,50,3,2,6,1,2,1,2,2,1,8,2,0
1,266,0,3,2,6,2,3,2,3,3,1,3,3,1
1,307,307,1,7,0,2,2,1,2,2,1,1,1,0
2,266,0,2,1,2,1,2,2,1,2,1,1,2,0
2,307,0,2,1,7,2,1,1,1,2,1,1,4,1
12,307,0,2,1,0,2,1,2,1,1,1,1,4,1
2,266,266,1,1,7,1,2,1,2,2,1,1,2,0
1,179,307,3,1,2,2,2,2,2,2,1,5,3,1
5,303,266,2,1,4,2,2,2,1,2,1,1,2,0
60,60,0,1,7,0,1,1,3,1,1,1,1,2,0
5,307,0,2,1,7,1,2,1,2,2,1,2,4,1
36,141,307,2,1,0,2,1,3,1,1,1,1,4,1
3,285,264,1,3,7,3,3,2,3,3,1,1,2,0
48,266,0,2,1,6,3,1,1,1,1,1,1,4,1
1,307,0,1,1,0,2,2,1,2,2,1,1,2,0
3,218,119,2,2,0,2,1,2,1,1,1,1,2,0
48,307,0,2,1,2,3,1,1,1,2,1,1,4,1
2,266,0,2,7,0,2,2,1,2,2,1,1,4,1
36,218,307,1,1,7,2,1,2,1,1,1,1,1,0
2,266,265,3,1,7,2,2,2,2,2,1,4,3,1
3,266,265,2,1,7,2,3,1,3,3,1,1,2,0
60,103,0,2,1,0,2,1,2,1,1,1,1,1,0
2,307,0,3,1,2,2,1,2,1,2,1,9,2,0
36,266,0,2,1,2,1,1,1,1,2,1,2,2,0
3,307,307,1,5,6,2,2,2,2,2,1,1,4,1
2,292,266,3,3,5,1,1,1,1,2,1,3,3,1
12,285,0,2,6,7,3,3,2,1,2,1,8,1,0
48,307,0,2,2,0,2,1,1,1,1,1,1,4,1
48,141,307,3,5,0,2,3,2,3,1,1,2,4,1
1,307,307,2,2,7,2,1,2,1,2,1,1,2,0
12,266,0,1,7,0,3,3,1,3,3,1,1,2,0
1,265,265,3,1,0,1,2,2,2,2,1,2,2,0
3,307,0,1,1,2,2,1,1,1,2,1,1,2,0
1,307,0,2,2,5,2,1,2,2,2,1,1,4,1
28,206,0,1,1,7,3,1,2,1,3,1,1,1,0
20,264,264,2,5,6,3,2,3,1,2,1,1,2,0
1,307,0,2,1,7,2,2,1,2,2,1,1,2,0
2,266,0,2,1,4,2,2,1,1,3,1,1,1,0
2,307,0,2,1,7,2,2,2,1,2,1,1,3,1
1,307,0,3,2,5,2,2,1,2,2,1,9,3,1
22,266,0,2,1,0,2,1,1,1,1,1,1,4,1
3,307,0,1,5,0,2,2,2,1,2,1,1,4,1
1,307,0,2,1,5,2,2,2,1,2,1,1,2,0
2,307,0,2,1,2,2,2,1,1,2,1,1,4,1
1,307,0,2,1,2,3,2,1,2,2,1,1,2,0
2,307,0,2,1,2,2,2,1,2,2,1,1,3,1
24,266,0,3,1,2,1,3,1,3,2,1,3,4,1
1,307,0,3,1,2,2,2,1,2,2,1,9,3,1
16,218,307,1,2,0,2,1,1,1,1,1,1,4,1
4,266,0,3,3,6,3,2,1,2,2,1,3,1,0
60,307,307,2,3,7,2,1,2,1,1,1,1,4,1
48,266,0,1,3,7,2,2,2,2,2,1,1,2,0
1,307,0,2,2,7,3,2,1,2,2,1,1,1,0
2,266,0,1,1,7,1,2,1,1,2,1,1,1,0
2,307,0,1,1,2,2,1,1,1,2,1,1,2,0
3,266,0,1,3,0,2,2,1,2,2,1,1,3,1
14,206,0,2,1,7,3,1,1,1,2,1,1,1,0
2,307,307,2,1,2,2,3,1,1,2,1,1,3,1
2,307,0,2,5,7,2,1,2,2,2,1,1,4,1
54,307,0,1,2,0,2,3,2,3,3,1,1,4,1
19,307,0,1,1,7,2,1,1,1,1,1,1,4,1
24,307,0,1,4,7,2,3,2,3,2,1,1,3,1
8,266,0,2,1,6,2,2,1,2,1,1,1,4,1
1,307,0,1,1,2,2,2,1,1,2,1,1,1,0
84,109,141,2,1,0,2,1,2,1,2,1,1,3,1
2,307,0,2,5,0,2,1,2,1,2,1,1,3,1
96,19,200,1,2,3,2,1,1,1,1,1,1,3,1
3,295,0,3,3,7,2,1,1,1,1,1,3,4,1
12,266,300,2,1,2,2,2,1,3,1,1,1,4,1
1,265,0,2,1,3,2,2,2,2,2,1,1,1,0
18,307,307,2,7,0,2,1,1,1,1,1,1,4,1
12,254,266,2,4,6,2,1,1,1,1,1,1,3,1
8,265,266,1,4,5,2,2,1,1,2,1,9,0,0
2,307,0,2,1,2,2,1,2,1,3,1,2,4,1
2,266,0,1,1,7,2,2,2,1,2,1,1,3,1
4,307,141,2,1,0,2,1,1,1,1,1,1,3,1
12,307,0,2,2,3,2,3,2,3,1,1,1,3,1
12,266,250,1,1,2,2,1,1,1,1,1,1,3,1
2,189,307,1,1,2,2,1,1,1,3,1,1,0,0
3,266,0,1,4,0,1,1,1,1,2,1,1,2,0
1,307,0,1,1,5,2,2,1,2,2,1,1,1,0
10,266,0,2,1,7,2,1,1,1,1,1,1,4,1
14,254,0,2,1,3,1,1,1,1,1,1,1,1,0
36,307,0,2,5,7,2,3,2,3,1,1,1,2,0
5,307,0,1,1,0,2,1,2,1,2,1,1,4,1
81,119,307,1,1,7,2,2,2,1,2,1,1,3,1
3,266,0,3,1,4,1,2,1,2,2,1,4,2,0
12,266,0,1,3,6,2,2,1,1,1,1,2,4,1
4,265,0,2,1,5,2,2,2,1,1,1,1,1,0
23,307,307,2,2,0,3,1,2,1,1,1,1,4,1
24,307,218,3,2,4,2,2,1,2,1,1,4,3,1
2,266,266,3,1,6,2,2,1,1,2,1,4,4,1
2,307,0,2,1,2,3,1,1,1,2,1,1,3,1
76,20,0,2,1,2,2,1,2,1,2,1,1,2,0
6,266,0,3,1,7,2,2,1,2,2,1,2,1,0
6,179,307,1,2,0,1,3,2,3,3,1,1,0,0
1,307,0,1,6,7,2,2,1,2,2,1,1,2,0
96,141,0,2,1,0,3,1,1,1,1,1,1,3,1
2,307,0,2,2,0,2,1,2,1,2,1,2,2,0
2,307,0,3,1,2,2,2,1,1,2,1,4,1,0
5,307,0,2,2,0,1,3,1,3,3,1,1,4,1
60,10,0,2,1,7,2,1,1,1,1,1,1,3,1
1,307,0,2,2,0,2,2,2,2,2,1,2,2,0
4,307,0,1,2,7,2,2,1,2,2,1,1,4,1
14,243,0,1,5,7,2,1,2,1,1,1,1,3,1
12,247,292,2,6,0,2,1,1,1,1,1,1,3,1
2,307,39,2,1,4,2,2,1,1,2,1,1,1,0
1,307,0,1,2,0,1,2,2,2,1,1,1,4,1
48,109,0,1,3,0,3,1,2,1,1,1,1,2,0
9,292,0,1,2,7,3,1,1,1,2,1,1,2,0
4,307,0,3,1,4,1,2,2,2,2,1,7,2,0
36,205,179,2,1,2,2,3,3,3,3,1,1,4,1
12,265,0,2,7,0,2,2,2,3,3,1,1,4,1
2,266,0,2,1,7,2,1,1,1,2,1,1,3,1
1,266,0,1,7,0,2,2,1,1,2,1,2,1,0
2,307,0,1,1,2,2,2,2,2,2,1,2,2,0
24,307,307,3,1,5,2,3,2,3,3,1,2,2,0
3,307,0,2,1,7,2,2,1,1,2,1,1,2,0
12,265,0,2,1,2,2,2,2,2,1,1,1,3,1
4,307,0,2,5,7,2,1,1,1,1,1,1,3,1
9,266,0,3,1,0,2,2,1,1,2,1,2,1,0
1,265,0,3,1,0,2,2,2,2,2,1,3,2,0
48,307,0,2,2,7,1,1,2,1,1,1,1,4,1
3,283,0,2,1,2,2,2,2,1,3,1,1,4,1
2,152,307,2,5,0,2,2,1,1,2,1,1,3,1
2,307,0,2,7,0,2,2,1,2,2,1,1,2,0
6,307,0,2,7,0,2,3,1,3,3,1,1,4,1
36,307,0,2,2,0,2,1,1,1,1,1,1,3,1
2,307,0,1,1,2,2,2,2,2,2,1,4,4,1
3,299,300,1,4,0,2,1,2,1,1,1,1,4,1
2,266,0,2,6,7,2,1,1,1,1,1,1,1,0
6,292,265,2,2,5,1,1,2,1,2,1,1,1,0
25,266,0,3,1,4,3,2,1,1,2,1,4,3,1
21,264,0,1,5,0,2,1,3,1,2,1,1,4,1
7,265,0,2,6,7,2,1,2,1,1,1,1,2,0
2,265,0,2,1,7,2,2,2,2,2,1,1,3,1
2,307,0,2,2,0,2,1,2,1,2,1,1,3,1
2,266,0,2,6,0,2,2,2,1,2,1,1,3,1
4,266,243,2,2,6,1,2,1,1,2,1,1,3,1
2,265,0,3,1,6,1,2,2,2,2,1,2,4,1
2,307,307,1,2,7,2,2,1,2,2,1,1,3,1
4,265,0,2,4,7,1,2,1,1,2,1,1,4,1
3,307,141,2,5,0,2,1,1,1,1,1,1,2,0
12,307,0,3,2,0,2,3,2,3,3,1,4,4,1
1,307,307,3,2,5,2,2,1,2,2,1,4,3,1
4,266,0,1,6,0,2,2,1,2,2,1,2,4,1
6,307,0,2,1,0,2,2,2,1,2,1,1,4,1
2,307,307,1,1,2,2,1,2,1,2,1,1,3,1
48,128,0,1,2,7,1,1,1,1,3,1,1,2,0
1,307,0,2,7,0,2,2,2,2,3,1,2,1,0
1,307,0,2,1,6,2,2,1,2,2,1,1,3,1
1,307,0,2,1,2,2,2,2,2,2,1,1,3,1
36,213,307,1,5,7,1,1,2,1,1,1,1,4,1
36,19,19,2,1,2,2,3,1,3,3,1,1,3,1
1,266,0,2,1,4,1,2,1,2,2,1,1,1,0
2,307,0,2,2,4,1,1,1,1,1,1,1,3,1
36,266,0,1,1,6,2,3,2,3,3,1,1,4,1
8,299,0,1,3,4,2,1,1,1,2,1,1,3,1
2,307,0,2,1,2,2,2,2,2,2,1,1,4,1
1,266,0,2,2,5,2,2,1,1,2,1,1,1,0
1,307,218,2,1,2,2,2,1,2,2,1,1,2,0
1,265,265,3,1,3,1,2,2,2,2,1,5,4,1
2,266,0,1,3,5,2,1,1,1,2,1,3,2,0
3,266,0,3,4,7,1,1,1,1,2,1,2,2,0
3,119,218,2,1,2,2,2,2,1,1,1,1,0,0
5,283,284,1,2,7,2,1,1,1,1,1,1,3,1
2,266,0,2,3,0,1,2,1,1,2,1,1,2,0
2,266,0,2,3,7,2,2,1,2,2,1,1,2,0
24,266,0,1,5,7,2,2,1,1,2,1,1,4,1
5,266,0,2,2,0,1,1,1,1,2,1,1,1,0
3,264,0,2,4,7,3,2,3,1,3,1,1,1,0
1,307,0,1,2,7,2,2,1,2,2,1,2,1,0
2,307,0,1,1,7,2,1,2,1,2,1,1,1,0
47,307,0,1,1,0,2,1,1,1,2,1,1,4,1
4,266,0,3,1,6,1,2,1,2,2,1,3,4,1
5,292,0,1,2,5,2,1,1,1,2,1,1,1,0
1,307,0,1,1,2,2,2,2,2,2,1,3,3,1
2,266,0,1,1,7,1,2,1,2,2,1,1,1,0
2,307,0,2,1,2,2,3,1,3,2,1,1,3,1
4,307,0,1,2,0,2,1,1,1,2,1,1,1,0
1,307,0,2,1,7,2,2,2,2,2,1,1,2,0
0,265,0,2,1,2,3,2,2,2,2,1,3,2,0
6,307,0,1,1,7,2,1,1,1,1,1,1,4,1
36,179,0,1,2,0,1,3,2,3,2,1,1,2,0
60,307,0,2,1,0,2,3,1,3,2,1,1,4,1
2,307,0,1,1,2,2,2,2,2,2,1,5,3,1
24,39,307,2,1,7,2,1,3,1,1,1,1,4,1
1,266,0,3,1,7,1,3,1,3,2,1,2,3,1
5,307,0,1,2,7,2,3,1,1,2,1,1,4,1
24,205,0,2,2,7,1,1,2,1,1,1,1,3,1
6,307,0,1,2,7,2,1,1,1,3,1,1,2,0
12,205,0,1,2,5,1,1,2,1,1,1,1,1,0
1,218,307,1,2,5,2,1,2,1,2,1,1,2,0
2,264,0,2,1,4,1,2,3,1,2,1,1,1,0
1,189,0,1,1,0,3,1,1,1,2,1,1,1,0
16,266,0,1,1,2,3,1,2,1,2,1,1,2,0
4,265,0,2,1,0,1,1,2,1,2,1,1,4,1
10,265,0,2,1,2,2,2,2,2,2,1,1,1,0
4,307,307,2,2,0,2,2,2,3,3,1,1,4,1
2,307,0,1,3,0,2,2,1,2,2,1,1,3,1
3,307,141,1,5,0,3,2,1,2,3,1,1,2,0
4,103,307,2,1,2,1,2,2,2,2,1,1,4,1
2,307,0,1,1,2,2,1,1,1,2,1,1,3,1
2,266,0,2,4,7,1,1,1,1,2,1,3,2,0
4,189,103,2,1,5,3,1,2,1,2,1,1,2,0
5,307,0,2,2,0,2,1,1,1,2,1,1,4,1
5,307,0,1,7,0,2,1,1,1,1,1,1,4,1
67,179,0,2,2,0,1,1,2,1,1,1,1,3,1
2,307,307,3,2,5,2,1,2,1,2,1,4,3,1
1,266,0,1,3,6,2,2,1,1,2,1,1,2,0
4,307,0,2,1,2,2,1,1,1,1,1,1,4,1
4,307,109,1,3,4,2,2,1,2,2,1,1,1,0
2,265,0,3,3,7,1,2,2,1,2,1,5,4,1
1,265,265,3,1,2,2,2,2,2,3,1,2,3,1
2,307,0,1,2,0,2,2,1,2,2,1,1,2,0
2,266,0,2,2,7,2,2,1,1,2,1,1,3,1
6,266,0,1,1,7,2,1,1,1,3,1,1,4,1
2,307,0,2,2,7,2,2,1,2,2,1,1,4,1
1,299,0,3,1,2,1,2,1,2,2,1,2,1,0
1,307,0,2,1,2,2,2,2,2,2,1,1,4,1
5,266,0,2,1,4,2,2,1,1,2,1,1,2,0
3,264,0,3,6,7,3,1,3,1,2,1,2,1,0
1,266,0,2,1,5,2,1,2,2,2,1,1,2,0
3,307,0,3,2,7,2,2,1,2,2,1,3,3,1
2,266,0,1,1,7,2,2,1,1,2,1,1,2,0
12,266,0,2,4,7,2,2,1,1,2,1,1,4,1
3,307,0,2,1,2,3,3,1,3,2,1,1,2,0
1,307,0,3,1,2,1,2,1,2,2,1,6,1,0
1,243,0,1,1,7,1,2,1,2,2,1,1,2,0
11,266,266,3,1,3,2,1,2,1,1,1,6,4,1
7,265,0,1,2,3,2,2,2,2,2,1,2,2,0
12,266,0,2,2,7,2,1,1,1,1,1,1,4,1
6,152,213,2,1,0,1,2,2,1,2,1,1,2,0
1,307,307,3,1,2,1,2,1,2,2,1,6,2,0
3,266,0,1,3,4,1,3,1,3,3,1,1,2,0
5,78,307,2,1,2,2,1,2,1,1,1,1,3,1
2,307,307,3,2,3,2,2,1,1,2,1,2,3,1
3,307,0,2,4,0,1,2,1,2,2,1,1,4,1
16,75,119,2,1,0,2,1,2,1,3,1,2,3,1
2,307,0,2,2,0,2,2,1,2,2,1,1,4,1
3,307,0,1,2,6,1,2,1,2,2,1,1,1,0
9,307,0,1,1,7,2,1,1,1,1,1,1,4,1
1,299,0,1,1,7,1,2,2,1,2,1,1,3,1
3,266,0,1,6,7,2,2,1,1,2,1,1,3,1
36,307,0,2,1,2,3,3,1,3,1,1,1,4,1
24,205,0,1,1,2,2,1,3,1,1,1,1,1,0
4,307,109,1,3,0,2,1,1,2,2,1,1,4,1
60,205,0,1,2,7,2,3,2,3,3,1,1,2,0
2,307,0,1,3,0,2,1,2,1,2,1,1,2,0
36,285,0,1,7,0,2,3,2,3,3,1,1,1,0
2,265,0,2,1,4,3,2,2,1,3,1,1,1,0
1,266,0,1,1,2,1,3,1,3,3,1,1,2,0
3,307,0,3,2,7,2,1,1,1,2,1,2,3,1
2,266,0,1,1,7,1,2,1,1,2,1,1,1,0
1,307,0,2,2,0,2,2,1,2,2,1,1,3,1
5,266,0,2,1,4,2,2,1,2,2,1,1,3,1
2,274,285,1,3,5,2,2,2,1,2,1,1,2,0
4,307,0,2,1,4,2,1,2,1,2,1,1,3,1
3,265,264,1,6,0,3,1,2,1,1,1,1,1,0
72,189,0,2,1,2,4,3,2,3,1,1,1,3,1
5,307,0,2,5,0,2,1,2,1,1,1,1,3,1
6,307,0,1,7,0,2,1,2,1,2,1,1,4,1
4,266,266,1,1,6,2,2,1,1,1,1,2,0,0
3,200,76,3,1,2,2,3,1,3,2,1,4,1,0
2,266,0,2,1,3,1,2,1,2,2,1,1,1,0
5,266,0,3,1,7,1,1,1,1,1,1,6,4,1
12,307,0,1,1,2,2,3,1,3,3,1,1,2,0
1,266,0,1,4,7,1,2,1,1,2,1,1,2,0
84,265,0,3,1,7,2,1,2,1,1,1,2,3,1
60,179,0,2,2,0,1,1,1,1,1,1,1,1,0
3,307,218,1,5,0,1,1,1,1,2,1,1,1,0
8,266,0,2,1,4,1,1,1,1,3,1,1,3,1
4,264,0,1,1,2,1,2,3,1,2,1,1,0,0
2,307,0,2,5,0,2,2,1,2,2,1,1,1,0
48,234,0,1,7,0,3,1,3,1,2,1,1,2,0
89,76,50,2,1,7,3,1,1,1,1,1,1,1,0
84,307,0,2,2,7,1,1,1,1,1,1,1,4,1
3,307,0,1,1,2,2,1,1,1,2,1,1,4,1
1,307,0,2,1,2,2,2,2,1,2,1,1,2,0
2,307,0,1,2,5,2,2,1,2,2,1,1,4,1
1,266,265,3,1,3,1,2,1,2,2,1,4,1,0
5,307,307,1,2,0,2,2,1,2,3,1,4,4,1
3,307,0,3,1,0,2,2,1,2,2,1,2,4,1
2,266,0,2,7,0,1,2,2,2,2,1,1,3,1
60,265,0,1,5,6,3,1,2,1,1,1,1,3,1
2,307,0,1,2,5,2,1,3,1,2,1,1,2,0
3,299,264,1,3,0,2,2,2,1,2,1,1,3,1
1,307,307,2,2,7,2,2,2,1,2,1,1,3,1
15,285,265,1,2,5,3,1,2,1,1,1,1,1,0
7,109,109,2,2,0,3,1,3,1,2,1,1,1,0
5,307,0,2,2,0,2,3,2,1,2,1,1,3,1
2,307,109,1,2,3,2,2,1,1,2,1,4,3,1
1,285,266,2,1,2,1,2,2,1,2,1,1,1,0
5,307,307,1,4,0,1,2,1,2,2,1,1,4,1
1,307,0,2,2,0,2,2,2,2,2,1,1,2,0
2,265,0,1,4,7,2,2,2,2,2,1,1,1,0
1,266,254,2,1,4,2,2,1,1,2,1,1,2,0
2,307,0,2,2,5,2,2,1,2,2,1,1,1,0
36,280,264,1,1,2,4,1,3,1,1,1,2,3,1
60,195,0,1,6,0,2,1,2,1,1,1,1,4,1
4,265,0,2,1,3,3,2,2,1,1,1,1,3,1
48,307,307,1,1,2,3,3,2,1,2,1,1,4,1
4,103,307,1,1,0,2,1,1,1,2,1,1,3,1
8,266,267,2,1,2,2,2,1,2,2,1,1,3,1
5,266,0,2,1,2,2,2,1,2,2,1,1,2,0
6,254,0,1,1,2,2,2,2,2,2,1,2,3,1
2,266,0,1,2,0,2,1,2,1,2,1,1,4,1
10,190,307,1,2,7,2,1,2,1,2,1,1,0,0
2,307,307,2,2,0,1,3,1,3,3,1,1,4,1
3,266,0,3,1,6,1,1,1,1,3,1,3,4,1
10,128,98,1,1,2,1,1,1,1,2,1,1,2,0
3,266,0,2,2,3,1,2,1,2,2,1,1,2,0
5,266,0,1,1,2,3,2,3,2,2,1,1,4,1
5,266,0,2,1,7,2,2,1,1,2,1,1,2,0
2,307,0,2,1,0,2,1,1,1,2,1,1,2,0
7,266,0,2,1,4,2,2,1,1,2,1,1,1,0
2,307,0,2,5,0,2,1,1,1,2,1,1,1,0
4,264,266,3,1,2,2,3,2,3,3,1,8,3,1
1,307,307,2,1,2,2,2,1,2,2,1,1,2,0
6,307,307,2,2,7,2,1,1,1,2,1,1,4,1
12,266,0,1,2,5,2,2,2,2,2,1,1,4,1
4,299,0,1,1,2,2,2,2,2,2,1,1,3,1
8,266,0,2,6,7,2,3,1,3,3,1,1,2,0
1,307,307,3,1,2,3,3,1,3,3,1,6,2,0
12,205,0,2,1,7,1,1,3,1,2,1,1,4,1
5,307,0,2,1,0,2,1,1,1,1,1,1,4,1
3,243,0,3,6,0,2,2,2,2,2,1,3,4,1
12,242,242,1,1,6,2,3,2,3,3,1,1,4,1
4,307,141,2,2,3,3,2,1,2,2,1,2,2,0
12,266,0,2,1,4,1,1,1,1,1,1,1,3,1
3,39,0,2,1,7,2,2,1,2,2,1,1,3,1
2,307,307,3,5,0,2,1,1,1,2,1,2,4,1
1,265,266,2,2,0,1,1,2,1,2,1,1,2,0
2,307,0,1,2,3,2,2,1,1,2,1,1,2,0
24,266,0,2,1,6,2,1,1,1,1,1,1,3,1
36,195,0,1,7,0,1,1,1,1,2,1,1,1,0
5,266,0,2,1,7,1,1,1,2,1,1,1,4,1
3,285,264,1,3,7,3,3,2,3,3,1,1,1,0
3,26,307,1,1,2,2,3,1,3,2,1,1,3,1
26,266,0,3,1,2,1,2,1,2,1,1,4,4,1
4,266,0,1,2,0,2,2,1,1,1,1,1,2,0
1,307,0,3,1,2,2,2,2,2,2,1,6,1,0
12,307,0,1,3,0,2,1,2,1,3,1,1,4,1
6,307,0,2,2,0,2,2,1,2,2,1,1,4,1
29,285,264,2,3,4,2,2,3,1,1,1,1,3,1
2,307,0,2,2,0,2,1,2,1,2,1,1,2,0
7,307,0,1,5,7,2,1,1,1,1,1,1,4,1
2,307,0,2,1,0,2,2,1,2,2,1,1,2,0
2,307,0,1,1,5,2,2,2,3,2,1,1,4,1
48,307,307,2,1,7,2,1,1,1,1,1,1,4,1
10,266,0,2,2,5,2,2,1,2,2,1,1,4,1
36,179,0,1,5,7,1,1,2,1,1,1,1,3,1
4,264,0,1,2,0,1,1,3,1,2,1,1,0,0
1,307,0,2,1,2,2,2,1,2,2,1,1,1,0
108,307,0,1,2,0,3,3,2,3,3,1,1,4,1
15,205,0,1,1,0,1,1,1,1,2,1,1,4,1
2,307,0,2,6,7,1,2,1,1,3,1,1,3,1
3,254,266,3,1,3,1,2,1,1,2,1,4,4,1
12,292,0,1,2,5,2,1,1,1,1,1,1,3,1
21,283,0,3,1,4,2,1,1,1,1,1,2,4,1
24,307,307,2,2,4,2,1,1,1,1,1,1,4,1
1,265,0,1,1,7,1,2,2,2,2,1,1,2,0
18,304,288,3,2,5,3,3,2,3,2,1,5,2,0
86,205,0,1,1,6,2,1,3,1,2,1,1,2,0
2,266,266,3,1,4,2,2,1,2,2,1,3,3,1
3,266,0,2,1,4,2,2,1,2,2,1,1,2,0
3,307,307,2,2,0,2,1,2,1,1,1,1,1,0
2,266,266,3,1,2,2,2,1,2,2,1,4,1,0
2,307,0,2,1,4,2,2,2,1,2,1,1,1,0
48,173,0,2,1,7,2,1,1,1,1,1,1,4,1
12,26,26,1,2,0,3,1,2,1,1,1,1,2,0
1,307,307,3,1,5,2,2,1,1,2,1,3,3,1
3,292,299,3,3,5,2,2,2,1,2,1,3,2,0
1,266,0,2,1,4,1,2,1,2,2,1,2,1,0
2,307,0,2,5,0,2,3,2,3,3,1,1,4,1
36,307,16,2,1,2,2,3,2,3,1,1,1,2,0
2,307,307,2,1,2,2,1,1,1,3,1,2,4,1
12,307,0,1,1,7,2,1,1,1,2,1,1,4,1
9,307,0,2,1,0,3,3,2,3,3,1,1,1,0
6,307,0,2,2,0,2,2,1,2,2,1,1,4,1
3,129,307,2,1,7,1,3,2,1,2,1,1,4,1
1,307,0,1,1,0,2,1,2,1,2,1,1,4,1
1,292,266,2,2,5,2,2,1,2,2,1,1,1,0
24,264,0,1,1,7,2,1,3,1,1,1,1,4,1
9,176,307,2,1,4,2,2,1,1,1,1,1,4,1
10,264,0,2,1,0,2,1,3,1,1,1,1,4,1
3,307,78,2,1,2,2,1,2,1,2,1,1,2,0
3,307,0,1,1,7,2,1,1,1,2,1,1,3,1
2,307,0,2,2,7,2,2,1,2,2,1,1,2,0
3,247,0,1,2,7,2,2,2,2,2,1,1,4,1
1,307,307,2,1,2,2,2,2,2,2,1,2,2,0
5,292,0,1,2,7,2,2,1,1,2,1,1,0,0
3,266,0,1,2,5,1,2,1,2,2,1,1,4,1
6,266,0,2,3,4,2,1,1,1,2,1,1,4,1
7,307,0,1,1,2,2,2,2,2,2,1,1,4,1
2,307,307,3,2,3,2,2,2,2,2,1,6,4,1
1,266,0,2,1,7,2,1,1,1,2,1,1,2,0
2,266,0,3,3,6,2,2,1,1,2,1,3,3,1
2,266,0,1,1,6,2,2,1,2,2,1,2,2,0
18,307,307,2,1,2,3,1,1,1,1,1,4,4,1
2,307,0,1,1,0,2,1,2,1,2,1,1,1,0
2,141,307,1,2,0,2,2,2,2,2,1,1,1,0
48,205,0,2,2,7,1,1,3,1,1,1,1,2,0
2,265,0,2,1,6,2,2,2,2,2,1,1,2,0
1,266,0,2,1,7,1,2,1,2,2,1,1,1,0
2,307,0,3,1,2,2,2,1,2,2,1,4,3,1
4,307,0,2,3,0,3,1,1,1,2,1,1,2,0
9,266,0,1,4,0,3,1,1,1,2,1,1,4,1
3,265,0,3,1,6,2,2,2,2,2,1,6,4,1
2,266,0,1,3,5,2,2,1,2,2,1,1,3,1
2,307,103,2,1,2,2,1,2,1,1,1,1,4,1
32,109,0,2,3,0,3,1,3,1,2,1,1,2,0
76,307,0,1,2,5,2,1,1,1,1,1,1,4,1
6,254,0,2,1,4,2,2,1,2,2,1,3,4,1
24,266,0,1,4,0,3,2,1,2,2,1,1,3,1
3,307,0,1,2,5,2,2,1,1,2,1,2,4,1
2,141,307,2,3,5,2,1,2,1,2,1,1,1,0
4,307,0,2,1,2,2,1,2,1,2,1,4,4,1
48,307,0,1,1,0,2,3,1,3,3,1,1,4,1
9,266,294,1,6,0,2,2,2,1,2,1,1,2,0
2,307,0,2,2,0,2,1,1,1,2,1,1,3,1
4,299,0,1,1,6,2,2,1,2,2,1,1,1,0
24,284,292,3,1,6,1,2,2,1,2,1,4,3,1
20,304,271,1,2,5,3,1,3,1,1,1,1,4,1
10,266,0,1,1,0,2,1,1,1,1,1,1,4,1
2,266,0,3,4,6,2,2,1,2,2,1,5,4,1
4,307,307,1,1,0,2,1,1,1,2,1,1,4,1
60,265,254,2,2,3,2,1,2,1,1,1,1,2,0
1,265,0,3,1,6,1,2,1,2,2,1,2,3,1
5,307,0,1,2,7,2,1,1,1,2,1,1,4,1
1,307,0,1,2,4,2,2,1,2,2,1,1,3,1
2,266,0,2,1,4,1,2,1,1,2,1,1,2,0
3,265,266,2,5,6,2,2,1,2,2,1,1,3,1
108,141,0,2,4,5,3,3,1,3,3,1,1,2,0
3,307,307,2,1,2,2,1,2,1,3,1,1,4,1
12,307,141,1,2,0,2,3,1,3,3,1,1,2,0
12,141,0,1,2,0,3,3,1,3,3,1,1,2,0
3,307,0,2,1,0,2,2,1,1,2,1,1,1,0
1,307,0,2,1,7,2,2,1,1,2,1,2,1,0
1,307,307,2,1,2,1,2,1,1,3,1,2,4,1
4,307,0,2,1,7,2,2,2,1,2,1,2,4,1
60,132,0,2,1,0,2,3,1,3,3,1,1,4,1
1,173,0,3,1,2,2,2,1,2,2,1,3,0,0
2,265,0,2,1,6,1,1,2,1,2,1,1,3,1
6,265,0,1,1,0,2,1,2,1,1,1,1,3,1
3,266,266,1,7,0,2,2,1,1,2,1,1,2,0
36,307,0,2,3,0,2,1,1,1,1,1,1,4,1
4,307,0,1,5,0,2,1,1,1,2,1,1,2,0
2,78,307,2,1,2,2,1,1,1,2,1,1,3,1
2,266,0,2,1,4,1,2,1,2,2,1,1,2,0
12,272,0,2,1,7,2,1,2,1,1,1,1,4,1
2,307,0,2,2,7,2,2,1,2,2,1,1,3,1
84,128,0,2,2,7,1,1,1,1,1,1,1,3,1
3,307,307,1,1,0,2,2,1,1,2,1,1,1,0
3,265,0,2,3,7,2,2,2,2,2,1,1,2,0
3,266,0,3,4,5,2,2,1,1,2,1,2,3,1
31,307,307,2,1,7,2,1,1,1,2,1,1,4,1
4,266,0,1,2,5,1,1,1,1,2,1,1,2,0
2,307,0,2,1,0,2,2,1,1,2,1,1,3,1
24,205,205,2,2,7,1,3,3,3,3,1,1,2,0
6,266,0,3,3,4,3,1,1,1,3,1,2,4,1
3,292,0,1,1,7,2,2,1,1,1,1,1,3,1
24,266,0,3,1,4,2,2,1,2,2,1,4,4,1
30,266,0,1,1,2,3,1,1,1,1,1,2,1,0
2,266,0,1,3,6,2,2,1,2,2,1,1,3,1
3,266,0,1,3,0,2,2,1,1,2,1,1,2,0
2,266,266,2,1,4,1,2,1,2,2,1,1,1,0
36,266,254,2,1,4,2,1,1,1,1,1,1,4,1
3,266,0,2,1,0,1,2,1,2,2,1,1,1,0
4,307,109,1,3,0,2,1,2,2,1,1,1,4,1
5,307,0,2,1,7,2,2,1,2,2,1,2,4,1
3,141,307,2,1,0,3,2,1,2,2,1,1,1,0
12,307,0,2,3,5,2,2,2,2,2,1,1,4,1
2,265,299,1,1,7,2,2,2,2,3,1,1,2,0
24,213,307,2,1,2,2,1,2,1,1,1,1,3,1
4,266,266,3,1,2,2,2,1,2,2,1,4,4,1
11,266,266,2,1,4,2,1,1,1,1,1,1,4,1
1,265,0,2,1,7,1,2,1,2,2,1,1,1,0
1,266,0,2,2,7,1,2,1,1,2,1,1,2,0
4,266,265,1,1,7,2,1,2,1,2,1,1,3,1
2,239,307,2,2,0,2,3,1,3,2,1,1,3,1
36,266,0,1,2,5,2,3,1,3,3,1,1,3,1
12,307,0,3,2,0,2,3,2,3,3,1,4,4,1
5,307,0,2,1,0,2,1,2,1,2,1,1,3,1
4,307,0,1,5,7,2,1,2,1,2,1,1,1,0
1,78,189,3,1,2,1,2,1,1,2,1,2,1,0
2,307,307,2,1,2,2,2,1,2,2,1,1,3,1
11,307,0,1,2,7,1,3,1,3,3,1,1,3,1
7,195,179,2,1,2,2,1,2,1,2,1,1,1,0
7,307,0,2,1,2,1,1,1,1,1,1,1,4,1
4,307,0,2,2,3,2,1,1,1,2,1,1,4,1
3,266,0,2,1,7,1,2,1,2,2,1,1,2,0
7,307,0,1,1,0,2,2,2,2,2,1,1,3,1
2,266,0,1,1,7,1,2,1,2,2,1,1,1,0
24,292,265,3,2,6,2,1,2,1,1,1,2,0,0
4,292,265,2,7,0,2,2,2,1,2,1,1,2,0
2,307,0,1,1,0,2,2,1,3,2,1,1,2,0
1,141,0,2,1,4,2,2,1,2,2,1,1,1,0
11,266,0,2,1,4,2,1,1,1,1,1,1,2,0
27,307,0,2,2,7,2,1,1,1,1,1,1,4,1
1,307,0,2,1,2,2,2,2,1,2,1,3,3,1
2,307,0,2,1,2,2,2,1,2,2,1,1,3,1
36,179,0,1,2,0,1,1,1,1,1,1,1,2,0
2,307,0,2,1,2,2,2,1,1,2,1,1,2,0
1,285,263,2,1,2,3,2,3,1,2,1,1,2,0
8,292,246,1,2,7,3,2,1,2,2,1,1,1,0
12,266,0,2,1,7,2,1,1,1,1,1,1,4,1
3,265,0,1,1,0,1,2,2,1,2,1,1,2,0
84,285,265,2,1,4,2,3,2,3,1,1,1,2,0
7,243,0,2,1,7,2,2,1,2,2,1,1,4,1
12,307,0,1,1,7,2,1,2,1,1,1,1,3,1
3,266,0,1,2,4,2,2,2,2,2,1,1,3,1
3,307,0,2,2,0,2,2,1,1,2,1,1,1,0
3,266,0,2,4,7,2,1,1,1,2,1,2,3,1
26,128,307,2,2,5,2,1,1,1,1,1,1,4,1
3,265,266,2,1,2,2,2,2,1,2,1,2,3,1
6,254,0,2,1,3,1,1,1,1,1,1,2,1,0
2,307,0,2,1,2,2,2,1,2,2,1,1,3,1
8,264,0,2,2,7,2,2,3,2,2,1,1,1,0
2,299,265,1,6,0,1,2,3,1,2,1,1,3,1
6,266,0,1,1,7,1,2,1,2,2,1,1,2,0
1,307,0,2,7,0,2,2,1,1,2,1,1,3,1
1,266,0,3,1,2,2,2,1,2,2,1,5,4,1
24,179,307,1,2,3,2,3,2,3,2,1,1,4,1
3,265,0,1,6,7,2,2,2,2,2,1,1,4,1
2,307,0,2,1,2,2,1,1,1,2,1,1,3,1
2,307,0,1,1,2,1,2,1,1,2,1,1,3,1
24,307,0,2,5,0,2,3,3,3,3,1,1,1,0
4,307,0,2,1,2,2,1,1,1,2,1,1,4,1
60,307,0,3,1,2,2,1,1,1,1,1,3,3,1
2,307,103,2,2,0,2,2,1,2,2,1,1,1,0
24,307,0,1,2,0,2,1,2,1,1,1,1,4,1
108,69,0,1,3,0,2,3,3,3,3,1,1,3,1
8,265,265,3,1,4,2,2,2,2,2,1,3,4,1
24,307,0,2,2,0,1,1,1,1,1,1,1,4,1
2,266,247,1,6,7,1,2,1,2,2,1,1,0,0
3,218,128,2,5,6,2,2,2,1,2,1,1,1,0
8,265,0,1,6,7,2,1,2,1,2,1,1,4,1
0,307,307,3,1,2,1,2,1,2,2,1,8,3,1
10,266,0,2,2,5,2,2,2,1,1,1,1,1,0
3,307,0,1,2,0,2,3,1,3,2,1,1,3,1
12,266,0,2,1,7,2,1,1,1,2,1,1,2,0
1,299,265,3,1,3,1,2,2,1,2,1,2,1,0
12,307,0,1,7,0,2,3,1,3,2,1,1,2,0
3,307,0,1,1,2,2,1,2,1,2,1,1,3,1
18,307,307,2,1,0,2,1,1,1,1,1,1,4,1
4,307,0,2,2,0,2,1,2,1,2,1,1,3,1
2,307,0,1,2,0,2,1,2,1,2,1,1,2,0
3,189,307,1,1,4,2,1,2,1,2,1,1,3,1
3,307,0,1,2,7,2,2,1,2,2,1,1,1,0
2,266,0,3,1,6,2,2,2,2,2,1,4,1,0
24,292,266,2,7,0,1,1,1,1,1,1,1,0,0
12,206,0,1,1,6,2,1,2,2,2,1,1,2,0
2,266,0,1,1,0,1,2,1,2,2,1,1,4,1
3,307,0,1,2,5,1,2,1,2,2,1,1,2,0
2,76,307,2,1,7,2,2,1,1,2,1,1,2,0
1,265,0,1,2,0,1,1,2,1,2,1,1,2,0
2,266,0,1,2,3,1,2,1,2,2,1,1,1,0
24,265,0,2,2,4,1,1,2,1,1,1,1,1,0
1,307,0,3,1,2,2,2,2,2,2,1,9,3,1
2,265,265,2,1,3,2,2,2,2,2,1,1,2,0
2,307,0,1,1,2,2,2,1,1,2,1,1,2,0
24,292,299,2,4,7,2,1,1,1,1,1,1,3,1
24,307,307,2,2,7,2,1,2,1,1,1,1,3,1
1,307,0,3,1,2,2,2,2,2,2,1,5,4,1
24,307,0,2,7,0,2,1,1,1,1,1,1,4,1
24,266,0,2,5,6,1,3,1,3,3,1,1,2,0
3,307,0,1,1,2,2,1,1,1,2,1,1,2,0
6,307,0,1,1,7,2,1,2,1,3,1,1,4,1
2,266,0,3,1,7,2,2,1,2,2,1,2,3,1
1,265,266,1,3,7,2,2,2,2,2,1,1,2,0
6,266,0,2,4,0,2,1,1,1,1,1,1,4,1
2,307,0,2,1,2,2,1,1,1,2,1,1,4,1
1,265,266,3,1,6,2,2,2,2,2,1,2,1,0
6,299,0,1,2,3,2,2,1,1,2,1,1,2,0
3,307,0,1,2,5,1,3,3,3,3,1,1,4,1
3,266,0,1,1,7,2,1,1,1,2,1,1,3,1
2,307,0,1,1,2,2,2,1,2,2,1,4,4,1
18,299,0,1,6,0,2,2,1,2,2,1,1,2,0
3,307,0,2,1,2,2,2,1,2,2,1,1,1,0
6,266,0,2,4,0,1,1,1,1,1,1,1,4,1
1,254,266,2,7,0,1,2,1,2,2,1,3,1,0
3,307,109,2,1,2,2,1,2,1,2,1,1,3,1
2,266,0,2,5,7,1,2,1,1,2,1,1,2,0
4,266,0,2,2,0,2,2,1,2,2,1,1,3,1
72,266,0,2,1,7,2,1,2,1,1,1,1,4,1
2,307,307,1,2,5,2,1,1,1,3,1,2,2,0
2,307,0,3,1,7,2,2,1,2,2,1,4,0,0
4,266,0,1,1,3,1,1,1,1,2,1,2,4,1
84,20,0,2,1,2,2,1,1,1,1,1,1,4,1
18,265,0,3,2,0,2,2,2,2,2,1,4,0,0
1,307,0,1,2,7,2,2,2,2,2,1,1,1,0
1,307,26,1,1,2,3,1,2,1,2,1,1,2,0
3,307,0,2,1,2,2,2,2,1,2,1,3,2,0
12,195,179,1,6,0,1,1,2,1,3,1,1,0,0
2,266,0,1,2,7,2,2,1,2,2,1,1,2,0
24,109,0,1,3,0,3,1,3,1,1,1,1,2,0
48,205,307,1,5,0,1,1,2,1,1,1,1,1,0
2,266,0,3,3,5,1,2,2,2,2,1,2,1,0
10,307,0,2,5,7,2,1,1,1,2,1,1,3,1
2,307,307,2,2,0,2,3,1,1,2,1,1,3,1
1,265,0,3,1,5,1,2,2,2,2,1,5,4,1
17,307,0,2,1,0,1,1,1,1,1,1,1,4,1
24,78,0,2,2,0,4,1,1,1,1,1,1,2,0
2,265,266,1,1,7,2,2,2,1,2,1,1,0,0
60,213,0,1,7,0,2,1,2,1,1,1,1,2,0
8,266,0,1,2,3,2,3,1,2,2,1,1,4,1
6,266,0,1,1,7,2,2,2,1,2,1,1,4,1
5,266,0,2,1,6,1,2,1,2,2,1,1,2,0
0,266,0,3,1,3,2,2,1,2,2,1,6,3,1
1,265,0,1,1,6,2,2,2,1,2,1,1,2,0
12,266,0,1,5,6,2,2,1,1,2,1,1,3,1
10,307,0,1,2,0,3,1,2,1,1,1,1,2,0
0,266,0,3,1,6,2,2,1,2,2,1,2,3,1
48,307,0,1,1,7,2,1,1,1,3,1,1,4,1
1,307,117,2,1,2,2,1,1,1,1,1,1,4,1
3,307,307,2,2,0,2,2,2,1,2,1,1,3,1
1,265,266,3,2,3,2,2,1,2,2,1,3,4,1
3,266,0,1,3,5,2,2,1,1,2,1,1,4,1
2,307,307,2,2,0,2,2,1,2,2,1,2,4,1
1,299,266,1,3,0,1,2,1,2,2,1,1,1,0
2,307,307,1,1,2,1,2,1,2,3,1,2,3,1
4,266,0,2,1,4,2,2,1,2,2,1,3,2,0
2,266,0,2,2,6,1,2,1,1,1,1,1,2,0
3,241,0,2,6,0,2,2,2,2,2,1,1,2,0
1,307,0,2,1,7,2,2,1,2,2,1,1,2,0
12,266,0,1,1,5,2,2,1,1,2,1,2,2,0
3,266,0,2,2,7,2,2,1,2,2,1,2,1,0
1,307,0,1,3,0,2,2,1,2,2,1,1,1,0
4,307,0,2,1,2,1,3,1,3,3,1,1,4,1
2,307,0,3,1,2,2,2,1,2,2,1,7,4,1
4,266,0,1,1,7,2,2,2,2,2,1,1,1,0
3,299,0,2,2,5,2,2,1,1,2,1,2,4,1
1,218,307,2,1,2,2,1,2,3,2,1,1,3,1
2,213,307,1,1,7,2,1,2,2,1,1,1,2,0
9,266,0,2,6,0,2,2,1,3,3,1,1,4,1
4,266,0,1,1,7,2,2,1,2,2,1,1,1,0
1,243,0,2,1,0,2,2,1,1,2,1,1,1,0
2,266,0,3,2,6,2,2,1,2,2,1,4,1,0
15,292,0,2,6,0,2,1,1,1,2,1,1,3,1
3,307,0,1,1,0,2,3,1,3,3,1,1,2,0
2,307,0,3,2,4,2,2,2,2,3,1,4,4,1
1,307,307,3,2,7,2,2,1,2,2,1,3,1,0
14,213,307,2,7,0,2,1,1,1,1,1,1,3,1
2,266,0,1,1,6,2,1,1,1,2,1,4,3,1
12,307,0,2,1,0,2,2,2,1,1,1,1,2,0
8,78,0,2,1,2,2,3,1,3,2,1,1,1,0
3,307,103,1,1,2,2,1,2,1,2,1,1,2,0
36,307,0,2,1,7,2,2,1,2,2,1,1,3,1
3,266,0,1,1,6,2,2,1,1,2,1,1,2,0
5,266,0,1,1,4,1,1,1,1,2,1,1,1,0
4,266,0,1,1,4,2,2,1,2,2,1,1,0,0
1,266,254,2,1,4,2,2,1,1,2,1,1,1,0
12,265,0,1,4,7,2,2,2,1,1,1,1,1,0
4,265,0,2,2,0,1,2,2,2,2,1,1,1,0
7,307,307,1,1,2,2,1,1,1,3,1,1,4,1
5,307,0,2,1,2,2,2,1,1,2,1,1,2,0
2,266,0,3,2,4,2,3,1,3,3,1,2,2,0
30,243,0,2,6,7,2,2,2,2,2,1,1,1,0
85,141,141,1,5,0,2,1,1,1,2,1,1,3,1
2,307,103,1,1,2,2,2,1,2,2,1,1,1,0
5,307,0,1,2,7,2,2,2,2,3,1,1,4,1
2,266,299,1,1,6,2,2,1,1,2,1,1,1,0
3,307,0,2,1,2,2,2,1,2,2,1,1,4,1
62,205,0,1,1,2,2,1,1,1,2,1,1,2,0
7,307,0,2,1,0,1,1,1,1,1,1,1,3,1
0,254,0,2,1,3,1,2,2,2,2,1,1,1,0
4,141,307,1,1,0,2,1,1,1,1,1,1,2,0
2,266,0,1,2,6,2,2,1,1,2,1,1,2,0
6,265,0,2,2,5,2,3,3,3,2,1,1,2,0
1,266,0,2,1,2,2,2,1,2,2,1,1,2,0
1,266,266,3,1,3,2,2,1,1,2,1,3,1,0
24,307,0,2,5,7,2,1,2,1,1,1,1,4,1
36,103,307,2,1,2,3,3,2,3,3,1,1,4,1
4,103,307,2,1,3,3,1,2,1,2,1,1,2,0
1,307,218,2,1,7,2,1,2,1,2,1,1,3,1
12,307,0,1,4,0,2,1,1,1,2,1,1,4,1
60,189,0,1,1,2,3,1,1,1,2,1,1,3,1
1,266,0,2,1,2,2,2,1,2,2,1,3,1,0
10,285,0,1,2,5,3,1,3,1,2,1,1,1,0
5,265,0,1,1,0,2,3,2,3,3,1,1,1,0
72,266,0,1,1,7,2,1,1,1,1,1,1,4,1
3,264,0,2,1,6,2,2,3,2,2,1,1,1,0
1,307,0,1,2,7,2,2,2,2,2,1,1,1,0
2,292,265,2,2,5,1,2,2,2,2,1,1,4,1
1,266,264,2,1,6,2,2,3,2,2,1,2,1,0
12,265,0,2,6,0,2,1,2,1,1,1,1,4,1
4,307,152,1,1,0,2,1,1,1,2,1,1,4,1
2,307,0,2,2,0,2,2,1,1,2,1,1,2,0
84,69,0,1,2,3,2,3,2,3,2,1,1,4,1
37,76,307,1,1,7,2,1,1,1,2,1,1,1,0
3,243,0,2,1,0,1,1,2,2,1,1,1,2,0
1,266,0,3,1,2,1,2,1,2,2,1,4,3,1
4,266,0,2,1,2,1,2,2,2,2,1,1,4,1
1,266,0,3,3,4,1,1,1,1,2,1,3,3,1
5,307,0,1,2,5,2,3,1,3,3,1,1,4,1
2,266,0,2,1,6,1,2,1,1,2,1,1,2,0
10,266,292,2,6,7,2,1,1,1,1,1,1,3,1
5,266,299,2,2,3,1,1,1,1,2,1,1,2,0
5,281,295,2,6,0,2,1,1,1,1,1,1,2,0
12,245,0,2,1,2,2,2,3,1,1,1,1,2,0
1,265,0,3,6,7,1,2,2,3,3,1,5,4,1
60,266,0,2,7,0,3,1,1,1,1,1,1,3,1
12,117,307,2,2,5,2,3,1,3,3,1,1,4,1
4,265,0,1,1,2,2,2,2,2,2,1,1,2,0
2,265,0,3,1,0,3,2,2,2,3,1,2,2,0
9,266,266,2,2,4,2,2,1,2,2,1,2,4,1
24,307,0,1,7,0,2,3,1,3,3,1,1,4,1
21,307,5,2,4,5,2,1,2,2,2,1,1,1,0
18,307,307,3,2,0,2,1,2,1,1,1,2,4,1
3,266,0,1,3,0,2,1,1,1,2,1,1,3,1
1,266,0,2,1,2,1,2,1,2,2,1,1,3,1
1,307,0,1,2,0,2,2,1,2,2,1,1,3,1
2,307,0,2,2,0,2,2,1,1,2,1,4,3,1
5,266,0,3,1,4,2,1,1,1,1,1,2,1,0
2,307,0,2,5,7,1,1,1,1,2,1,1,2,0
3,266,0,1,1,7,2,1,2,1,1,1,1,4,1
2,307,0,1,4,0,2,2,1,2,2,1,1,3,1
108,307,0,2,1,7,2,3,2,3,3,1,1,3,1
24,307,0,2,1,7,2,2,1,2,2,1,1,4,1
2,307,0,2,1,3,2,2,1,2,2,1,3,1,0
1,189,307,3,1,2,2,1,1,1,2,1,8,1,0
3,266,0,2,1,2,2,2,1,1,2,1,1,4,1
48,205,195,2,5,7,1,1,2,1,1,1,2,1,0
1,307,0,2,1,2,2,1,1,1,3,1,1,2,0
39,307,307,2,2,0,2,1,1,1,1,1,1,4,1
2,307,218,2,1,7,2,2,2,2,2,1,1,1,0
1,307,0,2,2,7,2,2,1,2,2,1,1,3,1
3,307,0,3,1,2,2,2,1,2,2,1,3,3,1
7,265,0,1,1,7,2,1,2,1,1,1,1,2,0
1,307,0,1,4,5,2,2,2,1,2,1,1,2,0
1,266,0,3,1,7,1,2,1,2,2,1,2,1,0
16,307,0,1,2,0,2,1,1,1,1,1,2,4,1
5,307,0,3,3,0,2,1,1,1,2,1,2,3,1
3,266,0,2,4,7,1,2,1,2,2,1,1,4,1
36,307,0,1,2,3,2,2,1,2,3,1,1,4,1
3,307,0,1,3,0,2,1,2,1,2,1,1,4,1
51,266,0,1,3,4,2,1,1,1,1,1,1,4,1
12,205,0,1,7,0,1,3,2,3,3,1,1,1,0
4,103,307,2,1,2,2,1,2,1,1,1,1,3,1
6,265,265,2,1,7,2,2,2,2,2,1,1,4,1
12,307,0,2,2,5,1,3,1,3,3,1,1,4,1
3,266,0,3,1,6,2,2,1,2,2,1,7,2,0
2,307,0,2,1,2,2,3,2,3,3,1,1,1,0
24,266,0,2,1,4,2,1,1,1,1,1,1,3,1
36,266,0,2,1,0,2,2,1,2,2,1,7,4,1
3,265,0,2,1,7,2,2,2,2,3,1,1,4,1
11,266,0,2,2,3,1,1,1,1,1,1,1,2,0
12,307,0,2,4,7,2,2,1,1,1,1,1,3,1
7,266,0,2,1,0,2,3,1,1,3,1,1,4,1
2,307,307,3,1,0,2,2,2,2,2,1,6,4,1
2,283,0,3,1,6,1,2,1,2,2,1,3,3,1
12,264,265,1,1,6,3,1,3,1,1,1,1,3,1
2,307,307,2,5,0,2,2,2,1,2,1,1,3,1
36,285,0,2,1,2,2,1,2,1,1,1,1,1,0
5,265,0,2,3,0,2,2,2,1,2,1,1,2,0
3,307,141,2,1,0,2,1,1,1,2,1,1,4,1
4,266,265,2,5,6,2,1,1,1,2,1,1,2,0
48,265,0,1,2,7,2,1,2,1,1,1,1,3,1
1,266,0,1,4,0,1,2,1,2,2,1,3,2,0
5,265,0,1,3,4,2,1,2,1,2,1,1,3,1
6,307,0,2,1,2,2,1,1,1,1,1,1,3,1
3,307,0,2,2,7,2,1,2,1,2,1,1,1,0
1,266,0,3,1,2,2,2,1,2,2,1,4,2,0
48,307,0,2,3,5,2,2,2,1,1,1,1,4,1
39,285,0,2,6,7,3,3,3,3,3,1,1,4,1
3,307,0,1,1,7,2,1,2,1,2,1,1,2,0
7,266,0,2,6,0,1,1,1,1,3,1,1,4,1
3,273,0,1,1,6,1,2,2,2,2,1,1,1,0
3,266,0,2,2,3,2,2,1,1,2,1,7,4,1
108,272,0,2,2,5,2,3,2,3,1,1,1,4,1
1,265,266,3,1,4,2,2,2,2,2,1,4,2,0
2,307,0,2,2,0,2,1,1,1,2,1,1,2,0
4,299,0,2,4,7,2,1,1,1,2,1,1,3,1
1,307,0,1,1,2,2,2,1,2,2,1,1,2,0
10,78,307,1,1,2,3,1,2,1,1,1,1,3,1
2,307,0,1,1,2,2,2,1,2,2,1,1,3,1
2,307,0,1,2,5,2,1,1,1,1,1,1,2,0
1,307,0,2,1,7,2,1,2,1,2,1,1,2,0
2,307,0,1,1,2,2,2,1,1,2,1,1,1,0
2,307,0,2,2,5,2,2,1,1,2,1,1,1,0
23,264,0,1,6,7,3,1,3,1,2,1,1,1,0
60,307,119,1,1,5,2,1,2,1,1,1,1,1,0
24,307,307,1,1,7,2,1,2,1,1,1,2,4,1
23,266,0,3,1,3,2,2,1,1,1,1,3,4,1
3,285,0,1,7,0,1,2,2,2,2,1,1,0,0
4,266,0,2,2,4,2,2,1,1,2,1,1,3,1
5,307,0,2,5,0,2,1,2,1,1,1,2,4,1
36,307,0,2,1,7,3,1,1,1,1,1,1,4,1
2,266,0,1,7,0,2,1,2,1,2,1,1,2,0
3,307,0,1,5,0,2,2,1,1,2,1,1,1,0
1,307,0,2,7,0,2,2,1,2,2,1,1,1,0
3,307,0,2,1,2,1,2,1,2,2,1,1,3,1
1,307,0,3,2,0,2,2,1,2,2,1,7,4,1
4,307,0,1,2,4,3,1,1,1,2,1,1,4,1
3,307,307,1,2,7,2,2,1,2,2,1,1,3,1
60,307,0,2,5,0,2,1,1,1,1,1,1,4,1
1,266,0,1,3,7,1,2,1,2,2,1,1,4,1
1,266,0,2,1,2,2,2,1,2,2,1,3,3,1
108,179,0,2,2,0,1,1,2,1,1,1,1,2,0
8,266,0,1,2,6,2,3,1,3,3,1,1,4,1
8,266,266,2,6,7,2,1,1,1,2,1,1,3,1
60,277,266,2,1,6,2,1,2,1,1,1,2,3,1
3,251,0,3,1,5,2,2,2,2,2,1,3,4,1
0,266,266,1,3,0,2,2,1,2,2,1,1,1,0
12,266,0,2,2,4,1,2,1,1,1,1,1,3,1
36,147,179,2,7,0,1,1,2,1,1,1,1,1,0
2,266,0,1,2,3,1,2,1,2,2,1,2,2,0
48,218,307,2,1,0,2,1,2,1,1,1,1,3,1
48,307,0,2,2,7,2,1,2,1,3,1,1,2,0
3,207,0,1,1,2,1,1,3,1,3,1,1,1,0
1,266,0,3,1,3,1,2,1,2,2,1,2,3,1
8,307,0,1,4,0,2,1,1,1,2,1,1,4,1
5,265,0,1,3,5,2,2,2,1,2,1,1,4,1
4,307,0,2,2,7,2,1,1,1,2,1,1,1,0
2,266,0,3,1,2,2,2,1,2,2,1,5,2,0
4,307,0,2,2,5,1,1,1,1,2,1,2,3,1
1,266,0,2,1,0,1,2,1,2,2,1,1,2,0
5,266,0,3,1,2,2,1,1,1,2,1,3,3,1
108,292,283,2,2,6,1,1,1,1,1,1,1,4,1
1,49,307,2,2,7,2,2,1,2,2,1,1,2,0
17,266,0,1,1,6,2,1,1,1,1,1,1,2,0
17,266,292,2,2,5,2,1,1,1,1,1,1,2,0
1,307,0,2,1,7,2,2,2,2,2,1,1,2,0
1,243,0,2,1,2,2,2,1,2,2,1,1,1,0
5,307,307,3,1,2,2,2,1,2,3,1,2,2,0
6,307,200,2,2,0,2,1,1,1,1,1,1,4,1
1,307,0,2,1,0,2,2,2,2,2,1,1,3,1
1,266,0,2,1,6,1,2,1,1,2,1,1,1,0
1,266,0,1,2,4,2,2,1,1,2,1,1,3,1
1,266,0,3,1,3,1,3,1,1,3,1,2,3,1
48,264,0,3,1,7,3,1,3,1,2,1,3,2,0
3,266,0,2,1,7,2,2,1,1,1,1,1,1,0
2,307,0,1,2,5,2,2,2,1,2,1,1,1,0
3,265,0,3,3,6,2,2,2,2,3,1,6,2,0
9,306,266,1,1,7,2,1,1,1,1,1,1,2,0
1,266,0,2,1,0,2,2,1,2,2,1,1,1,0
12,266,0,1,6,7,3,1,1,1,1,1,1,4,1
1,307,307,3,1,2,2,2,2,2,2,1,3,1,0
1,307,307,1,1,0,2,2,2,1,2,1,1,2,0
1,307,0,3,1,0,2,2,1,1,2,1,6,4,1
3,265,0,3,1,6,2,2,2,2,2,1,2,2,0
1,266,0,3,1,6,1,2,1,3,2,1,4,3,1
11,179,0,2,4,0,2,2,2,1,2,1,1,4,1
3,307,0,2,1,7,2,1,1,1,2,1,1,2,0
2,307,0,2,5,0,2,2,1,1,2,1,1,2,0
5,264,0,3,2,5,2,2,3,2,2,1,3,2,0
1,266,0,1,1,5,1,2,1,1,2,1,1,1,0
12,265,0,2,2,7,2,1,2,1,2,1,1,4,1
1,307,0,2,1,2,2,3,1,3,2,1,1,2,0
48,242,266,1,1,7,3,1,1,1,1,1,1,1,0
7,307,0,2,2,0,2,3,1,3,1,1,1,4,1
4,266,266,3,1,2,2,1,1,2,2,1,2,4,1
1,299,266,1,1,2,2,2,1,1,2,1,1,1,0
2,266,0,3,2,4,1,2,1,2,2,1,4,2,0
16,266,0,2,1,7,3,2,1,2,2,1,1,3,1
12,299,0,2,6,7,3,3,1,1,1,1,6,2,0
36,152,0,2,1,2,2,3,1,3,3,1,1,3,1
1,307,0,3,1,2,2,3,1,3,2,1,8,2,0
4,141,0,2,1,0,2,2,1,1,2,1,4,4,1
2,307,0,2,1,2,2,1,2,1,2,1,3,3,1
4,307,0,2,1,0,2,1,1,1,2,1,1,4,1
3,307,0,1,1,2,3,1,1,1,2,1,1,2,0
24,307,0,1,1,4,2,3,1,3,3,1,1,3,1
3,266,0,2,1,5,1,1,1,1,2,1,1,3,1
30,69,0,2,2,0,2,1,2,1,1,1,1,3,1
3,264,0,2,1,3,3,2,3,1,2,1,1,1,0
24,218,0,1,7,0,2,3,2,3,3,1,1,3,1
2,307,0,1,2,0,1,2,1,1,2,1,1,4,1
1,307,307,2,7,0,2,1,2,1,2,1,1,1,0
2,307,0,1,1,2,2,1,2,1,2,1,1,1,0
9,307,0,1,2,0,2,1,1,3,1,1,1,4,1
1,266,0,1,2,7,1,2,1,2,2,1,1,1,0
0,307,0,2,1,7,2,3,2,3,3,1,5,1,0
4,307,0,1,2,0,2,3,1,3,3,1,1,4,1
3,266,265,1,4,7,1,1,2,1,2,1,1,2,0
2,266,0,1,3,0,2,2,1,2,2,1,1,1,0
96,141,0,3,3,5,3,1,1,1,1,1,2,3,1
1,307,0,2,7,0,2,2,2,2,2,1,1,4,1
2,266,0,2,1,3,1,1,1,1,2,1,1,2,0
3,266,0,1,1,7,2,1,1,1,1,1,1,4,1
36,307,218,1,1,7,2,2,1,2,1,1,1,3,1
3,218,0,2,2,7,2,2,1,1,2,1,1,1,0
16,266,0,2,1,6,2,1,2,1,1,1,1,4,1
4,265,0,2,5,7,2,2,2,2,2,1,1,4,1
1,307,0,3,1,2,2,3,1,3,3,1,9,2,0
2,307,0,2,1,2,2,2,1,2,2,1,1,4,1
2,266,0,2,2,3,2,2,2,2,2,1,2,2,0
3,307,307,3,1,2,3,3,1,3,3,1,3,3,1
9,266,0,2,3,0,1,3,1,3,2,1,1,4,1
0,307,0,2,1,2,2,2,1,2,2,1,6,3,1
2,266,0,2,1,0,1,1,1,1,2,1,1,2,0
24,249,0,2,1,2,2,3,2,3,3,1,1,2,0
2,307,0,2,2,7,2,2,2,2,2,1,1,2,0
2,307,307,2,2,7,2,1,1,1,3,1,1,1,0
1,266,0,1,1,7,1,2,1,2,2,1,1,4,1
2,307,0,2,1,7,2,2,1,1,3,1,1,2,0
1,265,0,3,1,4,2,2,2,2,2,1,3,2,0
1,254,266,2,1,3,2,2,1,1,2,1,1,3,1
2,264,0,3,1,2,3,2,3,2,2,1,2,3,1
2,292,0,1,2,5,2,2,2,1,2,1,1,2,0
48,266,0,3,1,7,2,2,1,2,2,1,5,2,0
1,300,0,2,4,7,2,2,2,2,2,1,1,2,0
3,307,0,2,1,2,2,2,2,2,2,1,1,2,0
2,307,0,1,1,2,2,2,2,2,2,1,1,1,0
3,266,299,2,2,6,2,2,1,2,2,1,1,0,0
108,189,0,1,1,0,3,1,3,1,2,1,1,3,1
2,266,0,1,3,4,1,2,1,2,2,1,1,1,0
3,307,0,2,1,0,2,1,1,1,2,1,1,3,1
5,282,264,3,1,6,2,1,2,1,3,1,3,3,1
2,307,0,2,1,2,2,2,1,2,2,1,1,1,0
72,20,307,2,1,2,2,1,2,1,1,1,1,3,1
2,252,292,2,6,7,2,2,2,2,2,1,1,1,0
18,285,266,2,5,0,2,3,2,1,2,1,2,0,0
9,19,128,2,2,5,2,1,1,1,2,1,1,3,1
36,109,109,2,2,5,3,3,3,1,3,1,1,1,0
4,266,0,1,1,0,1,2,1,2,2,1,3,4,1
3,266,0,2,1,7,1,2,1,1,2,1,3,3,1
1,266,299,1,3,0,2,2,1,1,2,1,1,3,1
1,266,0,1,1,7,1,2,1,2,2,1,1,1,0
2,307,0,2,2,7,2,1,2,1,2,1,1,2,0
3,285,285,2,1,6,2,2,3,2,2,1,1,0,0
2,266,0,2,1,7,2,2,1,3,2,1,1,2,0
24,31,39,1,1,7,2,1,3,1,2,1,1,4,1
18,264,0,2,1,0,3,1,3,1,2,1,1,2,0
48,109,0,2,3,5,3,1,3,1,2,1,2,3,1
5,307,307,1,7,0,2,2,1,2,2,1,1,4,1
2,306,0,2,1,7,1,2,1,1,2,1,1,2,0
1,266,0,3,6,7,2,2,2,2,2,1,5,2,0
3,292,0,2,1,7,2,2,2,2,2,1,1,1,0
2,141,307,1,6,7,2,2,2,2,2,1,1,1,0
34,292,285,2,2,5,2,3,3,1,3,1,1,2,0
60,205,0,2,2,7,2,1,1,1,3,1,1,1,0
3,266,0,2,6,7,1,2,1,2,2,1,1,4,1
2,307,307,2,1,2,2,3,1,3,2,1,5,0,0
6,266,0,2,7,0,2,1,1,1,2,1,1,3,1
6,266,0,1,6,7,2,2,1,1,2,1,1,3,1
1,218,205,3,1,5,2,2,2,2,2,1,4,1,0
2,307,0,2,1,2,2,2,1,1,2,1,1,2,0
33,266,0,2,2,0,2,1,1,1,1,1,1,4,1
2,265,0,1,6,7,2,2,2,2,2,1,1,4,1
3,265,0,2,2,5,2,1,2,1,2,1,1,1,0
2,307,0,1,1,2,2,2,1,1,2,1,1,3,1
2,266,0,2,1,7,1,2,1,1,2,1,1,4,1
2,307,307,3,2,7,1,2,1,2,2,1,2,4,1
48,299,0,3,2,3,2,1,2,1,1,1,2,4,1
8,266,0,1,3,0,2,2,1,1,1,1,1,2,0
3,307,307,2,1,0,2,1,2,1,2,1,1,4,1
36,213,0,2,3,5,2,3,2,3,1,1,1,3,1
3,266,0,1,1,7,1,1,1,1,2,1,1,2,0
1,299,266,2,1,2,2,2,2,2,2,1,1,1,0
12,111,307,1,2,0,3,1,1,1,1,1,1,4,1
108,207,0,2,3,6,1,3,2,3,3,1,1,0,0
3,266,0,1,1,7,2,2,1,1,2,1,1,2,0
2,307,0,3,1,2,2,1,1,1,2,1,5,3,1
6,266,0,2,1,2,2,2,1,2,2,1,1,4,1
42,150,150,3,2,0,2,1,1,1,2,1,2,4,1
6,299,0,1,3,5,2,2,1,2,2,1,1,2,0
4,152,213,2,5,0,1,1,2,1,1,1,1,2,0
2,264,265,2,1,3,2,2,3,1,2,1,1,0,0
7,307,0,2,2,0,2,1,1,1,2,1,1,3,1
7,266,0,2,1,2,2,1,1,1,2,1,1,3,1
3,266,0,3,1,2,3,2,1,2,2,1,4,1,0
8,179,0,2,2,0,1,1,1,1,3,1,1,0,0
1,152,307,3,1,3,2,1,1,1,2,1,2,2,0
3,69,307,1,1,0,2,2,1,1,2,1,1,2,0
72,103,0,2,1,2,3,1,3,1,2,1,1,1,0
60,264,0,1,1,2,3,1,3,1,1,1,1,2,0
3,307,0,2,1,2,2,1,1,1,2,1,1,4,1
12,264,0,2,2,4,2,2,2,2,2,1,2,1,0
4,266,0,3,1,2,1,2,1,2,2,1,4,4,1
2,307,0,2,1,2,2,3,2,3,2,1,1,3,1
24,266,0,2,1,4,3,2,1,2,2,1,1,4,1
10,307,0,2,7,0,2,2,1,1,1,1,1,4,1
2,307,0,1,1,2,1,2,1,2,2,1,3,3,1
1,266,0,1,7,0,1,2,1,2,2,1,1,1,0
12,264,264,2,1,0,2,2,3,2,1,1,1,4,1
3,265,0,2,3,7,1,2,2,2,2,1,1,2,0
6,266,0,1,4,0,1,2,2,2,2,1,1,4,1
6,266,0,1,2,0,2,1,1,1,2,1,1,4,1
2,307,218,2,2,7,2,1,2,1,1,1,1,4,1
3,307,70,2,1,2,3,1,2,1,2,1,1,2,0
3,266,0,2,4,5,2,2,1,1,2,1,1,3,1
4,307,0,2,2,5,2,2,1,2,2,1,3,2,0
3,265,247,3,1,7,2,2,2,1,2,1,2,1,0
1,299,0,1,6,0,1,2,1,2,2,1,1,2,0
4,266,0,1,6,7,2,2,1,2,2,1,1,2,0
3,264,0,2,2,3,2,3,3,3,3,1,3,3,1
2,289,266,2,6,7,2,2,1,1,2,1,1,1,0
1,307,0,3,1,2,1,2,1,2,2,1,7,4,1
9,307,0,1,7,0,2,1,1,1,1,1,1,4,1
3,266,0,2,1,6,2,2,1,2,2,1,1,1,0
5,265,306,2,1,7,1,1,2,1,1,1,1,2,0
36,254,0,2,1,4,2,3,1,3,2,1,1,4,1
2,78,307,2,1,2,2,1,2,3,2,1,1,3,1
21,141,0,1,2,0,3,1,1,3,1,1,1,3,1
5,307,0,2,2,6,2,3,2,1,2,1,1,4,1
48,152,0,2,1,2,1,1,1,1,1,1,1,2,0
3,265,264,3,1,7,2,2,2,1,2,1,2,3,1
11,307,0,2,2,5,1,3,1,1,2,1,1,3,1
35,109,141,2,3,0,2,2,2,1,1,1,1,2,0
3,307,0,1,1,0,2,3,1,1,3,1,1,4,1
2,152,307,3,1,3,1,2,1,2,2,1,2,1,0
2,307,0,2,3,0,2,1,1,1,2,1,1,2,0
18,266,0,3,1,3,2,2,2,2,2,1,4,3,1
6,265,0,1,5,0,2,2,2,2,2,1,1,3,1
24,307,0,3,1,2,2,1,2,1,1,1,5,4,1
24,103,307,2,1,2,2,3,2,3,3,1,1,3,1
2,265,0,1,7,0,2,2,2,2,2,1,1,2,0
2,154,0,1,2,0,2,2,1,1,2,1,1,4,1
4,266,0,2,7,0,2,2,1,1,2,1,1,1,0
2,307,0,1,1,0,2,2,2,2,2,1,1,4,1
2,307,0,1,1,0,1,2,2,2,2,1,1,3,1
3,266,0,1,1,6,2,2,1,1,2,1,1,2,0
2,307,0,1,1,2,2,1,1,1,2,1,1,2,0
3,266,0,2,6,0,1,2,1,1,2,1,1,4,1
1,282,0,2,1,2,2,2,2,2,2,1,1,1,0
2,307,0,1,1,2,2,1,1,1,2,1,1,1,0
2,266,0,1,1,7,1,2,1,2,3,1,1,3,1
1,307,0,1,1,2,2,2,2,2,2,1,1,2,0
3,307,0,2,2,7,2,1,1,1,2,1,1,4,1
1,307,0,1,1,2,2,2,1,1,2,1,1,1,0
5,266,0,2,1,2,2,1,1,1,2,1,1,3,1
72,78,0,2,1,2,3,1,1,1,1,1,1,3,1
2,266,0,3,2,6,1,1,2,1,2,1,3,3,1
4,307,75,2,1,2,1,2,2,2,2,1,1,3,1
4,266,0,1,4,0,2,1,1,1,2,1,1,1,0
8,307,0,2,2,0,2,1,2,1,2,1,1,2,0
1,307,307,2,2,7,2,1,2,1,2,1,1,3,1
3,265,0,2,1,0,2,2,2,1,2,1,1,3,1
1,266,0,3,1,4,1,2,1,2,2,1,4,2,0
1,307,0,3,1,2,2,3,1,3,2,1,9,3,1
2,307,189,2,2,7,2,2,1,2,2,1,1,2,0
1,307,307,1,2,0,2,2,2,2,2,1,1,3,1
8,266,0,2,1,3,2,2,1,1,2,1,1,2,0
12,141,0,1,1,7,3,3,1,3,2,1,1,2,0
2,307,0,1,1,2,2,2,1,2,2,1,1,1,0
2,307,0,2,2,7,2,3,1,3,2,1,1,3,1
1,307,0,3,2,0,2,2,2,1,2,1,2,3,1
24,213,307,1,2,7,2,1,3,1,2,1,1,3,1
3,307,0,2,7,0,2,2,2,2,2,1,1,2,0
1,265,0,1,1,6,2,2,2,2,2,1,1,1,0
12,307,0,2,2,0,2,1,1,1,1,1,1,4,1
1,299,0,1,1,7,2,2,1,1,2,1,1,3,1
2,265,0,1,1,7,1,2,2,2,2,1,1,4,1
2,266,292,1,4,6,1,2,1,1,2,1,2,2,0
2,307,0,2,2,7,2,1,2,2,2,1,1,2,0
3,266,0,2,1,2,2,1,1,1,1,1,1,3,1
1,307,0,2,2,5,2,2,1,1,2,1,3,2,0
3,266,0,2,7,0,2,3,2,3,2,1,1,2,0
2,307,0,1,1,2,2,1,2,1,2,1,1,2,0
12,266,0,1,7,0,2,1,1,1,3,1,1,3,1
1,307,0,1,1,0,2,1,2,1,1,1,1,3,1
2,292,266,2,2,7,1,2,2,2,2,1,1,1,0
3,266,0,2,2,4,2,1,1,1,2,1,1,4,1
2,266,0,2,1,4,2,2,1,2,2,1,1,3,1
2,266,0,2,2,7,2,2,1,2,2,1,1,1,0
1,307,0,1,2,0,2,2,2,1,2,1,1,1,0
2,307,0,2,2,0,2,1,2,1,2,1,1,2,0
2,307,307,3,1,2,2,2,1,2,2,1,5,2,0
2,307,0,1,1,2,2,2,2,2,2,1,1,4,1
3,307,78,2,1,3,2,1,1,1,1,1,1,3,1
108,227,0,2,1,0,2,1,1,1,2,1,1,4,1
1,213,307,3,1,2,1,2,1,2,2,1,6,2,0
2,307,213,2,1,2,2,2,1,2,2,1,1,2,0
4,109,0,1,3,5,2,1,2,1,2,1,2,2,0
1,141,307,2,7,0,2,3,1,3,2,1,1,3,1
2,266,0,1,4,7,1,2,2,1,2,1,1,2,0
2,266,266,2,3,6,2,1,1,1,2,1,1,2,0
24,266,0,2,2,4,2,2,1,3,1,1,2,4,1
2,307,0,2,2,7,2,2,1,2,2,1,1,2,0
13,307,307,2,7,0,1,2,1,2,1,1,1,3,1
2,307,0,2,2,0,3,1,2,1,2,1,1,3,1
66,100,0,2,1,7,2,2,1,1,2,1,1,3,1
48,69,0,1,5,0,2,1,2,1,1,1,1,4,1
2,266,0,1,1,2,1,3,1,1,3,1,7,3,1
12,39,307,2,2,7,2,1,2,1,1,1,1,2,0
1,307,0,2,7,0,2,2,2,2,3,1,8,1,0
1,307,0,2,1,0,2,2,1,2,2,1,1,2,0
2,266,0,1,3,7,2,1,1,1,2,1,1,1,0
6,266,0,1,1,7,2,2,1,1,2,1,1,1,0
24,265,0,2,4,7,2,2,2,1,2,1,1,2,0
36,292,0,2,1,7,2,2,1,1,2,1,1,2,0
2,307,0,2,1,2,2,2,2,2,2,1,5,3,1
60,195,0,2,1,5,1,1,1,1,1,1,1,3,1
1,266,0,3,4,6,1,2,1,2,3,1,5,4,1
6,266,303,2,1,3,2,1,1,1,1,1,1,2,0
4,266,0,3,1,2,1,1,1,1,2,1,4,4,1
6,265,0,2,2,4,1,1,2,1,1,1,1,4,1
4,266,0,2,1,2,3,2,1,2,2,1,1,1,0
18,306,266,1,1,7,2,2,1,1,1,1,1,4,1
2,307,0,2,2,7,2,2,1,2,2,1,1,3,1
9,307,0,2,3,4,2,1,1,1,1,1,2,4,1
1,265,0,1,1,2,2,3,2,3,1,1,1,2,0
2,266,0,1,1,0,1,2,1,2,2,1,1,2,0
1,307,307,2,2,7,2,1,2,1,2,1,1,3,1
56,307,307,2,1,2,2,1,2,2,2,1,2,4,1
3,307,0,2,1,2,2,2,1,2,2,1,1,3,1
5,266,0,1,1,7,2,2,1,1,2,1,1,2,0
6,266,0,2,2,3,2,2,1,2,2,1,1,2,0
48,265,0,2,1,3,3,2,2,2,2,1,1,2,0
5,307,0,1,1,2,1,1,1,1,2,1,1,1,0
2,307,0,2,5,7,2,2,1,2,2,1,3,2,0
2,265,248,1,2,5,2,1,2,1,2,1,1,1,0
8,265,0,2,1,0,1,2,2,2,1,1,1,4,1
38,17,0,1,3,5,2,1,2,1,2,1,1,4,1
12,307,0,3,1,2,2,1,2,1,1,1,4,4,1
108,307,307,2,2,0,1,3,1,3,3,1,1,4,1
46,266,0,2,2,3,3,2,1,2,2,1,1,3,1
1,254,266,3,1,4,2,2,1,2,2,1,4,2,0
1,307,0,3,1,2,2,1,1,1,2,1,3,3,1
1,266,266,3,2,3,2,2,2,1,2,1,2,1,0
5,299,0,2,5,6,2,1,2,1,1,1,1,3,1
12,179,0,1,2,0,1,1,2,1,2,1,1,0,0
3,141,213,1,2,0,2,3,1,3,3,1,1,3,1
5,266,0,2,1,2,2,2,1,1,2,1,1,4,1
3,307,0,1,2,0,2,2,1,1,2,1,1,3,1
3,265,0,3,1,6,2,2,2,2,2,1,3,4,1
24,292,0,1,2,0,2,1,1,1,1,1,1,3,1
1,307,0,2,1,5,2,2,1,2,2,1,6,4,1
5,266,0,1,1,2,2,2,2,1,2,1,1,1,0
24,307,0,1,1,2,2,3,2,3,3,1,1,4,1
2,307,78,3,1,2,2,1,1,1,2,1,2,3,1
10,266,0,2,1,2,1,1,1,1,1,1,1,3,1
1,307,307,2,1,2,2,2,1,2,2,1,1,1,0
3,307,0,2,2,0,2,1,1,1,1,1,1,2,0
3,299,265,1,6,0,2,1,2,1,2,1,1,2,0
2,266,0,3,1,7,1,2,1,2,2,1,3,4,1
5,266,0,1,1,7,2,2,1,1,2,1,1,2,0
12,307,0,2,1,7,2,1,2,1,1,1,1,3,1
4,213,307,2,1,2,2,3,1,1,3,1,4,3,1
2,266,0,2,1,4,2,2,1,2,2,1,1,2,0
84,307,0,2,1,0,2,1,2,1,1,1,1,4,1
2,307,307,2,2,6,2,1,1,1,2,1,2,2,0
0,265,265,3,1,6,2,3,1,3,3,1,7,4,1
11,266,0,1,3,4,2,2,1,2,2,1,3,4,1
3,20,307,3,1,2,2,2,1,1,2,1,2,3,1
3,266,0,2,4,0,2,2,1,1,1,1,1,4,1
1,70,307,2,1,5,2,2,1,2,2,1,1,1,0
2,266,0,2,7,0,2,2,1,1,2,1,3,2,0
3,307,0,2,1,2,2,2,2,2,2,1,2,4,1
2,307,0,2,1,0,2,2,1,2,2,1,1,1,0
24,307,0,2,1,0,3,1,2,1,1,1,1,4,1
2,307,0,1,7,0,2,2,1,2,2,1,1,1,0
1,307,0,3,1,2,3,2,2,2,2,1,6,3,1
4,266,0,2,1,2,2,2,1,2,2,1,3,2,0
19,307,0,2,1,2,1,2,1,1,2,1,1,1,0
4,292,283,1,5,7,2,2,2,1,2,1,1,2,0
2,283,0,2,2,3,2,2,1,2,2,1,1,1,0
4,247,292,1,7,0,2,2,2,2,2,1,2,2,0
2,266,299,1,1,6,2,1,2,1,1,1,1,4,1
1,265,266,2,1,5,2,2,2,2,2,1,1,2,0
5,266,0,3,1,7,1,1,1,1,1,1,2,4,1
1,307,307,2,1,2,2,2,2,2,2,1,1,3,1
12,270,270,2,1,0,2,1,2,2,1,1,1,4,1
2,307,0,1,2,0,2,1,2,1,3,1,1,2,0
4,307,307,2,2,7,2,2,1,2,2,1,1,2,0
4,266,0,2,6,0,2,1,1,1,2,1,1,1,0
12,307,0,2,3,4,2,3,1,3,3,1,1,3,1
2,26,307,1,1,2,3,1,1,1,2,1,1,3,1
18,72,307,1,5,0,2,1,2,1,1,1,1,2,0
5,266,0,1,1,7,2,3,1,3,2,1,1,3,1
4,265,265,1,1,7,1,2,2,1,2,1,1,4,1
7,307,0,2,1,0,2,1,1,1,1,1,1,4,1
4,266,0,2,1,6,2,2,1,2,2,1,2,2,0
6,292,0,2,1,0,2,1,1,1,2,1,1,1,0
2,266,0,2,1,7,2,2,1,1,2,1,1,1,0
2,266,0,2,2,5,2,1,1,1,2,1,2,2,0
80,20,0,1,1,2,2,1,1,1,1,1,1,2,0
12,307,0,3,1,2,2,2,1,3,2,1,3,1,0
24,307,0,3,1,2,2,3,1,3,1,1,3,2,0
2,254,0,3,4,7,2,2,2,2,2,1,4,1,0
60,169,0,1,7,0,1,3,2,3,3,1,1,1,0
7,265,0,2,2,7,2,2,2,1,2,1,1,4,1
3,266,265,1,3,4,2,2,1,2,2,1,1,3,1
2,289,283,1,6,0,1,2,2,1,2,1,1,2,0
36,265,0,1,2,7,3,2,2,1,2,1,1,2,0
24,49,307,2,5,0,2,1,1,1,1,1,1,3,1
60,173,307,1,2,7,2,1,1,1,1,1,1,2,0
2,218,307,3,2,5,2,2,1,1,2,1,6,1,0
10,264,0,2,2,4,1,1,2,1,1,1,1,2,0
4,300,0,1,3,7,1,2,1,2,2,1,1,4,1
24,282,264,1,1,0,3,3,3,3,2,1,1,4,1
4,307,0,1,1,2,2,2,2,2,2,1,1,2,0
3,307,0,2,2,0,2,2,1,2,2,1,1,2,0
4,292,266,1,2,5,1,2,2,2,2,1,1,1,0
3,266,303,2,1,2,2,2,2,2,2,1,1,2,0
18,266,0,2,6,7,2,2,1,2,2,1,1,4,1
8,243,0,2,1,6,2,1,1,1,1,1,3,4,1
2,307,0,2,2,0,2,1,1,1,2,1,1,3,1
3,307,0,1,2,7,3,3,2,3,2,1,1,3,1
2,307,0,2,1,2,2,1,2,1,2,1,1,3,1
3,307,119,1,5,7,2,2,2,2,2,1,1,1,0
2,307,0,2,2,4,2,2,2,1,3,1,3,2,0
9,266,0,3,1,5,2,1,1,1,1,1,2,4,1
9,307,0,1,1,0,2,3,2,3,1,1,1,3,1
1,266,0,1,4,7,2,2,1,1,2,1,1,2,0
12,307,0,2,2,0,1,1,1,1,2,1,1,4,1
108,179,0,2,5,0,1,1,3,1,2,1,1,2,0
2,265,0,1,1,5,2,2,2,1,2,1,1,3,1
9,307,0,1,2,7,2,1,1,1,2,1,1,3,1
1,265,0,2,1,2,2,2,2,2,2,1,1,4,1
1,307,0,3,1,2,2,1,1,1,1,1,2,3,1
12,307,213,1,2,5,2,3,2,3,3,1,1,2,0
4,307,0,2,2,0,2,1,1,1,1,1,1,4,1
4,265,0,1,7,0,2,3,2,3,3,1,2,2,0
1,283,0,2,2,3,2,1,1,1,2,1,1,3,1
12,111,0,2,1,0,4,1,1,1,1,1,1,1,0
2,307,0,2,1,7,2,2,1,2,2,1,1,3,1
36,307,0,2,1,2,2,2,1,2,1,1,1,4,1
1,307,0,2,5,7,2,2,2,2,2,1,1,2,0
6,205,182,1,1,2,1,3,3,1,2,1,1,3,1
1,277,0,2,1,2,2,2,1,2,2,1,1,2,0
2,307,307,3,1,2,2,2,1,1,2,1,2,2,0
2,307,218,1,2,7,2,2,1,1,2,1,1,4,1
5,299,243,2,1,6,2,3,1,3,2,1,1,2,0
36,266,0,1,1,2,3,1,1,1,1,1,1,4,1
6,266,0,2,1,7,2,1,1,1,1,1,1,2,0
4,285,265,3,1,3,2,1,2,1,2,1,4,2,0
8,152,0,1,2,0,1,1,1,1,1,1,1,2,0
1,307,307,2,2,3,1,2,1,1,2,1,1,4,1
4,307,0,3,1,5,2,2,2,2,2,1,2,2,0
1,307,0,2,5,0,2,2,1,2,2,1,1,1,0
2,307,307,1,1,2,2,1,2,1,2,1,1,2,0
1,266,0,3,1,4,1,2,1,2,2,1,5,2,0
36,266,0,1,3,7,2,1,1,1,1,1,1,4,1
2,307,0,2,2,3,2,1,2,1,2,1,1,4,1
24,19,0,2,2,5,2,3,1,1,3,1,1,1,0
1,299,0,3,1,2,1,2,2,2,2,1,5,2,0
1,299,0,2,1,2,2,2,1,1,2,1,1,1,0
7,264,285,2,1,6,2,3,3,3,3,1,1,4,1
17,205,0,1,7,0,2,1,1,1,2,1,1,4,1
3,283,0,2,7,0,2,3,1,3,3,1,1,1,0
12,265,0,1,1,2,3,1,2,1,1,1,1,0,0
1,265,0,1,1,0,2,2,2,2,2,1,1,1,0
24,307,307,2,2,7,2,1,2,1,1,1,1,3,1
2,307,0,2,1,2,2,1,2,1,2,1,1,1,0
3,266,0,1,1,3,1,1,1,1,2,1,2,3,1
1,299,266,1,1,6,2,2,1,1,2,1,1,1,0
1,307,141,2,1,7,2,3,1,3,3,1,1,1,0
1,303,0,2,1,6,2,2,1,2,2,1,1,3,1
48,152,0,2,1,2,1,3,2,2,3,1,1,4,1
2,266,0,1,6,7,2,2,1,2,2,1,1,2,0
15,307,0,2,4,7,2,2,1,2,1,1,1,4,1
36,141,0,1,5,0,2,2,2,1,2,1,1,4,1
1,266,265,3,1,6,1,2,2,2,2,1,2,4,1
5,243,266,2,3,0,2,1,1,1,3,1,1,1,0
6,264,0,1,1,0,2,2,2,1,2,1,1,3,1
3,266,0,1,1,0,1,2,1,1,2,1,1,1,0
1,307,0,2,1,2,2,2,1,2,2,1,3,1,0
2,266,0,1,1,2,1,2,1,2,2,1,1,4,1
3,257,295,1,2,3,1,3,1,3,3,1,1,4,1
4,307,0,2,2,0,3,3,2,3,2,1,1,4,1
3,307,0,2,2,0,2,1,1,1,2,1,1,4,1
24,265,0,1,5,7,2,2,2,1,1,1,1,3,1
3,307,0,1,1,2,1,3,1,3,3,1,1,4,1
36,266,0,2,4,0,3,1,1,1,2,1,1,4,1
6,266,0,2,2,6,1,2,1,2,2,1,1,4,1
4,307,0,1,1,2,2,2,2,1,2,1,1,2,0
1,307,0,1,2,0,3,2,1,2,2,1,1,1,0
12,307,0,1,5,0,2,2,1,1,1,1,1,2,0
2,266,299,2,6,7,1,2,1,1,2,1,1,2,0
4,265,266,1,4,7,1,2,2,1,2,1,2,3,1
2,296,266,2,1,7,2,2,1,1,2,1,1,2,0
5,307,0,3,1,0,2,1,1,1,1,1,3,4,1
6,285,265,1,1,7,3,2,2,1,2,1,1,3,1
1,307,0,2,2,0,2,2,1,2,2,1,1,4,1
3,307,0,2,2,0,2,1,1,1,1,1,1,4,1
5,266,0,1,1,7,2,1,1,1,2,1,2,2,0
24,195,179,2,6,7,1,1,2,1,2,1,1,3,1
2,266,0,1,1,7,2,2,1,1,2,1,1,2,0
3,307,0,2,1,0,2,2,1,1,2,1,1,2,0
92,276,0,2,1,2,2,1,3,2,1,1,1,2,0
1,307,307,1,2,3,2,2,2,2,2,1,1,2,0
1,266,0,3,1,3,1,2,1,1,2,1,5,4,1
2,307,307,1,1,2,2,2,1,2,2,1,8,2,0
2,266,0,3,1,6,2,3,2,3,3,1,9,4,1
12,266,0,1,1,0,2,2,1,1,2,1,1,3,1
4,307,0,1,2,5,2,1,1,1,1,1,1,4,1
24,307,307,2,4,0,3,3,2,3,3,1,1,3,1
3,307,307,3,2,5,2,1,1,1,3,1,4,2,0
8,307,119,1,1,2,2,1,2,1,1,1,1,4,1
4,266,0,1,1,7,2,2,1,1,2,1,1,1,0
11,243,265,2,1,6,2,3,2,3,2,1,1,4,1
7,292,0,1,3,0,2,1,1,1,3,1,1,4,1
6,266,0,2,1,6,2,2,1,1,1,1,1,2,0
2,307,0,1,2,0,2,2,2,2,2,1,1,1,0
2,265,266,2,6,0,1,2,2,2,1,1,1,0,0
36,26,307,2,1,2,3,3,2,3,3,1,1,1,0
1,307,0,3,1,2,2,2,1,2,2,1,7,2,0
5,307,307,2,2,5,2,1,1,1,1,1,1,4,1
10,299,0,1,4,7,2,1,1,1,1,1,1,4,1
6,307,307,1,1,2,3,1,1,1,2,1,1,3,1
2,307,307,1,1,0,2,1,1,1,2,1,1,3,1
24,243,0,2,6,7,3,3,2,3,3,1,1,4,1
2,265,0,1,1,6,1,2,2,1,3,1,1,1,0
2,266,0,1,1,2,2,2,1,2,2,1,1,2,0
2,266,268,1,1,6,1,2,2,1,2,1,1,0,0
1,266,0,1,4,0,1,2,1,1,2,1,1,4,1
0,266,0,2,1,0,1,2,1,2,2,1,1,2,0
24,307,206,2,1,2,2,3,2,3,3,1,1,2,0
60,307,103,1,1,2,1,3,1,3,1,1,1,3,1
12,307,0,2,3,4,2,3,1,3,3,1,7,4,1
1,307,0,2,1,2,2,2,1,1,2,1,1,1,0
7,266,0,1,7,0,1,1,1,1,1,1,1,4,1
36,195,0,1,6,7,1,3,1,3,2,1,1,1,0
1,266,0,2,4,6,2,2,2,2,2,1,1,3,1
3,264,265,1,1,2,2,1,2,1,2,1,2,4,1
1,307,0,2,1,2,2,2,2,2,2,1,1,2,0
9,285,265,1,1,6,3,1,3,1,1,1,1,0,0
2,307,20,1,1,2,2,2,1,1,2,1,1,2,0
2,266,0,3,1,0,2,2,1,2,2,1,2,3,1
36,213,0,2,3,0,1,1,1,1,1,1,1,2,0
48,307,307,2,1,5,2,1,2,1,1,1,1,0,0
2,307,0,1,2,3,2,2,2,1,2,1,1,3,1
1,266,292,3,1,6,1,2,1,2,2,1,3,3,1
2,141,218,1,1,2,2,1,1,1,2,1,1,3,1
2,307,0,2,1,2,2,2,1,1,2,1,1,1,0
1,265,266,2,1,2,1,2,1,2,2,1,1,1,0
24,307,0,1,5,7,2,1,1,1,2,1,1,4,1
5,307,0,2,3,5,2,1,1,1,2,1,1,2,0
12,266,0,1,3,0,2,1,1,1,2,1,1,4,1
4,266,0,1,1,7,1,2,1,1,2,1,1,1,0
15,265,0,2,3,7,2,1,2,3,3,1,1,3,1
2,266,285,1,3,4,1,2,2,2,2,1,1,2,0
60,179,0,1,1,6,1,1,1,2,2,1,1,2,0
1,307,307,3,1,2,1,2,1,2,2,1,4,1,0
36,265,0,2,6,7,2,1,2,1,1,1,1,1,0
4,307,0,1,4,0,2,3,2,1,2,1,1,2,0
5,292,0,1,7,0,2,2,1,2,2,1,1,3,1
26,307,0,2,2,7,2,1,1,1,1,1,1,4,1
12,189,307,1,1,2,3,3,1,3,1,1,1,3,1
2,307,0,2,2,0,2,1,1,1,2,1,1,4,1
10,307,307,1,2,7,3,3,1,3,1,1,1,2,0
48,307,307,2,7,0,3,1,1,1,1,1,1,4,1
2,266,0,1,1,7,1,3,1,3,3,1,1,0,0
6,266,0,2,1,2,2,2,1,1,2,1,1,4,1
2,307,307,2,2,0,2,2,2,1,2,1,1,2,0
2,307,0,2,1,3,2,1,2,1,2,1,1,1,0
2,265,0,1,1,6,2,2,2,2,2,1,4,2,0
6,307,0,1,1,0,2,1,2,1,2,1,1,3,1
7,307,0,2,2,5,1,2,1,1,2,1,1,4,1
1,307,0,1,2,5,2,2,2,1,2,1,5,4,1
2,265,0,1,6,7,2,2,2,2,2,1,1,1,0
3,307,0,2,1,7,2,1,1,1,2,1,2,3,1
0,266,0,3,1,4,1,2,1,2,2,1,6,3,1
8,264,306,1,1,7,2,1,3,1,1,1,1,2,0
9,307,0,1,2,0,2,1,2,1,1,1,1,4,1
4,0,307,2,2,3,2,1,1,1,2,1,1,4,1
8,266,0,2,1,7,2,1,1,1,2,1,1,3,1
5,218,307,2,1,7,1,1,1,1,2,1,1,3,1
2,307,0,1,7,0,2,1,1,2,2,1,1,2,0
2,266,0,2,1,4,1,1,1,1,2,1,1,1,0
53,182,0,2,1,5,2,1,1,1,1,1,1,0,0
0,265,0,1,1,7,2,2,2,2,2,1,1,0,0
3,266,0,1,3,0,2,1,1,1,2,1,1,2,0
5,266,0,3,1,2,1,3,1,3,3,1,3,4,1
2,307,0,2,2,4,2,3,1,3,3,1,2,4,1
48,307,0,2,2,5,2,2,1,2,1,1,1,4,1
10,266,0,1,3,0,2,1,1,1,2,1,1,1,0
1,292,0,1,5,0,2,2,1,2,2,1,2,1,0
1,266,0,2,1,0,3,2,1,1,2,1,2,2,0
4,266,0,1,1,2,2,2,1,2,2,1,1,4,1
108,152,0,1,1,2,1,1,1,1,2,1,1,2,0
18,243,0,2,1,2,2,3,2,3,3,1,1,4,1
1,265,0,1,3,5,2,2,2,1,2,1,1,1,0
1,307,0,1,1,0,1,2,1,2,2,1,1,1,0
2,266,0,1,6,7,2,1,1,1,2,1,1,3,1
1,265,0,2,1,7,2,2,2,2,2,1,1,1,0
2,307,0,1,1,5,2,2,1,1,2,1,1,3,1
6,292,0,2,1,2,1,3,1,3,3,1,1,4,1
1,307,0,2,2,0,2,2,1,1,2,1,1,3,1
36,207,60,1,2,0,1,1,3,1,2,1,1,0,0
108,60,0,2,1,4,1,1,1,1,2,1,1,2,0
3,141,307,2,7,0,2,3,2,3,3,1,1,2,0
12,307,0,3,1,2,2,3,1,3,3,1,3,4,1
3,266,0,3,1,0,1,2,1,1,2,1,2,3,1
3,307,141,1,2,7,2,3,1,3,2,1,1,2,0
3,266,266,2,6,0,2,1,1,1,2,1,1,2,0
39,307,0,2,2,0,2,1,1,1,3,1,1,3,1
12,266,0,2,1,2,1,2,1,1,1,1,1,4,1
6,307,0,2,2,0,1,1,1,1,2,1,1,4,1
2,307,0,3,1,2,2,2,2,2,2,1,3,3,1
2,266,0,2,1,2,2,2,1,1,2,1,1,3,1
22,178,205,1,1,3,1,1,2,1,2,1,1,2,0
9,266,0,2,1,0,2,1,1,1,2,1,1,2,0
4,307,0,2,1,0,2,1,1,1,3,1,1,4,1
1,299,0,2,1,3,2,2,1,1,2,1,1,0,0
2,307,103,1,2,5,2,1,1,1,2,1,3,4,1
5,128,76,2,1,2,2,3,1,3,2,1,1,1,0
12,307,0,1,1,0,2,2,1,1,1,1,1,3,1
12,266,0,2,1,0,2,2,2,2,2,1,1,4,1
60,292,265,1,1,5,3,1,2,1,1,1,1,4,1
24,218,0,2,7,0,2,3,3,3,1,1,1,4,1
2,307,0,2,2,3,1,2,1,2,2,1,1,1,0
2,266,0,2,1,2,2,2,1,2,2,1,2,0,0
7,307,0,2,2,7,2,1,1,1,1,1,1,3,1
5,265,274,1,1,7,2,2,2,1,2,1,1,3,1
1,307,0,3,1,2,2,2,2,2,2,1,3,3,1
36,152,152,3,2,0,1,1,1,1,1,1,2,3,1
30,302,266,2,2,3,2,1,1,1,1,1,1,2,0
12,266,0,2,1,4,2,3,1,3,3,1,1,4,1
1,307,0,1,1,7,2,2,2,2,3,1,1,3,1
1,307,0,1,1,0,2,3,1,3,2,1,1,2,0
3,307,307,2,7,0,1,3,1,3,3,1,1,4,1
4,306,0,2,1,7,3,1,2,1,2,1,1,3,1
3,266,0,2,1,3,2,1,1,1,2,1,2,3,1
2,266,0,3,3,6,1,2,1,2,2,1,2,1,0
36,218,307,2,2,7,2,2,2,1,1,1,1,4,1
2,265,0,2,1,7,1,2,2,1,2,1,1,1,0
2,266,0,3,7,0,1,2,1,2,2,1,3,1,0
9,265,265,3,1,4,2,2,2,3,3,1,2,4,1
2,307,0,2,2,0,2,2,1,2,2,1,1,4,1
5,294,0,2,1,6,1,1,1,1,1,1,1,4,1
0,307,0,3,1,6,2,2,1,2,2,1,5,2,0
4,307,0,2,2,7,2,1,1,1,1,1,1,4,1
2,307,0,1,2,0,2,2,1,2,2,1,1,2,0
3,266,0,3,1,2,2,2,1,2,2,1,4,4,1
24,307,213,2,1,2,2,1,2,1,3,1,1,4,1
3,307,0,1,2,3,2,1,1,1,3,1,1,4,1
24,296,0,1,2,0,2,3,2,1,2,1,1,4,1
54,109,0,1,3,0,3,1,2,1,2,1,1,2,0
24,307,0,1,1,2,2,2,1,2,2,1,1,4,1
1,307,0,2,1,2,2,3,1,3,3,1,1,3,1
24,307,307,3,1,2,2,1,2,1,1,1,3,4,1
2,307,0,1,1,2,2,2,1,1,2,1,4,3,1
9,307,0,1,3,5,2,2,2,2,2,1,1,2,0
4,266,0,2,2,4,2,3,1,3,3,1,1,4,1
2,251,268,1,1,0,1,2,2,2,2,1,1,4,1
3,266,0,1,1,7,2,1,1,1,2,1,1,3,1
4,152,307,1,5,0,1,2,1,2,2,1,1,2,0
24,299,0,2,2,0,1,1,1,1,1,1,1,4,1
1,307,0,3,1,2,2,2,1,2,2,1,5,3,1
60,195,195,2,1,7,1,1,2,1,2,1,1,0,0
2,307,0,1,6,7,1,1,1,1,2,1,1,3,1
29,266,0,2,6,0,2,1,1,1,1,1,1,2,0
3,303,266,2,1,4,1,2,1,2,2,1,1,3,1
12,266,276,1,1,2,3,3,1,1,2,1,1,3,1
5,266,0,1,1,7,2,2,1,1,2,1,1,2,0
3,307,307,2,1,7,2,1,2,1,2,1,1,2,0
2,307,0,1,1,2,2,3,1,3,2,1,1,3,1
3,265,0,1,3,0,2,1,2,1,3,1,1,4,1
1,266,0,1,2,6,2,2,1,2,2,1,2,2,0
3,307,0,2,2,3,2,1,2,1,2,1,1,3,1
9,182,0,2,1,5,2,1,1,1,2,1,1,2,0
36,274,264,2,1,7,2,1,2,1,2,1,1,4,1
2,247,265,2,6,7,1,2,1,2,2,1,1,1,0
2,247,266,1,1,7,3,2,1,1,2,1,1,3,1
1,241,305,2,1,7,1,1,1,1,2,1,1,3,1
2,266,0,2,1,2,2,2,1,1,2,1,1,2,0
36,205,0,2,5,7,1,3,2,3,3,1,1,1,0
2,266,0,3,1,6,2,2,1,2,2,1,5,3,1
1,265,0,2,1,6,2,2,2,2,2,1,1,1,0
1,307,307,1,2,0,2,2,2,1,2,1,1,2,0
48,207,307,2,1,5,2,1,2,1,1,1,1,1,0
60,179,0,2,5,0,2,1,2,1,1,1,1,4,1
3,307,0,1,2,0,2,1,1,1,2,1,1,2,0
9,266,0,2,6,0,2,2,1,1,2,1,1,4,1
3,307,141,3,1,2,2,1,1,1,3,1,3,4,1
22,109,0,2,2,7,2,1,1,1,2,1,1,3,1
2,307,0,2,2,0,2,1,1,1,2,1,1,0,0
3,307,0,3,1,2,2,3,1,3,3,1,7,4,1
2,265,0,3,1,3,1,2,2,2,2,1,4,3,1
4,266,0,3,3,6,2,2,1,1,2,1,3,3,1
24,307,218,1,2,0,2,3,2,1,2,1,1,3,1
4,306,266,1,1,7,1,3,1,1,2,1,1,1,0
6,250,0,1,1,0,2,2,2,2,2,1,1,2,0
3,266,0,3,1,5,1,1,1,1,2,1,4,4,1
2,307,307,2,1,2,2,2,2,1,2,1,1,3,1
5,266,266,3,1,3,2,2,1,2,2,1,3,3,1
2,265,0,2,5,0,2,2,2,2,2,1,1,2,0
4,295,0,3,5,7,2,2,1,2,2,1,4,2,0
3,266,0,1,3,7,2,2,1,2,2,1,1,1,0
1,307,0,1,2,0,2,2,1,1,2,1,1,2,0
60,307,0,2,2,0,2,1,1,1,1,1,1,4,1
5,307,0,2,2,0,2,1,1,1,2,1,1,3,1
8,307,0,2,6,0,2,1,1,1,1,1,1,4,1
3,266,0,3,1,2,2,2,2,2,2,1,4,4,1
12,266,0,2,6,0,2,1,1,1,1,1,1,4,1
2,266,0,1,1,7,1,2,1,2,2,1,1,3,1
1,307,0,3,1,2,2,2,1,2,2,1,7,1,0
2,265,0,3,1,5,2,2,2,2,2,1,2,1,0
3,266,0,2,2,0,1,1,1,1,1,1,1,2,0
6,265,0,1,3,7,3,2,2,2,1,1,2,3,1
9,307,0,1,2,3,2,1,2,3,2,1,1,2,0
3,307,0,2,1,2,2,1,1,1,2,1,1,2,0
12,307,0,1,2,0,2,1,1,1,1,1,1,4,1
10,128,0,1,7,0,2,1,2,1,2,1,1,4,1
24,218,218,1,7,0,2,1,3,1,1,1,1,2,0
2,307,0,2,2,0,2,2,1,2,2,1,1,2,0
3,239,307,2,2,0,2,3,1,3,2,1,1,3,1
8,247,0,1,3,0,2,3,2,3,3,1,1,1,0
3,307,0,2,1,2,1,1,1,1,2,1,1,3,1
2,266,0,1,2,7,2,1,2,1,2,1,1,0,0
36,179,0,1,3,0,1,1,2,1,1,1,1,2,0
36,307,0,1,1,2,2,1,1,1,2,1,1,4,1
2,266,0,1,1,7,2,2,1,1,2,1,1,2,0
2,307,0,1,2,5,2,1,1,1,3,1,1,1,0
1,266,0,1,1,6,2,2,1,2,2,1,1,1,0
3,266,0,2,1,7,1,2,1,2,2,1,1,2,0
5,307,218,1,5,0,2,1,1,1,1,1,1,4,1
24,205,0,2,2,5,2,3,2,3,3,1,1,0,0
2,299,0,1,4,6,2,2,2,1,2,1,2,4,1
24,266,266,2,6,7,3,1,1,1,1,1,1,4,1
4,303,0,2,1,4,2,2,1,2,2,1,1,4,1
1,266,0,2,1,2,1,2,1,2,2,1,1,3,1
2,307,0,2,1,2,2,1,1,1,1,1,1,3,1
2,299,0,1,1,7,2,2,1,2,2,1,1,1,0
2,307,0,2,7,0,2,3,2,3,2,1,1,4,1
3,307,0,1,1,7,2,3,1,3,3,1,1,2,0
2,266,0,2,1,6,2,2,1,1,2,1,1,1,0
2,266,0,1,1,7,1,2,1,3,2,1,1,1,0
24,266,0,2,6,0,2,1,2,1,1,1,1,4,1
9,103,307,2,2,0,2,1,1,1,2,1,1,2,0
1,241,0,2,7,0,2,2,2,2,2,1,1,1,0
48,307,0,1,1,2,2,2,1,3,2,1,1,3,1
2,266,0,1,1,7,2,2,1,2,2,1,1,2,0
2,299,306,3,1,4,1,2,1,2,2,1,4,3,1
2,307,307,2,5,0,2,1,1,1,2,1,1,4,1
3,141,307,2,2,0,2,1,1,1,2,1,1,3,1
3,266,0,1,2,3,2,2,1,2,2,1,1,2,0
1,266,0,2,1,7,2,2,1,1,2,1,1,2,0
1,307,0,3,1,2,2,2,1,2,2,1,6,2,0
4,266,266,1,2,7,1,3,1,3,3,1,1,1,0
3,266,0,3,1,5,1,2,1,2,2,1,3,4,1
4,307,307,2,2,0,2,1,1,1,2,1,1,3,1
4,307,141,1,5,7,3,1,1,1,2,1,1,3,1
1,307,0,2,1,2,2,3,1,1,2,1,2,1,0
4,173,76,1,1,2,2,2,1,2,2,1,1,4,1
6,266,0,1,1,2,2,1,1,1,1,1,1,4,1
1,266,0,1,1,6,2,2,1,2,2,1,1,1,0
1,307,0,1,2,0,2,2,1,2,2,1,1,2,0
4,246,252,2,2,6,1,2,1,2,2,1,3,4,1
2,265,0,3,1,6,2,3,2,3,2,1,2,2,0
5,141,0,2,1,0,2,1,1,1,2,1,1,2,0
3,266,0,2,1,7,2,1,1,1,2,1,1,3,1
6,109,307,1,2,0,2,3,2,3,3,1,1,4,1
2,266,0,3,1,4,2,2,1,1,2,1,2,3,1
4,206,103,1,1,7,3,1,2,1,2,1,1,1,0
5,264,0,1,1,7,2,2,2,1,2,1,5,4,1
1,307,0,2,1,2,2,2,1,2,2,1,1,1,0
1,265,265,2,1,2,2,2,2,2,2,1,2,4,1
5,266,0,1,4,7,1,1,1,1,3,1,1,1,0
2,307,0,2,2,7,2,3,2,3,2,1,1,3,1
2,307,0,1,1,2,2,3,1,3,2,1,1,2,0
2,307,0,1,1,7,2,1,1,1,2,1,1,2,0
48,205,0,1,7,0,1,1,2,1,1,1,1,1,0
1,266,0,3,1,4,2,2,1,2,2,1,4,2,0
24,307,128,2,5,7,2,1,2,1,1,1,1,2,0
2,307,0,2,1,7,3,2,1,1,2,1,1,2,0
6,129,0,2,2,7,1,1,1,1,2,1,1,1,0
1,283,0,1,3,7,1,2,1,2,2,1,1,2,0
2,307,0,2,7,0,2,2,1,2,2,1,1,3,1
7,266,0,1,6,0,2,1,1,1,1,1,1,2,0
8,265,0,2,1,7,2,3,2,3,3,1,1,4,1
3,307,0,2,2,5,2,3,2,3,3,1,1,4,1
72,307,0,2,4,5,2,1,2,1,1,1,1,3,1
2,218,307,2,3,0,2,1,1,1,2,1,1,2,0
2,266,0,2,3,4,2,3,2,3,3,1,1,2,0
38,266,0,2,1,3,3,1,1,1,3,1,1,4,1
84,307,0,2,2,0,2,1,1,1,1,1,1,3,1
3,307,0,2,2,5,2,1,1,1,2,1,1,1,0
0,299,0,1,5,6,2,2,2,2,2,1,1,2,0
3,109,307,1,2,0,3,3,2,3,2,1,1,1,0
12,299,0,1,3,5,2,2,1,1,1,1,1,2,0
2,264,264,2,1,2,3,2,3,1,3,1,1,1,0
7,307,0,2,7,0,2,3,1,3,1,1,1,3,1
2,249,299,3,1,6,1,2,1,2,2,1,5,2,0
3,307,0,2,1,0,2,2,1,2,2,1,1,1,0
78,307,0,1,2,0,3,1,1,1,3,1,1,4,1
7,25,25,2,2,0,3,1,2,1,2,1,1,1,0
7,307,0,2,7,0,2,1,2,1,1,1,1,1,0
60,205,0,2,1,7,1,3,2,1,2,1,1,2,0
72,307,0,1,3,0,2,1,2,1,1,1,1,4,1
2,292,0,2,1,7,2,2,1,1,2,1,1,1,0
2,251,0,1,1,2,1,1,1,1,2,1,2,1,0
3,265,0,1,1,7,3,2,2,2,2,1,1,2,0
48,76,0,1,1,7,2,1,1,1,1,1,1,4,1
1,307,307,3,1,2,1,2,1,2,3,1,2,4,1
2,307,0,2,1,0,2,1,1,1,1,1,1,4,1
0,241,0,3,1,3,1,2,2,3,3,1,3,2,0
6,306,266,2,1,7,2,1,1,1,2,1,1,4,1
36,307,0,1,5,7,3,1,2,3,3,1,1,4,1
3,307,0,2,2,7,2,1,1,1,2,1,1,3,1
36,292,0,2,5,6,3,2,2,2,1,1,1,1,0
1,265,0,1,3,0,2,2,2,1,2,1,1,1,0
1,266,0,2,1,6,1,2,1,1,2,1,1,2,0
30,76,307,1,1,7,2,1,1,1,1,1,1,3,1
3,264,0,1,6,7,2,1,3,1,2,1,1,2,0
3,266,0,1,1,7,1,2,1,1,1,1,1,3,1
73,189,0,1,1,2,3,1,2,1,2,1,1,2,0
60,307,0,2,2,0,2,1,2,1,3,1,1,4,1
1,141,307,2,2,0,2,1,2,1,2,1,1,3,1
1,265,0,1,1,0,2,2,2,2,2,1,1,1,0
4,299,0,3,1,3,2,1,2,1,1,1,3,2,0
36,103,0,2,1,2,3,1,2,1,1,1,1,1,0
3,307,0,2,2,0,2,1,2,1,2,1,1,3,1
2,307,0,2,6,7,2,2,1,2,2,1,1,2,0
8,265,0,2,2,0,2,2,2,2,2,1,1,4,1
1,307,0,2,2,5,3,3,1,1,3,1,1,2,0
2,189,307,1,1,5,3,2,2,2,2,1,2,3,1
9,307,0,2,1,2,2,1,2,1,2,1,2,4,1
2,307,10,1,2,7,2,1,1,1,2,1,1,3,1
60,205,0,1,2,7,2,1,2,1,2,1,1,1,0
1,285,265,3,1,6,2,2,1,2,2,1,5,2,0
60,213,0,1,7,0,2,2,2,2,2,1,1,1,0
3,307,307,3,1,2,2,2,2,2,2,1,7,3,1
2,265,0,3,1,3,1,2,2,2,2,1,3,3,1
36,307,0,1,2,0,2,1,1,1,1,1,1,4,1
12,179,0,1,5,7,2,3,1,3,3,1,1,1,0
17,307,0,2,7,0,2,2,2,1,2,1,1,4,1
2,266,0,2,1,2,1,1,2,1,3,1,1,4,1
1,307,0,2,2,0,2,2,1,2,2,1,1,2,0
6,266,0,1,1,2,1,1,1,1,1,1,1,3,1
2,266,0,3,1,4,1,2,1,2,2,1,3,2,0
12,307,0,1,1,0,2,2,1,2,2,1,1,1,0
2,307,0,2,1,2,2,3,1,3,2,1,1,1,0
2,307,0,3,1,2,2,1,2,1,3,1,3,0,0
87,205,0,2,2,7,1,3,3,3,3,1,1,1,0
12,307,0,2,1,2,3,1,1,1,1,1,1,4,1
5,265,0,2,4,6,1,3,2,3,3,1,1,4,1
1,307,307,2,2,0,2,2,2,1,2,1,1,2,0
3,285,292,1,2,7,1,2,2,2,2,1,1,1,0
3,307,0,2,1,0,1,3,2,3,2,1,1,2,0
24,307,0,2,2,0,3,3,2,3,3,1,1,4,1
48,103,0,1,1,2,3,1,2,1,2,1,1,2,0
1,266,0,2,2,0,1,2,1,1,2,1,6,2,0
3,265,0,1,1,7,2,2,2,2,2,1,1,1,0
3,307,0,1,2,7,2,1,1,1,3,1,1,2,0
3,265,0,3,1,6,2,2,2,2,2,1,2,1,0
34,285,0,2,5,6,1,3,2,3,3,1,1,2,0
10,306,254,3,1,3,2,1,1,1,1,1,2,3,1
36,128,307,2,2,7,2,1,1,1,1,1,1,4,1
2,307,0,2,2,0,2,1,1,1,2,1,1,1,0
29,218,307,1,5,0,2,1,1,1,1,1,1,3,1
3,264,265,1,1,0,1,2,2,2,2,1,1,2,0
3,266,0,1,2,7,1,1,1,1,2,1,1,1,0
4,307,0,1,1,7,2,2,1,2,2,1,2,4,1
1,299,0,3,5,6,1,2,1,1,2,1,3,4,1
2,266,0,2,1,5,1,2,1,1,2,1,1,2,0
3,307,0,1,1,7,2,1,1,1,2,1,1,3,1
48,307,0,2,7,0,3,1,2,1,1,1,1,4,1
2,307,0,1,1,2,1,2,1,2,2,1,1,4,1
1,307,0,2,2,0,2,1,1,1,1,1,1,2,0
24,141,307,1,2,5,3,2,1,2,2,1,3,3,1
3,265,0,3,1,3,1,2,2,2,2,1,4,2,0
4,265,0,1,1,7,1,3,2,1,2,1,1,4,1
1,285,264,1,1,7,3,2,3,2,2,1,1,2,0
4,307,0,3,1,2,2,2,2,2,2,1,9,4,1
12,307,152,1,3,0,1,1,1,1,1,1,1,4,1
37,307,0,2,2,3,2,1,1,1,1,1,1,4,1
12,169,0,2,2,7,1,1,3,1,1,1,1,2,0
12,307,0,2,1,2,2,1,1,1,1,1,1,4,1
3,266,0,2,4,7,2,2,1,1,2,1,1,4,1
8,266,0,1,1,7,2,1,1,1,2,1,1,1,0
2,299,0,2,2,3,2,2,1,1,2,1,1,1,0
3,307,0,1,2,0,3,2,1,2,2,1,1,2,0
3,265,0,3,1,0,2,2,2,2,2,1,3,3,1
2,265,265,2,2,0,1,2,3,2,2,1,1,0,0
48,307,0,1,2,7,2,1,2,1,1,1,1,4,1
4,266,0,2,1,4,1,1,1,1,2,1,1,3,1
2,266,0,2,1,2,1,2,1,1,2,1,1,1,0
3,266,266,2,1,4,2,2,1,2,2,1,2,2,0
4,266,0,1,7,0,2,2,1,2,2,1,1,1,0
24,264,249,2,3,5,2,2,3,2,1,1,1,4,1
84,109,0,2,3,0,3,1,3,1,2,1,1,2,0
12,83,0,2,3,0,2,1,2,1,3,1,1,1,0
2,265,0,3,1,6,1,2,2,2,2,1,7,2,0
1,265,0,3,1,6,2,2,2,2,2,1,3,2,0
8,283,0,2,1,2,2,2,2,2,2,1,1,2,0
4,265,0,2,1,7,2,1,2,1,2,1,1,3,1
2,266,0,3,1,3,1,2,1,2,2,1,5,4,1
2,307,307,1,2,0,2,1,2,1,2,1,1,2,0
5,117,0,2,5,7,2,1,1,1,2,1,1,1,0
11,76,307,2,1,2,2,1,2,3,1,1,2,4,1
12,307,152,1,1,3,2,1,2,1,2,1,1,4,1
12,307,0,1,1,2,2,1,2,1,2,1,1,4,1
1,307,0,1,2,0,2,2,1,2,2,1,1,2,0
0,266,0,1,1,0,1,2,1,2,2,1,1,2,0
1,307,0,2,1,0,2,2,2,2,2,1,1,2,0
48,179,0,1,5,7,1,1,2,1,1,1,1,2,0
2,266,0,2,1,5,1,2,1,1,2,1,1,3,1
2,266,0,3,4,7,2,2,1,2,2,1,4,1,0
2,307,307,1,7,0,2,2,2,2,2,1,1,1,0
1,266,0,2,2,5,2,2,1,2,2,1,1,3,1
7,307,307,2,2,7,2,1,1,1,2,1,1,4,1
2,307,0,2,1,2,2,2,1,2,2,1,1,4,1
3,307,0,3,5,0,2,2,1,2,2,1,5,4,1
3,307,0,2,2,0,2,1,2,1,2,1,1,3,1
6,266,0,2,6,0,2,2,1,1,2,1,1,3,1
24,307,0,1,2,0,2,1,2,1,3,1,1,4,1
2,307,0,2,2,7,2,3,1,3,3,1,1,2,0
3,266,0,2,1,4,2,2,1,2,2,1,3,2,0
2,303,266,2,1,3,1,2,1,1,2,1,1,1,0
1,307,0,3,1,2,2,2,1,2,3,1,7,4,1
9,78,307,2,1,2,2,1,1,1,1,1,1,3,1
4,249,0,1,1,6,2,1,2,1,2,1,1,2,0
24,266,0,2,1,2,2,2,1,1,1,1,1,4,1
48,307,0,2,3,0,2,1,3,1,1,1,1,2,0
5,265,0,1,1,3,1,2,2,3,2,1,1,2,0
36,266,0,1,6,7,2,1,1,1,1,1,2,2,0
1,307,0,1,1,0,2,2,1,2,2,1,1,2,0
4,307,0,1,2,0,3,1,2,1,2,1,1,2,0
1,307,0,1,2,0,2,2,1,2,2,1,1,2,0
5,266,0,3,4,7,2,2,1,2,2,1,5,4,1
2,283,247,1,1,3,2,2,1,1,2,1,1,3,1
4,266,0,3,1,4,2,2,2,2,2,1,3,4,1
12,152,0,2,1,4,2,1,1,1,2,1,1,1,0
2,251,265,2,5,0,1,2,2,2,2,1,1,2,0
3,266,0,2,1,7,2,2,1,1,2,1,1,2,0
30,82,0,1,5,7,2,1,1,1,2,1,1,2,0
24,307,307,1,2,0,2,1,1,1,1,1,1,4,1
51,301,243,1,2,0,2,1,2,1,1,1,2,1,0
1,141,307,1,2,0,2,3,1,3,2,1,1,3,1
1,307,307,1,2,7,2,3,1,3,2,1,5,4,1
24,307,0,1,1,0,2,2,1,2,2,1,1,4,1
5,78,141,2,1,0,2,1,2,1,1,1,1,2,0
1,266,0,2,2,6,1,2,1,1,2,1,1,1,0
4,267,0,1,2,0,2,3,2,3,3,1,1,1,0
4,299,266,1,4,7,1,2,1,2,3,1,1,3,1
12,307,0,1,2,7,2,1,2,1,1,1,2,4,1
2,307,307,1,1,2,2,2,2,1,2,1,1,2,0
2,307,0,2,2,0,1,1,1,3,2,1,1,3,1
1,307,307,2,1,2,1,3,1,3,3,1,2,1,0
2,307,0,2,1,2,2,1,2,1,2,1,1,3,1
3,123,307,1,2,5,2,1,2,1,2,1,1,4,1
2,266,0,1,5,7,1,3,1,1,2,1,1,2,0
2,266,0,2,1,2,1,2,1,1,2,1,1,3,1
16,265,0,2,6,0,3,1,2,1,1,1,1,4,1
4,299,0,1,1,2,1,1,1,1,2,1,1,4,1
1,285,266,3,4,0,1,2,2,1,2,1,4,3,1
3,299,0,1,2,0,1,1,1,1,2,1,1,1,0
1,289,266,2,5,7,2,2,1,1,2,1,1,1,0
24,76,307,2,1,2,2,1,1,1,1,1,5,4,1
6,266,0,2,2,0,2,1,1,1,1,1,1,3,1
2,266,0,2,1,6,1,2,1,2,2,1,1,2,0
2,307,307,2,2,3,2,3,2,3,3,1,3,2,0
60,213,0,1,5,7,2,3,2,3,3,1,1,3,1
3,266,0,1,6,7,1,2,1,2,2,1,1,2,0
12,307,307,2,1,2,3,1,1,1,1,1,1,3,1
2,307,0,1,1,0,2,2,1,1,2,1,1,2,0
2,307,0,2,1,7,2,2,2,1,2,1,1,4,1
36,264,0,1,1,6,3,2,3,2,1,1,1,3,1
5,266,0,1,1,7,2,2,2,2,2,1,1,2,0
2,266,0,1,6,7,2,2,1,1,2,1,1,1,0
12,285,0,2,6,0,2,2,3,2,2,1,1,4,1
4,307,0,2,2,0,2,1,1,1,2,1,1,3,1
4,266,0,1,1,7,1,2,1,2,2,1,1,4,1
12,307,128,2,7,0,1,3,1,2,3,1,1,1,0
3,307,75,2,1,4,2,1,1,1,2,1,2,1,0
2,307,0,1,1,2,2,2,1,1,2,1,1,2,0
12,76,307,1,1,7,1,3,1,3,1,1,1,4,1
12,292,0,2,2,5,2,2,1,2,2,1,1,4,1
1,307,0,2,2,5,2,2,1,1,2,1,1,3,1
15,266,0,1,2,7,2,1,1,1,1,1,1,4,1
2,292,0,2,2,0,2,2,1,2,2,1,1,1,0
0,265,0,1,5,0,1,2,2,2,2,1,2,0,0
4,266,0,3,1,4,1,1,1,1,3,1,2,3,1
8,266,0,2,2,4,2,1,1,1,1,1,1,3,1
2,307,0,2,1,2,2,2,1,1,2,1,1,4,1
4,265,0,1,6,0,2,2,2,2,2,1,1,2,0
1,307,0,2,1,2,2,2,1,2,2,1,1,2,0
3,307,0,1,2,0,2,1,2,1,2,1,1,1,0
4,266,0,2,1,2,2,2,2,1,2,1,1,4,1
24,307,0,2,2,7,2,1,1,1,1,1,1,3,1
34,283,0,3,1,5,2,2,2,2,2,1,4,4,1
48,189,307,2,1,2,3,1,1,1,1,1,1,2,0
12,218,307,1,2,5,2,1,1,1,1,1,1,3,1
4,307,0,1,1,2,1,1,2,1,2,1,1,4,1
2,307,0,2,2,6,3,1,1,1,2,1,1,1,0
12,265,0,1,2,7,3,1,2,1,2,1,2,3,1
4,266,0,2,1,2,1,1,1,1,2,1,2,4,1
1,307,307,2,1,2,2,2,1,2,2,1,1,3,1
11,265,0,2,6,0,2,2,2,2,2,1,1,2,0
9,266,0,1,1,0,2,1,2,1,2,1,1,3,1
1,292,0,1,3,0,1,2,1,2,2,1,1,2,0
12,292,246,2,2,5,2,2,1,2,2,1,1,1,0
2,218,307,2,1,2,2,2,3,2,2,1,2,2,0
12,266,0,1,7,0,2,1,1,1,2,1,1,4,1
2,306,0,2,1,6,1,2,1,2,2,1,1,0,0
15,285,0,2,2,0,2,1,3,1,1,1,1,1,0
15,72,0,1,2,7,1,1,1,1,2,1,1,0,0
2,307,0,2,1,2,2,3,2,1,2,1,1,2,0
4,266,0,3,1,4,2,2,1,1,2,1,2,4,1
1,141,307,3,2,5,2,2,2,2,2,1,4,2,0
3,265,0,2,1,7,1,3,2,1,3,1,1,3,1
2,266,266,3,5,6,1,2,1,2,2,1,2,1,0
3,307,0,2,1,2,2,1,1,1,2,1,1,2,0
84,128,0,2,2,7,1,1,1,1,1,1,1,2,0
48,265,0,1,6,7,2,1,1,1,1,1,1,4,1
12,307,0,2,2,0,2,1,1,1,1,1,1,4,1
2,307,0,2,1,0,2,2,2,2,2,1,1,2,0
3,202,307,2,2,4,2,3,2,3,3,1,2,1,0
7,265,0,2,1,4,2,1,2,1,2,1,1,3,1
1,300,0,3,1,6,1,2,1,2,2,1,3,2,0
2,307,307,1,1,2,2,2,1,2,2,1,1,4,1
6,307,0,1,2,7,2,1,1,1,2,1,1,4,1
12,265,0,1,2,0,2,2,2,2,1,1,1,4,1
1,299,0,3,1,2,1,3,1,3,3,1,9,4,1
2,299,266,1,1,2,1,2,1,1,2,1,1,2,0
12,307,117,1,1,6,2,1,2,1,3,1,1,4,1
2,307,307,1,2,5,2,2,1,2,2,1,1,2,0
4,266,0,2,1,0,2,2,1,2,2,1,2,3,1
2,109,213,2,4,0,2,2,2,1,1,1,1,2,0
4,266,0,1,1,2,2,2,2,2,2,1,1,1,0
3,307,0,2,2,0,2,2,1,2,2,1,1,4,1
7,299,0,2,2,3,2,3,1,3,2,1,1,4,1
6,265,0,3,1,2,2,1,2,1,2,1,3,4,1
1,307,0,2,1,0,2,2,1,1,2,1,1,3,1
54,179,205,1,7,0,2,1,2,1,1,1,1,2,0
12,265,0,2,7,0,2,3,2,3,3,1,1,4,1
24,189,0,1,1,2,3,1,1,1,1,1,1,2,0
3,307,0,1,7,0,2,2,2,2,2,1,1,2,0
2,266,0,1,1,7,2,2,1,2,2,1,1,3,1
24,179,169,3,2,0,1,2,3,1,2,1,2,1,0
12,182,152,1,1,5,1,1,1,1,1,1,1,3,1
7,60,60,2,5,7,1,1,1,1,1,1,1,4,1
6,265,266,2,1,2,1,1,2,1,1,1,1,4,1
4,307,0,1,1,0,2,3,1,3,3,1,1,2,0
2,307,0,2,2,0,2,2,1,1,2,1,1,2,0
3,307,0,2,2,7,2,3,1,3,2,1,1,3,1
12,306,0,2,1,7,2,1,1,1,1,1,1,4,1
18,307,0,1,1,0,2,1,2,1,1,1,1,3,1
1,265,0,2,1,6,2,2,2,2,2,1,1,1,0
24,307,60,1,5,0,2,3,2,3,2,1,1,3,1
17,265,0,2,7,0,2,1,2,1,2,1,2,4,1
7,307,0,1,1,2,2,1,1,1,1,1,1,4,1
16,307,0,3,2,4,2,3,1,3,3,1,5,4,1
2,307,0,2,7,0,2,2,2,2,2,1,1,4,1
3,266,0,1,2,7,2,1,1,1,2,1,1,2,0
4,307,307,1,2,7,2,3,2,3,3,1,1,2,0
2,307,307,1,1,7,2,1,1,2,2,1,2,4,1
12,265,0,2,1,4,2,1,2,1,2,1,1,4,1
8,247,292,1,2,0,2,2,2,2,2,1,1,3,1
24,109,141,2,3,7,2,3,1,3,3,1,1,2,0
2,266,0,2,1,6,2,3,1,3,3,1,1,4,1
12,265,0,3,1,7,2,3,2,3,3,1,4,4,1
3,283,0,1,2,5,1,2,2,2,2,1,1,2,0
12,307,0,2,7,0,3,3,1,3,3,1,1,4,1
2,307,307,2,1,4,2,2,2,2,2,1,1,4,1
1,307,307,2,1,7,2,2,1,3,2,1,1,2,0
1,266,0,2,3,6,2,2,1,2,2,1,1,2,0
60,240,0,2,1,2,1,1,3,1,1,1,1,2,0
1,266,0,3,1,4,2,2,1,1,2,1,4,1,0
2,265,0,2,1,4,1,2,2,2,2,1,1,2,0
2,307,0,1,1,4,2,2,2,1,2,1,1,1,0
11,266,0,2,1,0,3,3,1,3,3,1,2,4,1
3,299,266,2,1,7,1,1,1,1,2,1,1,0,0
2,307,0,1,2,3,2,1,2,1,2,1,1,2,0
1,307,0,2,2,5,2,2,2,2,2,1,1,2,0
3,266,0,2,4,7,2,1,1,1,1,1,1,0,0
72,307,0,2,1,2,2,1,2,1,1,1,1,1,0
2,307,0,1,2,3,2,2,2,1,3,1,1,4,1
4,205,0,2,1,2,1,1,3,1,2,1,1,1,0
6,266,0,2,1,6,2,2,2,2,2,1,1,4,1
9,109,307,2,2,0,3,1,2,1,1,1,1,2,0
36,247,0,2,2,5,1,1,1,1,1,1,1,4,1
24,307,0,2,2,0,2,1,1,1,1,1,1,4,1
2,307,0,2,1,2,2,2,1,1,2,1,1,4,1
2,265,0,3,1,2,2,2,2,2,2,1,4,1,0
2,266,0,1,1,0,2,1,1,1,1,1,1,3,1
4,299,0,2,1,2,2,3,1,3,3,1,1,4,1
4,103,307,2,1,3,2,3,1,3,3,1,1,3,1
1,307,0,2,1,3,2,2,1,1,2,1,1,2,0
0,50,307,1,1,7,2,2,1,2,2,1,1,3,1
2,307,307,1,5,0,2,1,2,1,2,1,1,2,0
4,307,307,3,2,7,2,1,2,1,2,1,2,3,1
1,307,0,2,1,7,2,1,1,1,2,1,2,4,1
6,285,0,2,2,7,2,2,3,1,2,1,1,3,1
2,307,307,1,1,2,2,2,2,1,2,1,1,3,1
4,266,306,3,1,7,2,1,1,1,2,1,2,3,1
6,266,0,3,3,4,2,2,1,2,2,1,3,1,0
5,265,0,1,3,7,1,2,2,1,2,1,1,2,0
3,266,0,1,1,2,2,2,1,1,2,1,1,2,0
3,307,0,2,1,7,2,2,2,1,2,1,2,1,0
2,266,266,1,4,7,2,2,1,2,2,1,1,1,0
1,307,0,2,1,7,2,1,1,1,3,1,2,3,1
11,307,0,1,2,7,2,1,1,3,2,1,1,4,1
1,307,0,2,2,7,1,2,1,2,3,1,1,1,0
11,266,0,2,4,5,2,1,1,1,1,1,1,4,1
36,265,0,2,1,7,3,1,2,1,1,1,2,2,0
2,307,0,1,2,7,2,2,1,2,2,1,1,2,0
60,75,0,1,2,0,1,1,3,1,1,1,1,2,0
3,266,0,2,6,7,1,2,1,2,2,1,1,2,0
3,103,307,1,1,2,3,2,2,1,2,1,1,1,0
4,303,0,2,2,3,2,1,1,1,2,1,1,2,0
2,266,0,3,4,7,1,2,2,1,2,1,2,1,0
3,307,0,2,2,0,2,3,2,1,2,1,1,2,0
2,292,252,1,2,7,1,2,1,2,2,1,1,1,0
6,254,254,2,1,4,2,3,1,3,3,1,2,4,1
6,307,0,1,2,5,2,1,1,1,1,1,1,3,1
12,141,0,1,2,0,3,3,1,3,2,1,1,3,1
4,266,0,2,1,0,1,2,1,1,2,1,1,2,0
9,307,0,2,2,0,2,1,1,1,1,1,1,4,1
1,213,307,1,1,7,2,2,2,2,2,1,1,1,0
48,109,0,2,3,5,2,1,2,2,1,1,1,2,0
12,266,0,1,1,2,2,2,1,2,2,1,1,4,1
36,307,26,2,2,0,2,1,1,1,1,1,1,2,0
1,307,0,2,2,7,2,2,1,2,2,1,1,4,1
12,266,303,2,1,2,1,1,1,1,1,1,1,3,1
2,218,75,2,2,0,2,1,2,1,2,1,1,2,0
35,75,0,1,2,0,1,1,1,1,3,1,1,1,0
5,292,265,1,2,5,2,2,2,2,2,1,1,2,0
1,266,0,3,1,2,1,2,1,2,2,1,4,2,0
36,109,109,1,5,0,3,3,2,3,2,1,1,1,0
6,264,254,2,1,2,2,2,3,2,2,1,1,2,0
84,307,0,1,4,0,2,2,1,2,1,1,1,4,1
6,266,0,2,3,4,2,1,1,1,1,1,1,4,1
24,179,0,1,2,0,1,1,3,1,2,1,1,1,0
2,265,299,3,1,5,2,2,2,1,2,1,3,2,0
30,307,0,2,1,7,2,1,1,1,1,1,1,4,1
1,307,0,1,1,2,2,1,1,1,2,1,1,2,0
4,307,0,2,2,7,2,1,2,1,3,1,1,4,1
2,307,0,2,2,7,2,2,1,2,2,1,1,2,0
1,264,0,3,1,7,1,2,3,2,2,1,2,3,1
24,292,265,1,5,0,2,1,3,1,1,1,1,4,1
4,292,0,1,1,2,1,2,1,1,2,1,1,4,1
5,307,0,2,2,0,2,1,2,1,2,1,1,1,0
2,265,0,2,4,0,1,2,2,2,2,1,1,4,1
4,307,0,2,2,0,2,1,1,1,1,1,1,4,1
2,266,0,2,1,7,1,2,1,1,2,1,1,1,0
2,306,266,1,1,7,1,2,1,1,2,1,1,1,0
1,15,307,1,1,7,2,2,1,2,2,1,1,3,1
5,307,0,1,2,5,1,3,1,3,3,1,1,3,1
4,307,0,2,1,2,2,1,1,1,2,1,1,4,1
24,218,0,2,7,0,2,3,2,3,3,1,1,4,1
2,299,0,1,2,3,2,2,1,1,2,1,1,0,0
12,251,290,2,1,3,2,3,1,1,1,1,1,4,1
14,265,265,1,6,0,3,1,2,1,1,1,1,3,1
6,266,0,1,1,0,2,2,1,2,2,1,1,4,1
4,240,0,1,1,2,1,1,3,1,2,1,1,1,0
6,264,0,2,3,0,3,1,3,1,2,1,1,0,0
6,299,0,2,6,0,1,2,1,1,2,1,1,4,1
2,141,307,1,3,7,2,2,1,1,2,1,1,0,0
24,98,307,1,2,7,1,3,3,3,3,1,1,1,0
3,266,266,3,4,7,1,2,1,2,2,1,6,1,0
29,213,141,2,5,7,2,1,2,1,1,1,1,3,1
5,264,0,1,3,7,2,2,3,1,2,1,1,2,0
3,307,0,2,2,0,1,2,1,1,2,1,1,3,1
3,307,307,3,1,4,2,2,1,2,2,1,2,1,0
3,266,0,2,1,0,2,2,1,1,2,1,1,1,0
4,266,0,2,4,6,2,2,1,2,2,1,1,4,1
1,266,0,2,6,7,2,2,1,2,2,1,1,4,1
96,289,0,2,6,0,4,1,2,1,1,1,3,4,1
12,307,307,1,2,0,3,1,1,1,1,1,1,2,0
1,265,266,3,1,2,1,2,2,2,1,1,2,1,0
2,307,0,2,1,0,2,1,1,1,2,1,1,3,1
8,292,0,3,7,0,1,1,2,1,1,1,2,4,1
5,266,0,2,2,0,2,2,1,2,2,1,1,4,1
4,266,0,1,3,0,1,2,1,2,2,1,1,2,0
3,265,0,1,4,5,2,3,2,1,3,1,1,2,0
1,307,0,1,1,2,2,2,2,2,2,1,3,1,0
2,307,0,2,3,0,2,1,1,1,2,1,1,4,1
1,292,0,2,6,7,1,3,1,3,2,1,1,1,0
1,266,0,1,2,7,1,2,1,2,2,1,1,4,1
18,128,0,2,2,7,1,1,1,1,2,1,1,2,0
2,307,0,1,1,2,1,1,1,1,2,1,1,4,1
43,307,0,3,2,0,2,1,1,1,1,1,2,4,1
4,263,266,2,2,4,1,2,1,2,2,1,1,3,1
9,205,0,2,1,2,1,1,3,1,2,1,1,2,0
11,307,0,1,2,0,3,1,1,3,2,1,1,4,1
7,266,285,2,3,6,2,2,2,3,1,1,1,4,1
24,307,0,1,2,7,2,1,1,1,2,1,1,3,1
12,307,0,1,4,0,2,1,1,1,1,1,1,4,1
1,254,266,2,2,5,2,2,2,2,2,1,1,0,0
16,285,266,1,5,0,3,2,3,2,1,1,1,0,0
3,307,0,2,1,5,2,3,1,3,3,1,1,4,1
3,266,266,2,1,5,2,1,2,1,2,1,3,4,1
12,292,266,2,2,7,2,1,1,1,1,1,1,2,0
6,266,0,2,6,7,1,2,1,1,2,1,1,3,1
12,213,0,2,7,0,1,3,3,3,3,1,1,1,0
1,307,218,2,1,2,2,2,1,1,2,1,1,2,0
2,307,0,2,1,5,2,2,1,2,2,1,1,3,1
12,307,0,1,2,0,2,1,1,1,1,1,1,3,1
1,307,307,3,2,3,1,2,1,2,3,1,6,3,1
72,307,0,1,1,0,2,1,2,3,3,1,1,4,1
48,109,0,1,3,0,3,3,3,3,3,1,1,3,1
3,307,0,1,2,5,2,1,2,3,3,1,1,4,1
17,266,0,3,1,4,2,2,2,3,1,1,9,1,0
2,266,0,3,1,6,2,2,2,2,2,1,5,3,1
2,307,0,2,1,2,1,1,2,1,2,1,2,2,0
2,307,0,3,1,2,1,2,1,2,2,1,8,4,1
68,189,307,1,1,2,3,1,1,1,2,1,1,2,0
24,292,0,2,2,5,2,2,2,2,2,1,1,2,0
3,307,0,2,3,5,2,1,1,1,2,1,1,2,0
21,299,0,1,4,7,2,1,1,1,1,1,1,4,1
3,266,0,1,2,6,2,3,1,3,3,1,1,4,1
0,50,307,2,2,0,2,2,1,2,2,1,1,2,0
24,266,0,1,1,2,2,3,1,1,1,1,1,4,1
36,307,0,1,1,0,3,1,1,1,1,1,2,3,1
1,103,109,3,1,3,2,2,2,2,2,1,4,2,0
12,307,0,2,5,0,2,1,1,1,1,1,1,4,1
2,265,0,1,1,7,1,2,2,2,2,1,1,1,0
1,266,0,2,1,2,2,2,1,1,2,1,1,2,0
2,266,0,1,1,7,2,1,1,1,2,1,1,2,0
2,26,307,1,1,2,3,1,1,1,2,1,1,3,1
1,307,0,1,2,3,2,2,2,1,2,1,1,3,1
60,20,0,1,2,5,2,1,1,1,2,1,1,2,0
0,266,0,2,1,6,1,3,1,3,3,1,1,1,0
1,266,0,1,1,0,2,2,1,1,2,1,1,3,1
24,252,266,2,2,0,2,1,1,1,1,1,1,3,1
9,141,0,1,1,0,3,3,1,3,3,1,1,2,0
30,213,0,2,3,4,2,1,2,1,1,1,1,4,1
2,266,0,1,1,0,2,2,1,2,2,1,1,1,0
15,307,128,2,1,7,2,1,1,1,1,1,1,4,1
1,254,0,3,1,3,2,3,2,3,2,1,5,1,0
1,265,264,3,1,6,2,1,2,1,3,1,4,3,1
24,266,0,3,2,6,2,2,1,2,2,1,2,4,1
3,266,0,1,6,7,2,2,1,2,2,1,1,3,1
3,307,0,1,2,0,2,2,1,2,2,1,1,1,0
2,307,0,2,1,2,2,1,2,1,2,1,1,0,0
12,266,0,2,1,4,2,1,1,1,1,1,1,4,1
12,307,307,2,2,0,2,1,2,1,1,1,2,4,1
36,119,0,3,1,6,3,1,2,1,2,1,2,2,0
108,218,0,2,2,5,1,1,2,1,1,1,1,4,1
24,307,0,1,2,5,2,3,2,3,3,1,1,4,1
8,243,0,2,1,6,2,2,2,1,2,1,1,1,0
24,218,307,2,1,2,2,1,1,1,1,1,1,4,1
1,283,0,1,5,6,2,2,2,2,2,1,1,1,0
1,307,0,1,1,7,1,2,1,2,2,1,1,1,0
24,266,0,2,1,4,2,3,1,3,2,1,1,4,1
1,265,299,2,3,5,2,2,2,1,2,1,1,2,0
2,307,307,1,1,0,2,2,1,2,2,1,1,3,1
4,283,0,2,6,0,1,2,2,2,2,1,1,4,1
12,307,0,3,1,2,2,2,2,1,1,1,2,3,1
3,266,0,1,2,5,2,1,1,1,2,1,1,4,1
1,307,307,2,1,2,2,3,2,3,3,1,1,2,0
12,265,0,1,3,0,2,2,2,1,1,1,1,4,1
18,189,141,1,2,0,3,1,1,1,2,1,1,4,1
5,266,0,2,1,2,2,2,1,2,2,1,1,2,0
72,178,0,1,2,3,1,1,3,1,2,1,1,2,0
84,103,0,1,1,2,4,1,1,1,2,1,1,3,1
2,266,256,1,1,2,3,2,1,2,2,1,3,1,0
1,266,265,2,5,0,2,2,1,2,2,1,1,1,0
5,307,76,2,1,6,2,1,2,1,2,1,1,4,1
72,300,251,1,2,3,2,3,2,3,3,1,1,4,1
17,139,119,3,1,5,3,1,2,1,2,1,2,1,0
1,307,0,2,2,7,2,2,1,2,2,1,2,4,1
2,266,0,1,6,7,2,2,1,2,2,1,1,1,0
3,307,307,1,1,0,2,1,2,1,2,1,1,2,0
3,307,0,2,7,0,2,2,2,1,2,1,1,2,0
1,266,265,3,6,0,1,2,2,2,3,1,3,4,1
2,307,0,3,1,2,1,2,1,1,2,1,4,4,1
108,205,0,1,6,7,1,3,2,3,3,1,1,4,1
5,264,0,1,3,5,1,2,1,1,2,1,1,4,1
6,307,307,2,2,4,2,1,2,1,2,1,1,4,1
3,307,0,2,2,0,2,1,1,1,2,1,1,4,1
2,266,0,2,1,0,1,2,2,1,2,1,1,4,1
3,266,266,1,3,7,2,2,1,1,2,1,1,3,1
13,78,0,1,1,2,4,1,1,1,2,1,1,2,0
2,307,307,2,1,7,2,2,2,1,2,1,1,2,0
12,307,0,1,1,2,2,1,1,1,3,1,1,4,1
4,266,0,2,1,4,2,2,1,1,2,1,1,4,1
5,266,0,1,1,7,2,2,1,1,2,1,1,2,0
1,265,266,1,1,6,2,2,2,2,2,1,1,2,0
14,264,285,2,2,0,3,1,3,1,1,1,1,3,1
3,307,0,2,1,2,2,2,1,1,2,1,1,3,1
3,266,0,1,2,0,1,2,1,1,2,1,1,2,0
6,284,283,2,2,3,2,1,1,1,1,1,2,3,1
12,266,0,2,2,5,2,2,1,1,2,1,1,4,1
2,218,307,1,1,7,2,1,1,1,2,1,1,3,1
2,266,0,3,1,7,2,2,1,2,2,1,3,2,0
4,128,307,2,2,7,1,1,1,1,2,1,1,1,0
12,307,0,2,2,0,2,1,1,1,3,1,1,4,1
6,265,266,2,2,5,2,2,2,2,2,1,1,1,0
1,254,0,2,1,2,1,2,1,2,2,1,1,4,1
2,300,306,3,1,7,2,2,2,2,2,1,3,1,0
1,307,0,2,2,0,2,2,1,1,2,1,1,3,1
6,243,0,1,2,6,2,2,1,1,1,1,1,4,1
5,266,0,2,1,7,2,2,1,1,2,1,1,2,0
12,307,0,3,1,2,2,3,2,3,3,1,4,4,1
17,265,0,3,1,4,3,1,2,1,1,1,2,4,1
2,307,0,2,1,2,1,2,1,2,2,1,1,1,0
3,265,0,1,4,7,2,1,2,1,2,1,1,2,0
108,20,0,2,1,4,2,1,1,1,1,1,1,4,1
4,307,0,1,5,0,2,2,2,2,2,1,1,3,1
4,266,0,1,2,6,1,2,1,2,2,1,1,1,0
4,264,0,1,5,0,3,1,2,1,2,1,1,1,0
15,179,0,2,2,0,1,1,2,1,2,1,2,4,1
2,307,0,2,1,2,2,2,1,1,2,1,1,2,0
1,241,241,3,1,2,1,2,1,2,2,1,4,4,1
2,307,76,1,1,7,2,1,1,1,2,1,1,3,1
4,266,265,2,1,2,2,2,2,1,2,1,1,2,0
1,266,0,3,2,4,1,2,1,2,2,1,4,3,1
2,307,0,2,2,5,2,1,1,1,2,1,2,3,1
4,307,0,2,7,0,2,2,2,2,2,1,1,1,0
1,213,307,3,1,2,2,2,2,1,2,1,2,2,0
14,299,0,3,1,2,2,2,1,2,2,1,5,2,0
1,265,265,3,1,7,1,2,2,2,2,1,2,1,0
1,307,0,1,2,7,2,2,2,2,2,1,1,1,0
108,205,0,1,2,7,2,1,1,1,3,1,1,4,1
1,266,0,1,6,7,2,2,1,2,2,1,1,1,0
1,307,307,2,1,2,2,1,2,1,3,1,2,4,1
6,266,0,2,1,7,2,3,1,3,3,1,1,4,1
2,307,0,2,1,2,1,2,1,1,2,1,1,2,0
12,247,0,1,1,6,2,1,2,1,1,1,1,4,1
60,205,0,1,4,5,1,1,2,1,2,1,1,3,1
4,307,0,2,2,0,2,2,1,2,2,1,1,4,1
30,307,0,1,5,0,2,3,2,3,2,1,1,4,1
2,266,0,2,4,6,2,2,2,2,2,1,1,3,1
5,307,307,2,4,0,2,1,2,1,2,1,1,3,1
7,276,292,1,1,7,3,2,2,1,2,1,1,3,1
2,265,0,2,1,4,2,2,2,2,2,1,1,3,1
2,292,0,2,7,0,1,1,3,1,2,1,1,4,1
4,265,0,2,3,4,2,2,2,2,2,1,1,2,0
2,307,0,1,1,2,2,2,2,1,2,1,3,2,0
12,307,0,2,7,0,2,1,2,1,2,1,1,2,0
12,307,0,2,1,2,1,2,1,2,2,1,1,1,0
8,266,0,2,1,2,2,3,1,3,3,1,1,1,0
17,266,0,2,1,6,1,1,1,3,3,1,1,3,1
72,0,307,1,1,2,2,2,2,2,2,1,1,4,1
2,239,307,1,2,0,2,3,1,3,2,1,1,2,0
11,306,0,1,1,7,2,1,1,1,1,1,1,4,1
2,252,299,2,1,0,2,2,2,1,2,1,1,2,0
2,266,0,2,6,0,1,2,1,2,2,1,1,4,1
12,307,0,2,2,0,2,1,2,1,1,1,1,3,1
6,266,0,2,2,4,2,2,1,2,2,1,2,4,1
2,239,307,1,2,0,2,3,1,3,2,1,1,3,1
2,265,0,1,1,7,2,2,2,1,2,1,1,1,0
1,242,0,1,2,7,2,1,3,1,2,1,1,2,0
5,266,0,3,4,5,1,2,1,2,2,1,4,4,1
3,307,0,2,4,0,2,1,1,1,1,1,1,4,1
12,307,0,1,2,5,2,3,2,3,3,1,1,2,0
3,266,0,1,1,6,1,2,1,1,2,1,1,2,0
2,266,0,2,6,0,1,3,1,1,2,1,1,2,0
2,307,0,1,2,0,2,3,2,3,3,1,1,4,1
12,265,0,1,1,0,1,3,2,3,3,1,1,4,1
24,290,0,2,5,6,1,1,1,1,1,1,2,2,0
0,266,0,3,1,2,3,2,1,2,2,1,6,2,0
3,307,307,1,1,2,3,2,1,1,2,1,1,4,1
3,292,247,2,4,5,1,2,1,2,2,1,1,2,0
2,265,0,3,1,4,1,2,2,2,2,1,5,3,1
2,307,0,2,2,5,2,2,2,1,2,1,2,4,1
2,266,247,1,1,2,1,2,2,2,2,1,1,0,0
2,266,0,3,1,3,2,1,1,1,2,1,2,1,0
3,307,0,2,1,2,1,1,1,1,2,1,1,4,1
2,307,307,3,1,2,2,2,1,2,2,1,5,4,1
6,266,0,2,5,6,2,1,1,1,2,1,1,4,1
3,141,103,2,1,2,2,3,2,1,2,1,1,2,0
10,20,0,2,1,2,2,1,1,1,3,1,1,0,0
7,141,307,2,2,0,2,1,1,1,1,1,1,3,1
4,307,0,1,1,0,2,2,1,1,2,1,1,3,1
1,266,0,1,6,7,2,1,1,1,2,1,3,2,0
3,265,0,3,3,0,2,2,2,2,2,1,2,2,0
5,307,0,2,1,2,2,1,1,1,2,1,6,4,1
2,265,0,3,3,5,2,3,2,3,3,1,5,4,1
4,307,307,1,2,7,2,1,2,1,2,1,1,2,0
1,307,307,3,2,3,1,2,1,2,2,1,3,3,1
2,292,265,1,1,7,1,2,2,2,2,1,1,3,1
4,247,264,2,1,4,1,2,3,2,2,1,1,2,0
4,266,0,1,1,0,2,2,1,2,2,1,1,4,1
2,266,0,3,1,2,2,2,1,1,2,1,2,2,0
2,254,0,3,2,3,2,3,1,1,3,1,4,4,1
12,307,0,2,1,2,2,2,1,1,2,1,1,4,1
8,307,0,2,2,7,2,1,2,1,2,1,1,3,1
3,307,307,2,1,2,2,2,2,1,2,1,4,4,1
2,307,0,1,4,0,2,2,1,2,2,1,1,3,1
48,266,266,1,1,2,3,1,1,1,1,1,2,4,1
12,218,307,2,2,3,2,2,2,2,2,1,1,4,1
36,307,213,2,1,7,2,1,2,1,1,1,1,3,1
24,307,0,1,2,0,2,3,1,3,3,1,1,4,1
3,266,0,1,1,0,2,1,1,1,2,1,1,2,0
6,307,0,2,1,4,2,3,1,3,3,1,1,2,0
1,264,0,3,1,5,1,2,3,2,2,1,5,1,0
4,141,307,1,5,0,3,1,2,1,1,1,1,3,1
2,307,0,1,2,0,2,3,1,3,2,1,1,2,0
60,179,0,1,2,0,1,3,3,3,2,1,1,2,0
2,307,0,2,6,0,2,2,1,2,3,1,4,4,1
24,285,0,2,1,6,3,1,2,1,1,1,1,3,1
1,265,0,3,3,5,2,2,2,2,2,1,4,4,1
2,266,266,1,1,4,2,2,1,1,2,1,2,3,1
13,307,0,2,1,0,3,1,1,1,3,1,1,2,0
1,266,0,2,3,4,2,2,1,2,2,1,1,3,1
12,307,0,1,2,0,2,1,1,1,3,1,1,3,1
1,266,0,3,1,7,1,2,1,2,2,1,2,3,1
2,307,307,2,2,7,2,1,2,1,2,1,1,2,0
8,307,0,2,2,0,2,1,2,3,1,1,1,4,1
2,266,0,1,1,7,1,2,1,2,2,1,1,2,0
2,78,307,2,1,2,2,1,1,1,2,1,1,3,1
1,266,0,1,3,7,2,1,1,1,2,1,1,2,0
3,266,0,1,1,6,2,1,1,1,2,1,2,3,1
2,266,0,2,1,2,1,2,1,2,2,1,1,4,1
2,254,266,2,1,2,2,2,1,1,2,1,1,1,0
12,307,0,2,5,7,2,3,1,3,3,1,1,4,1
1,307,0,1,2,0,2,2,1,1,2,1,1,3,1
1,307,0,3,1,2,2,2,2,2,2,1,2,3,1
4,265,0,2,4,7,2,2,2,2,2,1,1,2,0
4,307,0,2,1,2,2,2,2,2,2,1,6,4,1
24,213,0,2,7,0,1,1,3,1,3,1,1,1,0
5,307,0,3,2,5,2,1,2,1,2,1,2,2,0
1,265,266,3,1,0,2,2,2,2,2,1,5,3,1
2,243,243,2,1,7,1,2,2,2,2,1,1,1,0
4,266,0,2,1,7,2,2,1,2,2,1,1,4,1
29,307,0,2,3,0,2,2,1,2,3,1,1,4,1
2,307,0,3,1,2,2,2,1,1,2,1,5,4,1
5,266,0,1,4,0,2,2,1,1,2,1,1,2,0
5,299,0,2,7,0,2,1,1,1,2,1,1,1,0
3,264,265,1,6,0,2,2,3,2,2,1,2,4,1
12,266,0,1,3,4,2,1,1,1,1,1,1,2,0
2,307,0,2,1,2,2,1,1,1,2,1,1,4,1
24,307,0,3,1,2,2,1,1,1,1,1,2,4,1
8,307,0,2,1,0,2,1,1,1,1,1,1,4,1
1,307,0,3,2,7,2,3,2,3,2,1,6,3,1
3,307,0,1,1,7,3,3,2,3,3,1,3,3,1
72,205,0,2,2,3,2,3,2,3,2,1,1,2,0
1,307,307,1,7,0,2,1,2,1,2,1,1,3,1
12,250,270,1,1,4,3,3,3,3,3,1,1,1,0
2,307,0,3,2,6,2,1,1,1,2,1,7,4,1
1,307,0,3,1,2,2,2,2,2,2,1,6,4,1
3,307,307,1,2,7,2,2,2,1,2,1,1,3,1
6,307,0,2,5,0,2,1,1,1,2,1,1,3,1
1,307,200,3,1,2,3,2,2,2,2,1,3,2,0
2,307,0,3,1,2,2,3,1,3,3,1,2,0,0
3,266,0,3,1,5,1,2,1,2,2,1,2,3,1
4,266,0,1,3,0,2,1,2,1,2,1,1,2,0
1,307,0,1,1,2,2,2,1,1,2,1,1,2,0
5,307,0,2,1,0,2,1,1,1,1,1,1,4,1
1,307,0,3,1,2,2,2,1,2,1,1,7,4,1
8,254,265,2,1,3,2,3,2,1,1,1,2,4,1
1,307,307,2,1,2,2,1,2,1,2,1,1,3,1
18,264,0,1,6,7,2,1,3,1,1,1,1,4,1
36,307,0,1,1,0,2,1,1,1,1,1,1,3,1
72,20,0,1,1,2,2,2,2,2,2,1,1,4,1
2,266,266,3,1,5,1,2,1,2,2,1,3,4,1
6,307,103,2,1,0,2,2,2,1,1,1,1,4,1
8,307,0,2,1,2,2,1,1,1,1,1,1,2,0
1,265,266,2,3,7,1,2,2,2,2,1,1,2,0
4,307,307,2,7,0,1,2,1,2,2,1,1,3,1
4,307,0,2,7,0,2,3,1,3,3,1,1,4,1
3,265,268,3,1,2,1,2,2,2,2,1,2,1,0
1,189,44,2,1,2,2,1,2,1,2,1,1,2,0
12,78,0,1,1,2,3,1,1,1,2,1,1,0,0
5,252,0,2,1,5,1,1,1,1,1,1,1,2,0
12,39,307,2,1,7,2,1,2,1,1,1,1,3,1
3,307,0,1,2,0,2,1,1,1,2,1,1,4,1
6,307,0,2,1,2,2,2,2,2,2,1,2,2,0
3,266,0,2,1,2,1,2,1,2,2,1,1,4,1
4,266,0,3,1,4,2,2,1,1,2,1,3,4,1
8,266,0,1,5,7,2,1,1,3,1,1,1,4,1
2,307,0,3,2,0,1,1,1,1,2,1,2,3,1
5,307,0,1,1,2,2,3,1,3,3,1,1,4,1
4,266,0,1,3,0,2,1,1,1,2,1,1,2,0
89,264,0,2,2,7,2,1,3,1,2,1,1,3,1
3,264,0,2,1,2,2,2,2,2,3,1,3,1,0
12,266,272,2,4,6,1,1,1,1,1,1,1,3,1
4,266,0,2,1,2,2,2,1,2,2,1,1,1,0
12,205,205,1,1,2,1,1,3,1,1,1,1,4,1
2,307,189,1,1,5,1,2,1,2,2,1,4,2,0
2,265,0,3,1,4,2,2,2,2,2,1,5,3,1
3,265,0,3,1,6,2,2,2,1,2,1,2,1,0
0,266,0,1,1,6,2,2,1,2,2,1,1,2,0
5,307,0,2,1,2,2,1,1,1,2,1,1,4,1
2,299,266,1,1,6,1,2,1,2,2,1,1,2,0
2,307,0,1,2,0,2,2,1,2,2,1,1,3,1
4,266,0,1,6,0,2,1,1,2,2,1,1,3,1
24,266,0,1,1,2,2,1,1,1,1,1,1,4,1
0,266,0,3,2,5,1,3,1,3,3,1,4,3,1
1,266,0,2,2,7,1,2,1,2,2,1,1,4,1
20,265,0,1,1,6,3,2,2,1,2,1,1,1,0
2,307,0,1,1,2,1,2,2,2,2,1,2,1,0
1,307,307,2,4,0,1,2,1,2,1,1,1,3,1
2,265,0,2,1,7,1,2,2,1,2,1,1,3,1
2,265,0,3,1,2,1,2,2,2,2,1,5,2,0
12,213,307,1,2,5,1,3,2,3,3,1,1,2,0
6,266,0,2,6,0,2,2,2,2,1,1,1,4,1
4,299,266,1,6,0,1,2,1,1,2,1,1,4,1
2,266,0,1,4,7,2,1,1,1,2,1,1,4,1
5,264,265,2,4,0,3,2,3,2,2,1,1,0,0
12,266,0,1,2,3,2,2,2,1,2,1,1,4,1
12,266,0,2,1,2,1,3,1,3,3,1,1,4,1
4,266,0,2,2,5,1,1,1,1,2,1,1,3,1
18,266,0,3,7,0,2,2,1,2,2,1,5,0,0
12,265,0,1,4,7,2,3,2,3,3,1,1,4,1
1,266,0,3,1,6,2,3,1,3,3,1,9,4,1
5,307,0,1,1,2,3,1,1,1,2,1,1,2,0
3,307,0,2,1,0,2,2,1,1,2,1,1,3,1
10,205,0,2,5,7,1,1,2,1,2,1,1,1,0
8,266,0,1,2,0,2,1,2,1,3,1,1,4,1
6,283,0,1,1,7,2,1,1,1,1,1,1,2,0
17,282,0,2,4,6,3,1,3,1,2,1,1,0,0
4,268,0,3,4,7,1,2,1,2,2,1,4,4,1
2,307,0,2,1,0,2,2,1,1,2,1,1,3,1
42,285,292,1,5,0,2,1,2,3,2,1,1,4,1
1,307,307,1,1,2,2,2,1,2,2,1,1,2,0
11,264,0,2,2,0,2,2,3,2,2,1,1,4,1
2,265,0,1,5,0,2,2,2,2,2,1,1,2,0
3,307,0,2,1,2,2,2,1,2,2,1,1,2,0
1,307,0,2,1,3,2,2,2,2,2,1,1,1,0
3,266,0,3,1,2,1,2,1,2,2,1,3,4,1
3,266,0,1,1,7,1,2,1,2,2,1,2,3,1
7,265,0,2,1,4,2,1,2,1,2,1,2,4,1
3,307,0,2,1,7,2,1,1,1,2,1,1,3,1
4,265,265,2,4,7,2,2,2,1,2,1,1,4,1
24,114,0,2,2,7,3,3,1,3,3,1,1,4,1
4,266,266,3,1,6,2,2,2,1,2,1,2,3,1
1,307,0,3,1,2,2,2,2,2,2,1,4,2,0
2,266,0,3,1,6,2,2,1,1,2,1,2,2,0
36,189,0,2,1,2,3,1,1,1,1,1,2,2,0
2,266,0,3,1,3,2,2,1,2,2,1,6,3,1
3,307,141,1,1,2,3,2,1,1,2,1,1,2,0
5,20,307,1,2,0,2,2,1,1,2,1,1,1,0
15,44,0,1,1,2,3,1,1,1,2,1,1,2,0
2,265,0,3,2,5,2,2,2,2,2,1,4,4,1
2,307,218,1,1,2,2,2,2,2,2,1,1,1,0
2,307,0,3,1,2,2,3,1,3,2,1,6,2,0
12,266,0,1,3,4,2,1,1,1,1,1,2,4,1
1,266,0,3,1,2,2,2,1,1,2,1,2,4,1
2,76,307,3,1,7,2,2,2,3,2,1,2,1,0
2,307,0,1,2,5,2,2,2,1,2,1,1,2,0
4,283,283,2,3,6,1,2,1,2,2,1,1,4,1
12,152,0,2,2,0,1,1,1,1,2,1,1,3,1
1,266,266,3,1,7,2,2,1,2,2,1,4,2,0
5,307,0,2,2,4,2,1,1,1,1,1,1,2,0
8,78,307,1,2,0,3,3,1,3,2,1,1,4,1
1,307,307,1,2,5,2,2,1,2,2,1,1,1,0
2,266,0,2,1,2,1,3,1,3,3,1,2,1,0
1,266,0,3,1,2,1,2,1,2,2,1,2,3,1
3,265,0,2,2,5,1,2,2,2,2,1,3,2,0
2,266,0,2,7,0,2,2,1,2,2,1,1,4,1
30,195,179,1,1,0,1,1,1,1,1,1,1,1,0
3,307,307,2,5,7,2,1,2,1,2,1,1,1,0
2,266,0,2,6,7,2,2,1,1,2,1,1,3,1
4,243,0,1,1,7,2,2,2,1,2,1,1,3,1
12,266,0,2,2,7,2,2,2,2,3,1,1,4,1
29,205,0,2,2,3,1,1,2,1,2,1,1,2,0
9,276,266,2,1,4,3,1,1,1,2,1,2,4,1
5,299,0,1,4,5,2,1,1,1,2,1,1,1,0
3,266,0,2,1,6,2,1,1,1,3,1,1,1,0
1,307,0,2,2,7,2,2,2,2,3,1,2,2,0
3,307,0,1,7,0,2,1,1,1,1,1,1,3,1
1,307,0,2,2,0,2,2,1,2,2,1,1,3,1
2,265,0,3,1,4,2,3,2,3,3,1,4,2,0
60,307,0,2,2,5,2,2,1,2,1,1,1,4,1
3,307,0,1,2,0,2,1,1,1,1,1,1,3,1
1,265,0,2,1,2,2,2,2,1,3,1,1,2,0
4,307,0,2,1,2,2,1,1,1,2,1,3,4,1
3,307,307,2,1,2,2,2,1,2,2,1,2,4,1
12,265,0,1,6,0,2,1,2,1,2,1,1,1,0
3,266,0,2,1,2,1,2,1,3,2,1,1,4,1
3,266,266,3,1,4,1,2,1,2,2,1,3,2,0
1,307,0,1,1,2,2,3,1,3,3,1,8,4,1
2,307,0,1,1,7,2,2,1,2,2,1,1,2,0
8,276,285,1,3,4,2,1,3,1,2,1,1,2,0
1,307,0,2,5,0,1,3,1,3,3,1,2,1,0
2,265,0,3,4,5,2,2,2,1,2,1,6,4,1
8,268,266,1,7,0,2,1,1,1,1,1,2,2,0
2,307,0,2,2,0,2,2,2,1,2,1,1,1,0
3,307,0,1,1,0,2,2,1,2,2,1,1,4,1
12,307,218,1,1,2,2,3,2,3,3,1,1,2,0
2,307,0,2,1,0,1,2,1,2,2,1,1,2,0
2,265,0,3,5,6,2,2,2,2,2,1,3,4,1
4,265,0,2,1,6,2,1,2,1,1,1,2,4,1
6,254,303,2,5,6,2,1,1,1,1,1,2,4,1
3,307,0,2,2,6,2,3,3,1,3,1,2,2,0
3,266,0,3,1,6,2,2,1,1,2,1,3,4,1
2,307,0,2,2,0,2,2,1,2,2,1,1,3,1
4,265,0,2,6,7,2,3,2,3,2,1,1,4,1
2,266,0,1,1,7,2,2,1,1,2,1,1,1,0
2,307,307,2,1,2,2,1,2,1,2,1,1,2,0
2,283,0,2,6,7,2,1,1,1,2,1,1,2,0
18,307,0,1,2,0,2,3,2,1,3,1,1,2,0
2,265,0,2,1,5,2,2,2,2,2,1,1,1,0
3,292,299,1,2,5,1,1,1,1,2,1,1,0,0
18,75,0,1,2,0,1,1,1,1,1,1,1,1,0
6,307,0,1,2,7,1,1,1,1,2,1,1,4,1
2,285,265,1,7,0,2,2,3,1,2,1,1,1,0
2,307,0,2,2,5,2,1,1,1,2,1,1,2,0
3,307,0,2,1,2,2,2,2,2,2,1,1,4,1
3,307,0,2,2,5,2,1,2,1,2,1,1,2,0
6,266,299,1,3,7,1,1,1,1,2,1,1,1,0
1,265,0,2,1,2,2,2,2,2,2,1,1,2,0
1,307,0,2,2,0,2,2,1,2,2,1,1,2,0
4,307,0,2,1,7,2,2,1,1,2,1,1,4,1
3,266,0,2,1,7,1,2,1,2,2,1,1,4,1
4,307,0,2,7,0,1,1,2,1,2,1,1,3,1
3,266,0,2,1,0,2,2,2,2,2,1,1,4,1
5,266,0,1,7,0,2,2,1,1,2,1,1,2,0
6,264,0,2,3,0,3,1,3,1,2,1,1,4,1
3,307,0,1,2,0,2,1,1,1,2,1,1,2,0
24,20,0,1,1,2,2,1,1,1,2,1,1,3,1
1,307,0,2,2,7,2,2,2,1,2,1,1,2,0
3,239,307,1,2,0,2,3,1,3,2,1,1,3,1
5,266,266,2,1,4,1,2,1,2,2,1,1,3,1
72,307,0,3,1,2,2,3,1,3,1,1,2,3,1
2,307,0,2,1,0,2,2,1,1,2,1,1,3,1
60,109,307,3,3,7,2,1,2,1,1,1,2,4,1
2,265,0,2,1,0,1,3,1,3,3,1,1,4,1
1,265,0,1,6,7,2,2,2,2,2,1,1,2,0
2,307,0,2,2,0,2,2,3,2,2,1,1,2,0
48,266,0,2,6,0,2,1,1,1,1,1,1,4,1
2,307,0,1,1,2,1,1,1,1,2,1,1,4,1
4,307,0,2,1,0,2,1,1,2,2,1,1,4,1
12,266,0,3,1,4,2,2,1,2,2,1,9,4,1
2,307,189,1,1,0,2,1,2,1,2,1,1,1,0
2,307,0,2,1,2,2,1,2,1,2,1,1,1,0
8,264,265,3,2,4,3,3,3,3,3,1,6,1,0
2,307,0,2,7,0,2,1,3,1,2,1,1,1,0
1,264,0,1,1,7,2,2,2,1,2,1,1,1,0
3,265,265,3,4,6,2,2,1,2,2,1,2,3,1
2,266,0,1,4,7,3,2,1,1,3,1,1,2,0
2,266,0,2,1,3,1,2,1,2,2,1,1,1,0
12,254,254,2,1,2,2,2,2,1,1,1,2,2,0
1,307,26,1,1,2,3,1,2,1,2,1,1,2,0
6,307,307,2,1,2,1,1,1,1,3,1,1,3,1
2,283,0,2,6,0,1,2,1,2,2,1,1,4,1
0,265,267,3,1,6,2,2,2,2,2,1,4,1,0
72,75,0,2,3,0,1,1,3,1,1,1,1,2,0
2,76,307,1,1,7,2,2,2,1,2,1,1,2,0
5,274,0,1,6,7,2,2,2,1,2,1,1,2,0
2,266,0,1,1,4,2,2,1,2,2,1,1,3,1
24,264,0,2,1,2,2,3,3,3,3,1,1,4,1
1,307,307,2,1,7,2,2,1,2,2,1,1,2,0
4,247,0,2,1,2,1,2,1,3,2,1,1,4,1
2,307,0,2,2,7,2,1,1,1,2,1,1,3,1
2,307,0,1,1,7,2,3,1,3,2,1,1,2,0
36,307,0,1,1,0,2,2,2,2,3,1,1,4,1
4,307,103,2,1,2,3,2,1,1,2,1,1,3,1
24,307,0,3,2,7,2,3,1,1,3,1,2,4,1
2,307,0,2,2,5,1,2,1,1,2,1,1,2,0
42,195,0,1,6,7,2,1,2,1,1,1,1,1,0
1,307,307,3,2,5,3,2,1,2,2,1,6,4,1
1,266,266,3,1,6,2,2,1,1,3,1,5,4,1
2,307,0,1,1,2,2,2,1,1,2,1,1,2,0
20,276,266,1,1,0,3,2,2,1,2,1,1,4,1
1,218,307,2,1,0,2,2,3,1,2,1,1,1,0
2,307,0,2,2,0,2,1,1,1,2,1,1,2,0
25,307,307,2,1,2,2,2,1,2,2,1,1,4,1
2,266,0,2,4,7,1,2,1,2,2,1,1,2,0
9,266,0,2,1,0,2,1,2,1,1,1,1,4,1
3,307,0,2,1,2,2,1,1,1,3,1,3,2,0
8,307,0,2,1,2,2,2,1,2,2,1,1,4,1
1,44,0,2,1,2,3,3,1,2,3,1,2,4,1
8,266,0,2,7,0,1,2,1,2,2,1,1,4,1
12,307,0,1,1,2,2,2,2,1,2,1,1,4,1
1,266,0,1,1,5,1,2,1,2,2,1,1,1,0
2,307,0,1,2,7,1,3,1,3,3,1,1,4,1
2,266,0,3,1,4,1,2,1,2,2,1,3,2,0
2,307,0,3,2,0,2,2,1,1,2,1,2,3,1
2,266,0,3,1,4,2,1,1,1,2,1,4,2,0
2,307,0,2,2,5,2,1,1,1,2,1,1,2,0
36,103,307,1,1,2,3,1,2,1,1,1,1,1,0
2,266,0,3,1,2,2,1,1,1,3,1,3,2,0
2,173,307,3,1,0,2,2,1,1,2,1,3,1,0
2,266,0,2,2,0,1,2,1,2,2,1,1,1,0
1,307,0,3,1,2,3,2,2,2,2,1,9,3,1
18,266,0,1,1,2,2,2,1,2,2,1,1,4,1
2,266,0,2,2,0,2,2,1,1,2,1,1,1,0
4,266,0,1,1,7,1,2,1,1,2,1,1,1,0
2,307,0,2,2,4,2,2,1,2,2,1,1,2,0
1,103,152,1,1,2,2,2,2,1,2,1,1,3,1
1,266,0,1,1,7,1,2,2,2,2,1,1,2,0
2,307,0,2,1,5,2,1,1,1,2,1,1,2,0
53,307,0,1,2,0,2,1,2,1,2,1,1,3,1
2,307,0,2,1,2,2,1,1,1,2,1,1,3,1
5,266,0,2,6,7,1,1,1,1,1,1,1,1,0
1,307,0,3,1,2,3,2,1,2,2,1,5,2,0
5,307,0,2,1,0,2,3,1,1,3,1,1,2,0
1,306,288,1,1,7,1,2,2,1,2,1,1,2,0
1,266,0,3,1,7,1,2,1,2,2,1,5,2,0
2,307,0,2,2,5,2,1,1,1,2,1,1,3,1
2,307,0,2,1,2,2,1,1,1,2,1,1,2,0
9,266,0,2,4,0,2,3,1,3,3,1,1,4,1
6,266,0,1,2,7,2,1,1,1,2,1,1,1,0
30,272,0,2,1,3,2,1,2,1,1,1,1,2,0
1,292,266,2,7,0,2,2,2,2,2,1,1,2,0
3,266,0,2,2,0,1,2,1,1,2,1,1,2,0
1,266,0,2,2,0,2,2,1,1,2,1,1,2,0
12,251,0,2,6,0,2,3,1,3,3,1,1,1,0
7,266,299,1,2,0,2,2,1,2,2,1,1,1,0
12,299,0,1,2,6,2,2,1,2,1,1,1,4,1
5,26,307,2,1,2,2,1,1,2,2,1,1,1,0
1,307,0,1,2,4,2,2,2,2,2,1,1,1,0
9,292,292,2,1,5,2,2,2,2,2,1,1,4,1
6,264,0,2,5,6,2,1,3,1,1,1,1,2,0
4,307,307,2,1,4,2,2,1,2,2,1,3,4,1
60,169,0,2,2,0,1,1,3,1,2,1,1,1,0
4,266,0,1,1,7,2,1,1,1,2,1,1,3,1
4,265,0,2,2,0,2,2,2,1,2,1,1,4,1
4,266,0,1,3,0,2,2,1,1,2,1,1,2,0
2,307,0,1,1,2,2,2,2,2,2,1,1,4,1
24,265,0,2,1,2,2,2,2,1,2,1,3,4,1
8,266,0,3,1,6,1,1,1,1,3,1,4,4,1
8,292,266,1,1,7,2,1,2,1,1,1,1,1,0
11,307,218,2,3,0,2,1,1,1,1,1,1,3,1
4,266,0,2,1,7,2,1,1,1,2,1,1,4,1
48,103,103,2,1,2,3,1,3,1,1,1,1,3,1
2,264,265,1,1,7,2,2,3,1,2,1,1,0,0
4,265,0,2,3,6,3,2,2,1,1,1,1,3,1
4,307,307,1,7,0,2,1,2,1,2,1,1,2,0
2,307,0,1,1,0,2,2,1,1,2,1,1,1,0
1,307,0,2,1,2,2,2,1,1,2,1,1,3,1
5,218,307,2,7,0,2,1,2,3,2,1,1,3,1
24,292,292,2,2,7,2,2,1,2,2,1,1,3,1
2,266,0,1,1,6,2,2,1,2,2,1,1,3,1
36,60,0,2,1,3,1,1,2,1,1,1,1,2,0
2,307,0,3,1,2,1,2,1,2,2,1,4,4,1
36,195,0,1,1,7,1,1,2,1,1,1,1,1,0
84,119,0,1,1,6,3,1,2,1,2,1,1,1,0
2,306,292,3,1,7,1,2,2,2,2,1,2,1,0
1,307,0,1,1,2,2,1,2,3,2,1,1,2,0
2,307,0,2,2,0,2,2,1,1,2,1,1,1,0
1,307,0,2,1,2,2,3,1,3,3,1,1,4,1
1,266,0,3,7,0,1,2,1,2,2,1,2,1,0
12,266,0,1,6,0,2,1,1,1,1,1,1,4,1
1,265,0,2,1,6,2,2,2,1,2,1,1,2,0
3,264,266,3,2,4,2,2,2,1,2,1,2,4,1
3,307,0,2,7,0,2,2,1,2,2,1,1,3,1
2,307,0,2,2,4,1,1,1,1,2,1,1,2,0
0,252,265,3,1,2,1,3,2,3,3,1,3,1,0
10,307,307,1,1,3,2,1,2,1,2,1,3,4,1
36,129,0,2,2,7,1,1,2,1,1,1,1,3,1
1,307,0,3,1,2,2,2,1,2,3,1,4,4,1
2,266,0,2,1,5,2,2,1,2,2,1,2,3,1
3,292,0,1,1,2,1,2,2,2,2,1,1,3,1
16,307,0,2,1,2,2,1,1,1,1,1,1,3,1
12,265,292,1,5,7,3,2,2,3,2,1,1,3,1
2,254,0,3,1,2,2,2,1,1,2,1,3,4,1
4,307,0,3,3,0,2,1,1,1,2,1,3,3,1
2,218,307,1,1,7,2,2,1,2,2,1,1,1,0
1,265,0,2,3,7,1,2,2,2,2,1,1,3,1
5,285,265,2,1,2,3,2,2,2,2,1,1,3,1
1,307,0,2,2,0,2,2,1,1,2,1,1,3,1
2,20,307,2,2,0,2,3,1,3,2,1,1,3,1
12,266,0,2,1,6,2,2,1,2,2,1,1,2,0
4,307,307,2,1,2,2,1,2,1,2,1,1,4,1
6,266,0,2,6,0,1,2,1,1,2,1,1,2,0
2,307,307,2,1,0,2,1,2,1,2,1,1,4,1
4,189,307,2,1,2,2,1,1,2,2,1,1,2,0
2,292,265,1,5,6,2,2,2,1,2,1,1,1,0
1,307,0,2,1,5,1,2,1,2,2,1,5,1,0
3,266,0,1,2,4,2,2,1,1,2,1,1,3,1
60,179,0,2,5,7,1,1,2,1,1,1,1,0,0
2,266,0,1,1,7,2,2,1,1,2,1,1,1,0
96,307,307,1,1,0,2,1,1,1,1,1,1,1,0
2,307,0,2,1,2,2,2,1,2,3,1,3,4,1
2,307,218,2,2,7,3,1,2,1,2,1,1,2,0
3,266,0,1,4,5,2,2,1,2,2,1,1,1,0
2,307,0,2,3,0,2,2,2,1,2,1,1,2,0
1,266,0,1,5,7,1,2,1,2,2,1,1,2,0
18,299,265,3,1,6,2,2,2,1,2,1,3,1,0
1,141,307,2,1,2,2,1,1,1,2,1,1,1,0
12,266,0,1,1,2,2,2,1,2,2,1,1,4,1
17,266,0,2,1,2,2,2,1,2,2,1,1,4,1
2,307,0,1,1,2,2,1,2,1,2,1,1,1,0
1,265,285,3,1,2,1,2,3,2,2,1,2,2,0
2,307,307,2,1,2,3,2,1,1,2,1,1,4,1
6,243,0,1,4,7,1,2,1,2,2,1,1,1,0
2,307,0,2,1,2,2,2,1,2,2,1,1,3,1
1,11,0,2,7,0,2,2,3,2,2,1,1,4,1
1,265,0,2,1,0,1,2,1,2,3,1,1,1,0
18,307,0,2,5,7,1,1,1,1,1,1,1,4,1
2,307,0,2,1,2,2,2,1,2,2,1,1,2,0
2,307,307,2,1,4,3,2,1,2,2,1,6,3,1
2,307,307,1,2,5,2,2,2,2,2,1,1,4,1
60,69,0,2,5,0,2,1,3,1,2,1,1,3,1
10,266,0,1,2,0,3,3,1,3,3,1,1,2,0
6,265,0,3,6,7,2,1,2,1,1,1,7,4,1
24,307,0,2,1,0,1,1,1,1,1,1,1,4,1
1,285,292,1,7,0,1,2,2,2,2,1,1,1,0
6,307,0,2,1,0,2,1,1,1,2,1,1,4,1
84,69,0,2,1,6,2,1,3,1,2,1,1,1,0
3,307,0,2,1,2,1,1,2,1,2,1,1,3,1
4,141,0,2,1,2,2,2,1,1,2,1,4,4,1
24,307,307,2,5,0,2,3,2,3,2,1,2,2,0
1,265,0,2,1,6,2,2,1,1,2,1,1,2,0
14,307,202,2,2,0,2,1,2,1,1,1,1,4,1
2,307,0,1,7,0,2,2,1,1,2,1,1,3,1
2,266,0,2,1,7,1,1,1,1,2,1,1,3,1
2,266,0,3,1,2,1,2,2,2,2,1,3,4,1
3,265,299,3,4,5,1,2,2,2,2,1,4,2,0
24,307,307,2,7,0,3,1,2,1,2,1,1,4,1
24,307,0,2,1,2,2,1,2,1,3,1,1,4,1
84,285,271,2,5,0,2,1,3,1,1,1,2,1,0
3,299,0,1,1,7,1,2,1,2,2,1,1,2,0
2,307,0,1,2,7,2,1,2,1,2,1,1,3,1
1,307,307,2,1,2,2,2,1,2,2,1,2,1,0
2,307,0,2,1,2,2,2,1,1,2,1,2,1,0
2,266,0,2,1,6,2,3,1,1,3,1,1,1,0
3,266,292,1,2,5,1,2,1,2,2,1,1,2,0
8,264,0,2,1,7,2,2,3,1,2,1,1,1,0
3,265,0,2,5,6,2,1,2,2,2,1,1,2,0
60,152,0,1,2,0,1,3,1,1,2,1,1,1,0
12,307,0,2,1,0,2,1,1,1,1,1,1,4,1
5,307,0,1,5,0,2,1,1,1,2,1,1,4,1
2,266,0,1,1,0,2,1,1,1,2,1,1,2,0
1,266,0,2,1,2,2,2,1,2,2,1,1,4,1
8,307,0,2,2,7,2,1,1,1,1,1,1,4,1
2,283,283,3,1,6,1,3,2,3,3,1,4,4,1
2,307,307,2,1,2,2,1,2,1,2,1,1,1,0
5,307,307,2,1,2,2,2,2,2,2,1,1,3,1
2,44,307,1,1,5,2,3,1,3,2,1,1,2,0
6,264,276,1,2,4,2,3,3,3,2,1,1,1,0
2,307,0,3,1,2,2,2,1,2,2,1,8,4,1
1,307,307,1,1,2,2,1,1,1,2,1,1,2,0
3,307,0,2,2,7,2,2,2,2,2,1,1,2,0
1,307,0,3,2,7,1,2,1,2,2,1,3,3,1
2,307,0,1,2,0,1,2,1,2,2,1,1,4,1
4,141,307,3,5,7,2,2,2,2,2,1,8,4,1
36,205,0,1,5,7,1,1,2,1,2,1,1,2,0
4,266,266,1,7,0,2,1,1,1,2,1,1,2,0
4,307,0,2,1,0,2,3,1,3,1,1,1,2,0
24,266,0,2,2,6,1,2,1,1,1,1,1,4,1
5,307,0,1,5,0,2,3,1,3,3,1,1,2,0
1,307,307,2,2,0,2,2,2,1,2,1,1,3,1
4,307,307,2,1,2,2,3,1,3,3,1,2,2,0
3,266,0,3,2,3,2,2,1,2,2,1,2,4,1
1,266,266,2,1,2,1,2,1,2,2,1,1,2,0
1,307,0,3,1,2,1,2,1,1,2,1,5,2,0
2,265,0,1,6,7,1,2,2,2,2,1,1,4,1
3,307,0,2,1,2,2,1,1,1,2,1,1,4,1
2,265,264,2,1,2,2,1,2,1,2,1,1,4,1
6,307,0,2,1,0,2,1,1,1,1,1,1,3,1
10,307,307,1,1,2,3,1,1,1,1,1,1,4,1
2,266,0,3,1,6,2,2,1,1,2,1,4,3,1
2,307,0,2,1,7,2,1,2,1,3,1,1,2,0
2,307,0,2,1,7,3,2,1,1,2,1,1,4,1
0,307,0,1,2,0,2,2,2,3,2,1,1,2,0
3,307,0,1,5,0,2,1,1,1,2,1,1,2,0
6,265,0,1,3,0,2,2,2,2,2,1,1,1,0
7,307,307,2,1,2,1,1,1,1,1,1,1,4,1
60,307,0,2,3,4,3,3,2,3,3,1,1,4,1
2,307,0,2,1,2,2,2,2,2,2,1,1,3,1
6,285,264,2,3,6,1,1,3,1,2,1,2,2,0
3,307,0,2,2,5,2,3,2,3,3,1,1,2,0
6,307,0,2,2,7,2,1,1,1,2,1,1,1,0
84,103,307,2,1,2,2,1,1,1,1,1,1,4,1
8,307,307,1,5,7,2,3,2,3,3,1,1,4,1
2,307,0,2,1,0,2,2,1,2,2,1,1,2,0
8,307,0,2,1,7,2,3,1,3,3,1,1,4,1
1,307,0,2,1,7,2,1,2,1,3,1,1,4,1
5,307,0,3,1,2,2,1,2,1,1,1,3,2,0
1,307,307,2,1,7,2,2,1,3,2,1,1,2,0
2,266,0,2,1,2,1,3,1,3,3,1,1,2,0
2,266,0,2,3,4,1,2,1,2,2,1,1,1,0
24,39,307,2,2,7,2,1,2,1,1,1,1,3,1
18,266,0,1,2,7,3,1,1,1,1,1,1,4,1
4,266,0,2,3,4,2,2,1,2,2,1,1,3,1
2,266,0,2,1,4,2,2,1,1,2,1,1,2,0
108,195,0,2,1,0,1,1,1,1,1,1,1,4,1
12,265,0,2,1,2,1,1,2,1,1,1,1,4,1
5,20,0,2,1,2,2,3,1,3,3,1,1,1,0
36,307,0,1,1,2,2,2,1,2,2,1,1,4,1
2,307,0,3,1,2,2,3,2,3,2,1,3,2,0
4,266,0,1,4,7,1,2,1,1,2,1,1,3,1
8,307,0,2,5,0,1,3,2,3,3,1,1,4,1
2,307,0,2,1,2,2,3,1,1,2,1,1,2,0
2,307,0,2,4,0,2,2,2,1,2,1,1,3,1
24,179,0,2,2,0,1,1,1,1,1,1,1,1,0
3,141,307,2,5,7,3,3,2,3,1,1,1,3,1
5,266,0,1,1,7,2,1,2,1,2,1,1,3,1
24,292,0,2,2,7,1,3,1,3,1,1,1,1,0
4,250,0,1,1,0,2,1,3,1,1,1,4,4,1
7,265,0,1,1,2,2,2,2,1,2,1,1,1,0
3,307,0,3,2,5,2,2,2,1,2,1,2,2,0
24,265,0,2,5,6,2,1,2,1,1,1,1,4,1
3,265,0,2,1,6,2,2,2,2,2,1,1,1,0
2,299,300,3,2,7,2,2,1,2,2,1,5,2,0
3,307,0,1,2,0,2,1,1,1,2,1,1,2,0
3,266,0,2,6,7,1,2,1,1,2,1,1,3,1
12,265,0,2,1,7,2,1,2,1,1,1,1,4,1
24,266,0,2,2,5,2,1,2,1,2,1,1,2,0
3,307,0,2,3,0,2,1,2,1,2,1,1,2,0
3,266,0,1,1,0,2,2,1,1,2,1,1,2,0
1,71,307,2,1,7,2,3,1,3,2,1,1,3,1
7,299,299,3,1,4,2,1,2,1,1,1,2,4,1
8,265,0,2,1,2,2,2,2,2,2,1,5,2,0
12,264,265,1,3,7,3,3,3,3,3,1,1,2,0
2,152,0,1,1,2,1,2,1,1,2,1,1,3,1
1,307,0,2,2,0,2,2,1,2,2,1,1,2,0
3,266,0,2,1,7,2,2,1,1,2,1,1,1,0
2,307,0,1,2,3,1,2,2,2,2,1,1,4,1
9,109,202,2,4,5,2,1,2,1,2,1,1,1,0
2,307,0,1,1,2,2,2,1,2,2,1,1,3,1
2,265,0,1,1,6,1,2,2,2,2,1,1,0,0
2,307,307,3,2,0,2,2,2,1,2,1,9,2,0
24,20,0,2,1,2,2,3,1,3,3,1,1,3,1
2,307,0,2,2,7,2,2,1,2,2,1,1,3,1
6,266,0,2,1,2,2,1,1,1,1,1,1,3,1
5,307,0,2,2,5,2,1,1,1,2,1,1,3,1
1,307,0,1,2,7,2,2,1,2,2,1,1,1,0
3,307,0,2,1,7,1,3,1,3,3,1,1,4,1
15,266,266,3,4,5,2,3,1,3,3,1,2,2,0
2,179,195,2,2,0,1,2,2,1,2,1,1,0,0
24,307,0,1,1,2,2,1,1,1,2,1,1,4,1
3,128,141,2,2,7,2,1,1,1,2,1,1,3,1
2,264,0,1,4,7,2,2,1,1,2,1,1,4,1
6,206,0,2,2,5,3,1,2,1,2,1,1,1,0
2,307,0,1,1,2,2,2,1,2,2,1,1,2,0
3,266,266,2,3,4,2,2,2,1,2,1,1,4,1
4,285,265,2,1,3,1,2,2,1,2,1,1,2,0
4,266,0,2,2,5,1,2,1,2,2,1,1,4,1
4,264,0,1,1,0,2,2,3,2,2,1,1,3,1
108,307,152,2,1,0,1,1,1,1,2,1,1,2,0
3,307,0,3,2,0,3,2,1,2,2,1,3,2,0
2,307,0,1,2,3,2,2,1,1,2,1,1,1,0
3,266,0,3,1,6,1,2,1,2,2,1,4,1,0
2,307,0,1,2,7,2,2,1,2,2,1,1,2,0
8,265,0,1,5,6,3,2,2,1,2,1,1,4,1
1,307,0,1,7,0,2,2,2,2,3,1,8,0,0
6,307,128,2,1,7,2,2,1,2,2,1,1,2,0
18,266,0,1,4,7,2,1,2,1,2,1,1,4,1
1,307,0,3,1,2,2,2,2,2,3,1,8,3,1
1,266,0,3,4,6,1,2,1,2,2,1,5,3,1
2,307,0,1,5,0,2,3,2,3,2,1,1,3,1
12,265,0,3,3,5,1,1,2,1,2,1,3,1,0
1,307,307,3,2,7,2,2,2,1,2,1,4,4,1
3,292,266,3,1,7,2,2,1,2,2,1,5,2,0
2,265,299,3,1,5,2,2,2,1,2,1,3,2,0
1,265,0,2,1,6,1,2,1,2,2,1,1,3,1
2,307,0,1,7,0,2,2,1,2,2,1,1,1,0
2,307,0,1,2,0,2,2,1,2,2,1,1,2,0
5,307,0,2,5,0,1,2,1,2,3,1,3,4,1
1,243,0,2,2,3,1,2,1,2,2,1,1,4,1
3,307,0,1,2,0,2,2,1,2,2,1,1,3,1
24,266,0,2,1,4,2,1,1,1,1,1,1,4,1
36,218,72,2,1,2,1,1,1,1,1,1,1,4,1
2,218,307,2,3,0,2,2,2,2,2,1,1,3,1
5,307,0,1,2,0,1,1,1,1,2,1,1,2,0
3,307,0,2,2,0,2,2,1,2,3,1,4,4,1
1,299,266,1,3,0,1,2,1,2,2,1,3,1,0
2,307,0,2,2,3,2,2,1,2,2,1,1,3,1
1,307,307,3,2,5,2,1,2,1,2,1,4,3,1
42,18,307,1,2,0,2,2,2,2,1,1,1,4,1
2,266,0,2,6,0,1,2,2,2,2,1,1,2,0
4,117,307,2,2,5,2,2,1,2,2,1,1,1,0
7,307,0,1,1,2,2,1,2,1,2,1,1,4,1
2,292,266,3,1,3,1,2,2,2,2,1,3,1,0
3,266,0,1,1,6,1,1,1,1,2,1,1,1,0
3,299,0,1,1,6,2,2,1,1,2,1,1,1,0
3,76,307,1,1,2,2,1,1,1,3,1,1,0,0
3,307,0,2,1,7,2,1,2,1,2,1,1,2,0
2,266,0,2,1,2,2,2,1,1,2,1,1,2,0
2,266,0,2,6,7,1,3,1,3,3,1,1,1,0
1,307,0,1,1,2,2,2,2,2,2,1,1,2,0
1,266,285,2,1,7,1,2,2,1,2,1,1,2,0
2,266,0,2,3,0,2,1,1,1,2,1,1,1,0
8,307,0,1,2,0,2,1,1,1,1,1,1,3,1
7,276,292,1,1,4,3,2,2,1,2,1,1,3,1
1,266,0,3,4,6,1,2,1,2,3,1,3,4,1
24,264,0,3,1,2,3,2,3,1,2,1,2,4,1
3,271,292,2,5,0,1,2,1,1,2,1,1,2,0
1,44,218,3,2,0,1,2,1,2,2,1,2,1,0
12,266,0,1,2,7,2,2,1,2,2,1,2,4,1
7,117,307,2,1,2,2,1,1,1,1,1,1,2,0
12,307,0,2,7,0,3,1,1,1,1,1,1,4,1
1,266,0,3,1,4,2,2,1,2,2,1,2,2,0
4,266,0,2,1,7,1,2,1,2,2,1,1,0,0
2,265,0,1,3,0,2,2,2,2,2,1,1,2,0
2,307,0,2,2,7,2,2,1,1,2,1,1,2,0
3,299,265,1,3,7,1,2,2,1,2,1,1,2,0
1,266,0,2,4,7,2,2,1,1,2,1,2,3,1
2,307,141,3,2,7,2,3,1,3,3,1,2,1,0
2,299,265,2,1,7,2,1,2,1,2,1,1,1,0
3,307,307,2,2,0,3,2,1,1,2,1,1,4,1
12,307,0,2,2,0,2,1,1,1,1,1,1,2,0
1,265,0,2,1,7,2,3,2,1,3,1,1,3,1
8,179,213,2,2,0,2,2,2,2,2,1,1,3,1
20,307,0,2,1,2,2,2,2,2,2,1,1,1,0
6,307,0,1,2,7,2,1,1,1,2,1,1,4,1
3,307,0,2,2,0,2,1,1,1,2,1,1,3,1
2,307,0,2,2,0,2,1,1,1,2,1,1,4,1
4,307,0,2,1,2,2,2,2,2,2,1,1,4,1
24,307,307,1,7,0,2,2,1,2,3,1,2,2,0
2,307,0,3,1,2,2,2,2,2,2,1,2,4,1
3,307,307,3,1,2,2,2,2,2,2,1,4,2,0
3,307,0,1,2,0,2,3,2,3,3,1,1,1,0
3,266,0,1,2,7,1,2,1,1,2,1,1,1,0
5,307,0,2,7,0,2,2,1,2,2,1,1,4,1
1,266,0,2,2,7,1,2,1,2,2,1,1,4,1
4,266,0,3,1,4,2,2,1,2,2,1,2,3,1
2,307,0,3,2,3,3,3,1,3,2,1,5,4,1
7,265,266,2,1,7,2,3,2,3,3,1,2,3,1
6,307,0,1,2,7,1,1,1,1,2,1,1,4,1
2,264,299,2,2,6,2,2,3,2,2,1,1,3,1
12,241,0,2,1,6,2,3,2,3,3,1,1,4,1
65,147,0,2,7,0,1,1,2,1,3,1,1,1,0
2,0,26,2,2,0,2,1,1,1,2,1,1,3,1
1,307,0,2,1,0,2,2,1,2,2,1,1,3,1
12,60,307,2,2,0,2,2,1,2,1,1,1,4,1
36,266,0,1,7,0,3,1,2,1,1,1,1,4,1
12,307,0,2,2,3,1,3,1,3,3,1,1,2,0
3,266,266,1,2,3,2,2,1,1,2,1,1,4,1
1,307,0,2,2,0,2,2,1,1,2,1,1,3,1
3,285,265,2,3,0,3,2,2,1,2,1,1,3,1
2,265,266,1,1,2,2,1,2,1,2,1,2,3,1
2,266,0,1,6,7,1,3,1,3,3,1,1,2,0
36,266,0,2,2,4,2,1,2,1,1,1,1,3,1
12,307,0,2,7,0,2,1,1,2,1,1,4,4,1
5,292,0,1,5,6,2,3,1,3,2,1,1,4,1
3,266,0,2,5,0,2,1,1,1,2,1,1,2,0
2,266,0,3,1,2,1,2,2,2,2,1,4,4,1
5,307,0,2,3,0,2,3,2,3,3,1,1,4,1
1,307,307,2,1,2,2,2,2,1,2,1,1,3,1
2,306,0,3,1,7,1,2,1,2,2,1,3,2,0
7,264,266,2,2,0,3,2,3,1,2,1,1,1,0
12,307,0,2,1,2,3,1,1,1,1,1,1,4,1
1,307,0,2,5,0,2,2,2,2,2,1,1,3,1
3,307,0,2,2,0,2,1,1,1,2,1,1,2,0
8,307,0,2,2,7,2,1,1,1,1,1,1,2,0
2,307,0,1,1,7,2,2,1,1,2,1,1,3,1
2,266,0,1,1,6,1,2,1,2,2,1,1,2,0
3,307,0,1,1,0,1,3,2,3,3,1,1,4,1
3,265,0,3,1,6,2,2,2,1,2,1,6,2,0
2,307,307,1,1,2,2,1,2,1,2,1,1,4,1
4,266,0,3,4,6,1,2,1,1,1,1,4,2,0
2,307,307,2,1,2,2,2,1,2,2,1,5,2,0
36,266,0,2,2,4,2,1,1,1,1,1,1,4,1
4,307,0,2,2,0,2,1,1,1,2,1,1,4,1
36,218,0,1,7,0,3,1,3,1,1,1,1,4,1
49,307,307,1,2,0,2,1,1,1,1,1,2,4,1
3,264,0,1,2,7,3,2,3,1,2,1,1,1,0
3,265,0,3,3,7,2,2,2,2,2,1,2,3,1
3,307,0,1,2,5,2,1,1,1,2,1,1,3,1
72,218,213,1,5,7,2,1,2,1,2,1,1,4,1
5,141,218,2,5,7,2,1,1,1,1,1,1,2,0
24,307,0,1,5,7,3,3,1,3,3,1,1,1,0
1,307,307,3,7,0,2,2,2,2,2,1,9,4,1
1,282,0,1,1,2,2,2,2,2,2,1,1,0,0
29,109,0,1,2,3,3,3,3,3,2,1,1,2,0
2,307,307,2,1,2,2,2,1,2,2,1,1,2,0
2,243,0,2,7,0,1,2,1,2,1,1,1,4,1
6,299,0,1,3,0,1,3,1,3,3,1,1,4,1
1,307,0,2,1,3,2,2,2,1,2,1,1,2,0
12,303,0,2,1,2,1,1,2,1,1,1,1,4,1
1,307,0,3,1,2,2,2,2,2,2,1,7,1,0
3,307,0,3,1,4,2,2,2,2,2,1,2,2,0
2,307,0,3,1,2,2,1,1,1,2,1,4,4,1
4,307,307,2,2,0,2,1,1,1,1,1,1,4,1
7,299,264,1,6,7,2,2,3,1,2,1,1,3,1
1,266,0,2,1,6,1,2,1,2,2,1,1,3,1
2,265,266,2,6,7,1,1,2,1,2,1,1,3,1
1,307,0,2,2,0,1,2,1,2,2,1,1,1,0
24,307,0,2,7,0,2,3,1,3,3,1,1,4,1
8,266,0,2,6,7,2,1,1,1,1,1,1,2,0
24,205,218,2,3,5,1,1,3,1,2,1,1,4,1
12,307,0,1,4,7,2,1,1,1,1,1,1,3,1
12,213,0,1,5,0,2,1,2,1,1,1,1,2,0
1,307,0,3,1,2,3,1,1,1,2,1,4,4,1
24,307,0,2,2,7,2,1,2,1,1,1,1,2,0
2,307,0,3,2,3,1,2,1,2,2,1,3,2,0
10,307,0,2,2,0,2,1,1,1,2,1,1,3,1
3,265,0,2,1,4,2,2,2,1,2,1,2,4,1
12,266,0,2,2,7,2,2,2,2,3,1,1,4,1
1,292,0,1,2,6,3,3,2,3,3,1,1,3,1
2,218,307,3,1,2,2,3,2,3,3,1,3,1,0
2,266,0,2,1,7,2,1,1,3,3,1,1,2,0
2,266,0,3,1,2,2,2,1,2,2,1,5,3,1
2,266,0,3,1,3,2,2,1,2,2,1,4,2,0
1,307,0,3,1,2,2,2,1,2,2,1,4,1,0
24,240,0,1,1,2,1,3,1,3,3,1,1,0,0
3,285,266,3,6,7,2,2,2,2,2,1,2,3,1
2,266,0,2,1,0,1,2,1,2,2,1,1,4,1
3,266,0,2,1,7,2,1,1,2,1,1,1,4,1
1,307,0,1,1,5,1,2,2,2,2,1,1,2,0
6,243,266,1,1,2,1,3,2,1,2,1,1,4,1
2,307,0,2,2,0,2,2,2,1,2,1,1,1,0
3,266,0,3,5,0,2,2,1,1,2,1,2,1,0
2,307,0,1,2,7,1,2,1,2,2,1,1,2,0
6,265,0,3,1,4,2,2,2,1,2,1,4,1,0
2,266,0,3,1,4,2,2,1,2,2,1,3,2,0
1,266,0,2,1,7,2,2,1,1,2,1,1,2,0
3,26,307,1,1,2,2,3,1,3,2,1,1,2,0
4,78,307,1,1,2,2,1,2,1,2,1,1,4,1
7,266,0,2,1,2,2,2,1,2,2,1,1,2,0
12,266,266,3,2,7,2,1,1,1,1,1,7,2,0
48,69,69,2,3,5,1,1,2,1,1,1,1,4,1
24,69,0,2,2,5,1,1,2,1,1,1,1,1,0
2,307,0,2,1,2,3,1,1,1,2,1,1,2,0
96,307,0,1,1,7,2,2,1,2,2,1,1,4,1
24,307,307,2,7,0,3,1,2,1,2,1,1,4,1
2,307,0,2,1,7,2,2,1,1,2,1,1,2,0
4,264,266,3,1,2,2,1,3,1,2,1,2,2,0
5,307,213,1,1,2,2,1,2,1,2,1,1,1,0
2,265,0,2,1,7,1,2,2,2,2,1,1,1,0
60,307,0,1,1,3,2,3,1,3,3,1,1,4,1
2,307,173,1,1,7,2,1,1,1,2,1,1,2,0
2,307,307,2,3,0,3,2,2,2,2,1,6,3,1
3,264,0,1,1,3,1,2,3,2,2,1,1,1,0
4,307,0,2,2,7,2,1,2,1,2,1,1,3,1
14,307,0,2,1,0,2,3,1,1,2,1,1,3,1
1,307,0,2,2,0,2,2,1,2,2,1,1,2,0
3,266,0,3,1,6,2,2,2,1,2,1,2,2,0
24,307,307,2,5,7,2,1,2,1,1,1,1,3,1
2,266,0,2,1,7,2,2,1,1,2,1,1,2,0
2,299,0,3,1,3,2,2,1,2,2,1,5,4,1
3,299,0,1,2,0,1,2,1,1,2,1,1,1,0
24,266,0,1,6,7,2,1,1,1,1,1,1,2,0
42,179,307,1,5,0,1,1,2,1,1,1,1,3,1
9,307,0,2,5,0,2,1,1,1,1,1,1,2,0
2,141,307,2,1,3,3,2,1,2,2,1,1,3,1
1,264,0,2,1,2,2,2,3,2,2,1,1,0,0
12,307,307,1,2,5,2,3,1,3,1,1,2,3,1
19,307,109,2,2,0,2,1,2,1,1,1,1,2,0
9,307,0,2,2,0,2,1,1,1,1,1,1,4,1
2,227,307,2,2,0,2,1,1,1,2,1,1,3,1
36,179,69,2,5,7,1,1,2,1,1,1,1,2,0
3,266,0,2,1,4,2,2,1,2,3,1,2,4,1
24,179,0,1,5,0,2,1,3,1,3,1,1,4,1
6,218,195,1,2,5,2,1,2,1,1,1,1,3,1
36,109,0,1,3,0,3,1,3,1,2,1,1,1,0
18,265,0,2,5,7,2,2,1,2,2,1,1,0,0
1,266,0,1,2,6,1,2,1,3,2,1,1,2,0
2,266,0,1,1,2,1,2,1,1,2,1,1,1,0
48,109,0,1,3,0,3,1,3,1,1,1,1,3,1
12,307,0,1,2,7,3,1,1,1,1,1,1,4,1
10,243,0,1,1,6,2,1,2,2,2,1,1,2,0
1,307,307,2,1,2,2,2,2,2,2,1,1,3,1
3,265,0,2,1,2,1,2,2,1,2,1,1,4,1
15,169,0,2,7,0,3,1,2,1,3,1,1,2,0
4,266,0,1,3,7,2,1,1,1,2,1,1,1,0
2,286,299,3,1,4,2,2,1,1,2,1,2,4,1
5,128,307,1,2,7,2,1,1,1,1,1,1,2,0
4,307,0,1,1,2,1,2,1,1,2,1,1,2,0
0,266,0,3,1,4,1,2,1,2,2,1,4,4,1
1,265,0,1,4,7,2,2,2,2,2,1,1,1,0
48,147,0,2,7,0,1,1,3,1,2,1,1,1,0
3,307,307,2,2,5,2,2,2,2,2,1,1,3,1
2,265,0,1,2,0,2,1,2,1,3,1,1,2,0
1,299,0,2,2,6,1,2,1,1,2,1,1,1,0
2,307,0,2,1,0,2,2,2,2,2,1,1,2,0
18,266,0,2,1,2,2,1,1,1,2,1,1,4,1
2,307,307,1,2,0,2,1,2,1,2,1,1,1,0
3,266,0,2,4,0,1,2,1,2,2,1,1,0,0
2,265,266,2,2,5,2,2,2,1,2,1,1,0,0
12,152,307,1,1,0,2,2,1,1,1,1,1,2,0
24,307,0,1,2,7,2,1,2,1,1,1,1,4,1
2,307,0,2,2,7,1,1,1,1,2,1,1,2,0
108,178,169,2,2,0,1,3,3,1,2,1,1,4,1
3,266,0,2,1,0,1,2,1,2,2,1,1,4,1
3,266,0,2,1,0,1,2,1,2,2,1,1,2,0
12,299,0,1,1,6,2,2,1,1,2,1,1,4,1
17,189,0,2,2,0,3,2,1,2,2,1,1,4,1
3,266,0,1,2,3,1,1,1,1,2,1,1,3,1
3,265,265,2,1,6,1,2,2,1,1,1,3,4,1
6,266,0,2,3,5,2,1,1,1,1,1,1,4,1
8,307,0,2,4,5,2,3,1,3,3,1,1,4,1
24,307,0,1,2,0,3,3,1,3,3,1,1,4,1
41,83,0,2,2,0,2,1,2,1,2,1,1,2,0
2,307,0,1,2,0,2,2,1,2,2,1,1,1,0
24,266,0,2,1,2,2,1,2,1,2,1,1,3,1
2,307,0,1,1,0,2,2,1,2,2,1,2,2,0
3,307,0,1,1,0,2,3,2,3,3,1,1,4,1
10,307,117,2,1,2,2,1,2,1,1,1,1,4,1
5,299,0,3,3,0,2,1,1,1,2,1,2,2,0
2,307,0,2,1,7,2,1,1,1,1,1,1,1,0
21,179,0,1,7,0,1,1,2,1,2,1,1,4,1
7,307,0,2,5,7,2,1,1,1,1,1,1,3,1
3,266,299,1,1,6,2,1,1,1,2,1,1,3,1
6,307,0,2,1,2,2,1,1,1,2,1,1,4,1
6,307,307,1,1,4,3,1,1,1,2,1,1,4,1
5,266,0,3,4,5,1,2,1,2,3,1,4,4,1
12,307,0,2,1,4,2,1,1,1,1,1,1,4,1
1,243,245,2,1,2,1,2,1,2,2,1,1,3,1
3,266,265,3,3,7,1,2,2,2,2,1,2,0,0
4,265,0,1,2,7,2,2,2,1,3,1,1,2,0
11,266,0,1,1,6,2,1,1,1,2,1,1,4,1
2,266,0,3,1,2,2,2,1,2,2,1,2,1,0
6,266,0,2,1,4,1,2,1,1,1,1,1,2,0
6,266,0,1,3,0,1,1,1,1,1,1,1,2,0
3,307,307,1,1,2,2,2,1,2,2,1,2,3,1
3,297,0,1,1,2,3,2,2,2,2,1,1,4,1
4,307,0,1,2,7,2,2,2,2,2,1,1,4,1
2,307,0,2,7,0,2,1,2,1,2,1,1,4,1
2,307,0,3,1,2,2,2,1,2,3,1,6,4,1
3,307,0,2,1,7,2,1,2,1,2,1,2,2,0
1,307,0,2,1,7,2,2,1,2,2,1,1,2,0
4,266,0,2,6,7,1,2,1,2,2,1,2,2,0
5,276,285,2,2,5,3,1,3,1,2,1,1,3,1
2,307,0,2,2,7,2,1,1,1,2,1,1,4,1
2,266,0,1,7,0,2,1,1,1,2,1,1,2,0
1,307,0,2,2,0,2,3,1,3,2,1,1,3,1
3,266,0,2,1,3,2,1,1,1,1,1,1,1,0
6,292,266,1,2,7,2,1,1,1,1,1,1,4,1
1,266,0,3,1,2,1,2,1,2,2,1,4,0,0
4,252,0,2,4,5,2,2,1,2,2,1,2,2,0
41,265,0,2,1,7,2,1,2,1,1,1,1,4,1
24,307,0,1,1,2,2,3,1,3,3,1,1,4,1
2,266,0,3,1,3,2,2,1,1,2,1,3,2,0
1,307,0,3,1,2,2,2,1,2,2,1,8,3,1
17,285,0,2,5,7,2,2,2,2,2,1,1,2,0
1,213,307,1,1,2,2,2,2,2,2,1,1,2,0
3,307,0,2,7,0,2,2,2,2,2,1,1,1,0
9,307,0,2,3,4,1,1,2,1,1,1,1,1,0
6,265,266,1,2,7,2,2,2,1,2,1,1,1,0
6,179,0,2,2,3,2,1,2,1,2,1,1,2,0
12,20,0,2,1,2,1,1,1,1,1,1,1,1,0
2,307,0,1,2,7,2,1,1,1,2,1,1,3,1
2,265,0,1,2,5,2,1,2,1,2,1,1,2,0
12,307,0,1,1,7,2,3,2,3,3,1,1,4,1
2,307,0,3,1,2,2,2,2,1,2,1,9,4,1
1,266,266,3,2,3,1,2,2,2,2,1,2,4,1
3,265,0,3,1,5,1,2,2,2,2,1,4,4,1
1,266,0,2,1,2,2,2,2,1,2,1,1,3,1
2,266,0,2,1,7,1,2,1,2,2,1,4,2,0
3,266,0,1,1,2,1,2,1,2,2,1,1,2,0
12,266,0,1,2,0,2,1,1,1,1,1,1,4,1
12,283,0,2,4,7,2,3,2,2,3,1,1,4,1
1,307,0,2,2,7,2,1,1,1,2,1,1,2,0
1,307,0,2,2,0,2,2,1,2,2,1,1,1,0
0,266,0,3,1,0,1,2,1,2,2,1,5,4,1
2,307,0,1,1,2,2,2,1,2,2,1,1,3,1
7,119,0,1,6,7,4,1,3,1,3,1,1,2,0
36,307,0,2,2,0,2,2,1,2,3,1,1,2,0
3,307,0,2,1,2,2,1,1,1,2,1,1,4,1
8,307,0,2,1,0,2,3,3,3,3,1,1,2,0
3,307,0,2,2,5,2,2,2,1,2,1,1,4,1
3,251,264,1,1,7,2,2,2,2,2,1,1,2,0
12,300,300,3,2,6,2,2,1,2,1,1,2,3,1
3,307,0,2,1,0,2,1,2,1,2,1,1,4,1
3,282,283,1,2,4,1,2,2,3,2,1,2,4,1
3,307,307,1,1,7,2,1,2,1,2,1,1,1,0
4,266,0,1,3,0,2,3,1,3,2,1,1,4,1
2,266,0,3,1,2,1,2,1,2,2,1,3,0,0
2,266,266,1,4,0,1,2,1,1,2,1,1,1,0
2,307,240,1,2,5,1,2,2,2,2,1,1,1,0
2,307,0,2,7,0,2,1,2,1,3,1,1,3,1
2,307,0,2,2,0,2,1,2,1,2,1,1,3,1
1,266,0,3,6,0,1,2,1,1,2,1,2,4,1
3,266,0,1,3,0,2,2,1,1,2,1,1,1,0
18,266,0,3,4,0,3,2,1,2,2,1,5,3,1
10,266,0,2,2,0,1,2,1,1,1,1,1,1,0
3,265,0,1,4,7,1,1,2,1,2,1,1,1,0
2,307,141,2,2,0,2,1,2,1,2,1,1,0,0
2,307,307,2,1,2,1,2,1,2,2,1,2,0,0
1,265,0,1,1,7,3,2,2,1,3,1,1,1,0
49,69,0,2,2,0,2,1,2,1,2,1,2,1,0
18,103,0,1,1,2,3,3,2,3,3,1,1,1,0
4,249,0,1,4,0,2,3,1,1,2,1,1,1,0
2,307,0,1,1,2,1,1,1,1,2,1,1,4,1
7,307,0,1,1,2,3,1,3,1,2,1,1,3,1
3,266,0,2,1,6,1,3,1,3,3,1,2,2,0
3,307,0,3,1,2,2,2,1,2,2,1,4,4,1
2,251,0,1,6,0,1,2,1,1,2,1,1,1,0
4,266,254,2,1,2,2,2,1,1,2,1,1,3,1
7,299,0,1,1,2,3,1,1,1,2,1,1,2,0
2,307,307,3,1,2,2,2,1,2,2,1,4,1,0
10,266,0,2,1,3,2,3,1,3,2,1,1,4,1
4,265,0,2,2,3,2,2,2,2,2,1,1,3,1
24,285,0,2,3,4,2,3,2,3,2,1,1,1,0
6,266,0,2,1,6,2,1,1,1,1,1,1,3,1
12,182,0,2,5,0,1,1,1,1,2,1,1,1,0
2,307,0,2,1,2,2,2,2,2,2,1,1,2,0
6,307,103,2,3,5,2,1,2,1,2,1,1,1,0
2,307,0,1,1,2,2,2,1,2,2,1,1,2,0
1,266,0,3,1,7,2,2,1,2,2,1,4,3,1
3,307,0,2,1,2,2,2,2,2,2,1,1,1,0
1,266,0,2,1,4,2,2,1,2,2,1,1,3,1
14,264,264,2,1,7,3,1,3,1,1,1,1,4,1
4,266,0,2,6,0,2,2,1,2,2,1,1,1,0
2,307,0,2,4,0,2,3,2,2,3,1,1,4,1
6,307,0,3,1,0,2,2,2,2,2,1,4,4,1
4,266,0,3,4,6,2,1,2,1,2,1,2,1,0
2,307,0,2,2,0,2,1,1,1,2,1,1,4,1
3,266,0,2,5,6,1,2,1,1,2,1,1,3,1
1,307,307,2,1,2,2,3,2,3,2,1,1,4,1
2,307,0,2,1,0,2,2,2,1,2,1,1,3,1
3,307,0,2,1,2,2,1,2,1,2,1,1,2,0
36,147,0,1,7,0,1,1,3,1,2,1,1,1,0
2,265,0,3,1,6,1,2,2,2,2,1,2,1,0
108,205,0,2,6,7,1,1,2,1,1,1,1,4,1
3,307,103,1,1,7,2,1,2,1,2,1,1,3,1
2,307,0,3,1,2,2,1,1,1,2,1,4,2,0
8,266,0,3,3,0,2,3,1,3,3,1,2,4,1
2,307,0,1,1,2,1,3,1,3,3,1,1,2,0
2,292,266,1,2,0,1,1,1,2,2,1,1,3,1
2,307,0,2,2,0,2,1,2,1,1,1,1,4,1
2,307,0,1,7,0,2,1,2,1,2,1,1,2,0
3,265,265,3,1,4,2,2,2,2,2,1,2,3,1
3,307,0,2,1,0,2,2,1,1,2,1,1,2,0
6,60,0,2,2,0,1,3,1,3,2,1,1,4,1
2,265,0,2,1,2,2,2,1,1,3,1,1,2,0
10,307,307,1,4,7,3,1,1,1,1,1,1,4,1
2,307,307,3,1,2,2,2,2,2,2,1,6,1,0
3,266,0,2,1,6,1,2,1,2,2,1,1,2,0
3,265,0,3,1,7,2,2,2,2,2,1,3,0,0
1,266,0,1,3,5,1,2,2,2,2,1,1,2,0
5,307,0,2,5,0,2,1,1,1,1,1,1,4,1
3,247,0,1,1,6,2,1,1,1,2,1,1,2,0
96,69,69,1,2,3,2,1,2,1,2,1,2,1,0
2,307,0,1,1,7,2,1,2,1,2,1,1,3,1
21,266,0,1,1,7,2,1,1,1,1,1,1,2,0
1,265,0,1,1,7,2,2,2,1,2,1,1,1,0
7,285,0,2,1,3,2,1,2,1,2,1,1,2,0
3,266,266,3,1,6,2,3,2,3,3,1,6,4,1
2,307,78,2,1,2,2,2,2,1,2,1,1,2,0
14,266,0,1,3,7,2,1,1,1,1,1,2,3,1
3,266,0,1,6,7,1,2,1,2,2,1,1,0,0
3,218,307,1,1,7,2,2,1,2,2,1,1,3,1
24,119,119,2,1,7,3,1,2,1,2,1,1,1,0
20,307,0,1,1,0,2,1,1,1,2,1,1,4,1
1,307,0,1,2,7,2,1,1,1,2,1,1,3,1
3,307,307,2,1,2,2,2,2,1,2,1,1,2,0
20,266,285,2,7,0,2,2,1,2,1,1,1,2,0
7,307,307,1,1,2,2,1,1,1,3,1,1,4,1
1,266,0,1,4,7,1,2,1,1,2,1,1,2,0
12,266,0,1,4,5,3,2,1,2,2,1,1,3,1
2,266,0,2,2,4,2,3,2,3,3,1,1,1,0
2,307,218,2,1,3,2,1,2,1,2,1,1,1,0
2,307,0,2,3,0,2,2,1,1,2,1,1,2,0
8,307,20,2,1,2,2,1,1,1,1,1,1,2,0
1,266,0,3,1,5,1,2,1,2,2,1,2,3,1
2,266,0,2,6,7,1,1,1,1,2,1,3,3,1
9,266,0,1,1,7,2,2,1,1,2,1,1,3,1
3,266,265,2,2,3,2,2,1,2,2,1,1,3,1
0,307,0,1,1,2,3,2,1,2,2,1,5,2,0
2,266,0,1,5,7,2,2,1,1,2,1,1,1,0
2,307,0,2,4,0,1,2,1,1,2,1,1,1,0
36,307,0,2,2,7,2,3,1,3,3,1,1,3,1
4,265,0,2,1,7,2,1,2,1,2,1,1,3,1
0,307,307,3,1,2,2,2,2,2,2,1,7,4,1
2,307,0,2,1,0,2,2,1,2,2,1,1,2,0
36,266,0,2,6,7,2,1,1,3,2,1,1,3,1
6,283,0,2,1,6,2,1,1,1,1,1,1,2,0
2,243,0,2,1,4,2,2,1,2,2,1,1,2,0
3,299,0,2,1,2,1,1,1,1,2,1,1,2,0
8,189,0,2,1,7,2,1,1,1,1,1,1,3,1
2,266,0,2,1,0,1,2,1,1,2,1,1,1,0
10,266,0,3,4,0,2,3,1,1,2,1,2,4,1
4,307,0,2,2,0,2,2,1,2,2,1,1,1,0
1,266,0,3,1,6,2,2,1,2,2,1,4,4,1
3,119,21,1,1,7,2,1,3,1,2,1,1,3,1
2,307,0,1,1,0,2,2,1,1,2,1,1,3,1
5,307,0,2,1,0,1,2,1,2,2,1,1,4,1
3,103,307,2,1,2,2,2,2,1,2,1,1,1,0
2,152,0,2,1,2,1,2,1,1,2,1,2,1,0
1,276,249,1,1,7,4,2,2,1,2,1,1,0,0
2,266,265,1,2,4,2,2,1,2,2,1,2,1,0
3,299,266,2,1,0,1,2,1,1,2,1,1,4,1
2,266,0,3,2,0,1,3,1,3,3,1,4,1,0
4,307,0,2,5,0,2,3,2,3,2,1,1,2,0
20,307,213,2,1,7,2,1,1,1,1,1,1,2,0
36,307,141,2,1,0,2,2,1,2,2,1,1,4,1
1,266,266,3,1,4,1,2,1,2,2,1,2,2,0
8,307,218,2,1,7,2,1,1,1,1,1,1,3,1
6,266,265,2,1,6,1,1,2,1,1,1,4,4,1
1,189,307,3,1,2,2,3,2,1,2,1,2,2,0
4,265,0,1,2,0,1,3,2,3,3,1,1,4,1
2,266,0,1,3,4,1,2,1,1,2,1,1,1,0
2,266,0,2,3,0,2,2,1,1,2,1,1,3,1
12,307,0,1,5,7,2,1,2,1,3,1,1,4,1
5,307,0,2,1,0,2,1,2,1,1,1,1,4,1
4,299,0,1,2,7,2,3,1,1,1,1,2,4,1
18,266,0,1,2,0,1,3,1,1,3,1,1,3,1
2,307,307,1,2,7,2,1,2,1,2,1,1,3,1
15,307,0,2,7,0,2,1,1,1,1,1,1,1,0
4,266,266,2,1,6,2,3,1,3,3,1,1,4,1
1,307,0,1,1,2,2,1,1,1,2,1,1,3,1
13,307,0,2,2,0,2,1,1,1,1,1,1,0,0
2,266,0,2,1,0,2,2,2,1,2,1,1,3,1
3,266,0,1,1,7,2,3,1,3,3,1,1,2,0
24,241,0,2,1,2,2,3,3,3,3,1,1,2,0
84,152,0,1,2,5,1,1,1,1,2,1,1,3,1
1,141,307,2,4,7,2,2,2,2,2,1,1,4,1
14,243,0,2,1,6,2,1,2,3,3,1,1,2,0
12,266,265,1,5,6,2,3,1,3,3,1,1,2,0
6,285,0,2,1,7,2,3,3,3,3,1,1,2,0
1,307,0,1,2,0,2,2,1,1,2,1,1,2,0
6,265,0,2,1,7,2,1,2,1,2,1,1,3,1
1,307,0,3,1,4,2,2,2,2,2,1,3,3,1
15,266,0,1,1,2,3,2,1,2,2,1,1,1,0
2,307,188,2,2,0,2,1,2,1,2,1,1,4,1
2,307,0,2,2,7,2,2,1,1,2,1,1,4,1
2,307,0,2,1,2,1,3,1,3,2,1,1,4,1
60,60,128,3,1,2,1,1,1,1,1,1,2,3,1
2,307,0,3,2,6,2,2,2,2,2,1,3,2,0
3,265,0,2,1,2,2,1,2,1,2,1,1,1,0
3,266,0,2,5,6,2,2,1,1,2,1,1,2,0
10,266,299,2,1,6,2,2,1,1,2,1,1,4,1
84,169,0,1,7,0,1,3,2,3,3,1,1,1,0
3,265,299,2,1,6,1,2,2,2,2,1,1,1,0
18,266,0,2,1,2,2,1,1,1,1,1,1,3,1
2,307,0,1,1,2,1,1,1,1,2,1,1,4,1
6,307,0,2,5,0,2,2,2,1,2,1,1,1,0
1,265,0,1,4,7,2,2,2,2,2,1,1,1,0
2,307,0,3,1,2,2,2,1,2,2,1,3,3,1
3,152,0,1,2,0,1,1,1,1,3,1,1,2,0
4,266,0,3,1,5,1,2,1,2,2,1,5,1,0
84,307,0,1,4,0,2,1,2,1,1,1,1,4,1
24,307,307,1,1,0,2,3,2,3,3,1,1,4,1
3,266,0,1,1,6,1,2,1,2,2,1,1,1,0
6,241,0,1,1,7,2,2,2,2,2,1,1,0,0
1,266,0,3,1,4,1,2,1,2,2,1,3,3,1
2,307,307,2,1,7,2,1,2,1,2,1,1,2,0
2,266,0,2,1,4,1,2,1,1,3,1,1,2,0
11,307,0,2,1,0,2,1,1,1,1,1,1,4,1
5,213,152,2,2,3,1,1,1,1,1,1,1,3,1
2,292,0,2,5,0,2,2,1,2,2,1,1,1,0
72,307,0,2,1,7,1,1,2,1,1,1,1,4,1
48,128,0,1,2,7,1,2,1,2,2,1,1,1,0
2,307,0,3,1,2,2,2,1,1,2,1,5,3,1
3,307,307,2,1,2,1,3,1,3,3,1,1,4,1
50,20,0,1,1,2,2,3,2,2,3,1,1,1,0
60,299,0,3,1,2,2,1,2,1,1,1,3,4,1
4,307,0,2,4,7,2,1,1,1,3,1,1,3,1
5,303,254,3,1,4,1,1,1,1,2,1,4,2,0
1,264,0,1,1,0,3,2,3,2,2,1,1,2,0
0,307,0,3,1,2,2,3,2,3,3,1,7,3,1
2,307,0,2,1,2,2,2,1,1,2,1,1,2,0
24,205,0,2,6,7,1,3,3,3,3,1,1,1,0
3,299,0,1,3,0,1,3,1,3,3,1,1,4,1
60,195,0,2,1,0,1,3,1,3,3,1,1,0,0
1,264,0,2,1,2,3,2,3,2,3,1,1,1,0
2,292,265,1,2,0,1,3,2,3,3,1,1,1,0
15,264,285,2,7,0,3,1,3,1,2,1,1,3,1
77,205,0,2,2,7,2,1,1,1,1,1,1,2,0
3,307,0,3,1,2,2,3,1,3,3,1,2,4,1
1,266,266,2,2,5,1,2,1,2,2,1,2,1,0
1,266,0,2,1,2,1,2,1,2,2,1,1,3,1
12,292,0,2,1,2,1,2,2,1,1,1,1,2,0
5,141,307,2,3,5,2,2,1,1,1,1,1,3,1
3,141,307,2,1,7,2,2,1,2,2,1,1,0,0
2,307,0,2,1,4,3,3,2,3,2,1,1,3,1
7,266,0,1,6,7,2,3,1,3,2,1,1,3,1
3,307,0,2,1,2,2,1,1,1,1,1,1,1,0
3,307,307,2,3,5,2,1,2,1,2,1,1,4,1
13,307,0,1,2,0,2,1,2,1,2,1,1,1,0
1,266,0,1,1,6,1,2,1,1,2,1,1,1,0
7,266,0,3,2,0,2,3,1,1,2,1,3,4,1
2,218,0,2,5,0,2,2,2,2,2,1,1,2,0
2,307,0,2,3,5,2,2,2,2,2,1,1,2,0
6,265,299,1,3,7,2,2,2,2,2,1,1,2,0
6,103,307,2,1,2,2,2,2,1,1,1,1,2,0
62,109,307,2,3,5,2,1,2,1,1,1,1,3,1
19,265,265,2,1,4,3,1,2,3,1,1,1,0,0
3,307,26,2,1,2,2,1,1,1,2,1,1,1,0
1,307,0,1,2,7,2,1,2,1,2,1,1,3,1
1,307,0,1,5,7,2,2,1,2,2,1,1,2,0
3,266,0,1,1,7,2,2,1,1,2,1,1,1,0
4,266,266,2,2,0,1,2,1,2,2,1,1,2,0
5,307,0,3,1,2,2,2,1,2,2,1,2,3,1
3,307,0,2,1,2,1,3,1,3,3,1,1,2,0
5,307,0,1,2,5,2,1,2,1,2,1,1,2,0
6,307,0,2,2,0,2,1,1,1,1,1,1,3,1
0,307,0,3,1,6,1,2,2,2,2,1,6,1,0
36,307,0,2,1,2,3,2,1,2,2,1,1,4,1
1,307,0,3,2,5,2,2,2,2,2,1,8,4,1
7,266,0,1,3,7,1,1,1,1,1,1,1,1,0
12,265,0,2,1,2,2,1,2,1,1,1,2,4,1
96,109,0,1,3,0,3,1,3,1,2,1,1,4,1
6,266,0,2,3,4,1,3,2,3,3,1,1,4,1
12,265,0,3,1,6,2,2,2,2,2,1,4,2,0
4,307,307,2,2,0,2,1,2,1,2,1,1,3,1
12,266,0,1,4,0,3,1,1,1,1,1,1,2,0
3,292,0,1,1,7,1,2,1,2,2,1,1,2,0
100,205,0,1,5,6,1,1,1,3,2,1,1,2,0
12,265,0,2,3,0,2,2,2,2,2,1,1,1,0
3,266,265,1,4,5,2,1,2,1,2,1,1,2,0
2,307,218,1,1,2,2,2,1,2,2,1,1,3,1
2,307,0,1,2,0,2,1,2,1,2,1,1,2,0
24,266,266,3,1,2,3,2,1,2,2,1,5,4,1
24,307,0,2,2,0,2,1,2,1,2,1,1,4,1
8,307,0,2,2,0,1,1,1,1,1,1,1,4,1
5,266,266,3,4,6,2,2,1,2,1,1,3,4,1
8,307,0,2,2,0,2,1,2,1,1,1,1,3,1
2,265,0,2,2,7,2,2,2,2,2,1,1,1,0
15,306,0,1,1,7,2,1,1,1,2,1,1,4,1
2,147,307,3,2,5,1,3,2,3,3,1,2,3,1
3,266,264,3,2,7,1,2,1,1,2,1,2,1,0
3,141,307,2,1,2,3,2,1,2,2,1,1,2,0
2,266,0,3,1,2,2,2,1,2,2,1,4,1,0
1,266,265,2,1,4,2,2,2,2,2,1,2,4,1
84,207,0,1,1,2,2,1,1,1,1,1,1,3,1
2,265,0,3,5,6,2,3,2,3,3,1,2,1,0
6,307,307,2,2,0,2,2,1,2,2,1,1,4,1
1,266,0,1,1,7,2,2,2,2,2,1,1,4,1
4,307,0,1,1,2,2,2,2,1,2,1,1,2,0
3,266,0,2,4,7,2,1,1,1,2,1,1,2,0
1,265,266,1,3,7,2,2,2,2,2,1,1,2,0
2,189,307,2,1,7,3,1,2,1,3,1,1,1,0
60,264,264,3,1,6,3,1,3,1,1,1,2,2,0
11,266,0,3,3,7,2,2,2,2,2,1,3,4,1
3,307,103,1,1,0,2,1,2,1,2,1,1,2,0
8,243,0,1,7,0,2,3,1,3,3,1,1,4,1
2,307,0,3,1,2,2,1,1,1,2,1,2,2,0
4,266,0,2,1,2,2,1,1,1,1,1,1,3,1
3,307,103,1,1,2,2,2,1,1,1,1,1,1,0
2,307,0,2,1,2,2,3,2,3,2,1,1,2,0
6,299,0,3,6,7,1,2,1,1,2,1,2,3,1
3,299,0,3,7,0,2,2,1,2,2,1,2,2,0
24,307,307,1,1,2,2,3,2,3,3,1,2,4,1
7,307,20,1,5,7,2,1,1,1,1,1,1,3,1
2,307,0,2,2,3,2,2,1,2,2,1,1,1,0
1,265,0,1,1,6,2,2,2,2,2,1,1,2,0
7,206,0,2,6,7,3,1,2,1,2,1,1,2,0
3,307,307,1,1,7,1,2,1,1,2,1,5,4,1
2,189,307,1,1,2,3,3,2,3,3,1,1,2,0
7,266,0,1,1,7,2,2,1,1,2,1,1,2,0
3,307,0,1,2,0,2,2,2,1,2,1,1,1,0
8,307,0,2,1,2,2,2,3,1,1,1,1,3,1
2,307,307,1,2,0,2,1,2,1,2,1,1,2,0
12,265,266,3,1,2,2,2,2,2,3,1,3,3,1
2,78,307,2,1,2,2,1,1,1,2,1,4,3,1
2,266,0,1,2,7,2,3,1,3,2,1,1,3,1
5,307,0,1,2,0,2,1,1,1,2,1,1,3,1
60,179,179,2,2,0,1,1,3,1,1,1,1,1,0
12,307,213,1,4,7,2,1,2,1,2,1,1,3,1
3,307,0,3,1,2,2,1,2,1,3,1,4,4,1
5,266,0,2,7,0,2,2,1,1,2,1,1,3,1
36,307,0,1,2,7,2,1,2,3,1,1,1,4,1
2,307,0,3,1,5,2,2,1,2,2,1,4,3,1
3,307,0,2,2,0,2,1,1,1,2,1,1,4,1
2,307,0,3,1,5,2,2,1,2,2,1,5,1,0
2,307,0,1,1,2,2,2,1,2,2,1,1,3,1
60,218,0,2,2,0,2,3,2,1,1,1,1,1,0
2,307,307,2,1,2,2,2,1,2,2,1,3,4,1
12,265,0,2,2,5,2,1,2,1,3,1,1,2,0
3,307,0,1,1,2,2,1,1,1,2,1,1,2,0
30,307,307,1,2,0,2,3,1,3,3,1,1,4,1
12,283,0,2,6,7,3,1,2,1,1,1,1,2,0
2,266,0,1,2,5,2,2,1,2,2,1,1,3,1
2,266,0,1,3,0,1,2,1,1,2,1,1,3,1
6,266,0,2,1,0,1,2,1,2,2,1,1,4,1
9,265,0,1,3,0,1,2,2,2,2,1,1,4,1
5,299,264,2,4,0,3,2,3,1,2,1,1,1,0
3,266,0,2,1,2,2,2,1,2,2,1,2,4,1
2,299,266,2,1,2,1,2,2,2,2,1,1,4,1
5,17,0,1,1,2,1,1,2,1,2,1,2,1,0
1,241,241,1,2,3,1,2,2,2,2,1,1,1,0
8,265,0,2,6,0,2,1,2,1,1,1,1,3,1
3,285,264,1,3,7,3,3,2,3,3,1,1,1,0
12,266,0,1,1,7,3,1,2,1,2,1,1,4,1
5,299,0,2,1,6,1,1,3,1,3,1,1,2,0
1,307,307,1,1,2,2,2,2,1,2,1,1,3,1
1,283,0,2,1,0,1,2,2,1,2,1,1,2,0
1,265,0,1,3,7,1,2,2,2,2,1,1,3,1
8,307,0,1,1,2,2,2,1,2,2,1,3,4,1
12,307,0,3,2,0,2,3,2,3,3,1,4,4,1
22,307,0,2,2,3,1,1,1,1,2,1,1,4,1
2,307,0,1,2,0,1,2,1,2,2,1,1,1,0
1,266,0,3,1,7,2,2,2,2,2,1,3,1,0
4,109,307,2,3,0,3,1,2,3,3,1,1,2,0
24,266,266,1,5,0,3,1,1,1,2,1,1,3,1
3,206,307,1,2,5,2,2,2,2,3,1,1,4,1
4,307,0,2,2,0,2,3,1,3,2,1,1,4,1
1,307,0,3,1,5,2,2,1,2,2,1,4,1,0
12,307,213,1,1,2,2,1,1,1,1,1,1,4,1
6,307,0,2,3,0,2,1,1,1,1,1,1,3,1
3,307,0,2,1,7,2,2,1,1,2,1,1,4,1
1,266,0,3,1,5,1,2,3,2,2,1,5,2,0
24,307,0,1,1,2,2,2,2,1,2,1,1,4,1
7,218,78,1,2,7,2,1,1,1,1,1,1,3,1
1,307,0,1,1,2,2,1,2,1,2,1,1,1,0
49,205,0,2,6,7,1,1,2,1,1,1,1,4,1
45,195,0,2,7,0,1,1,1,1,1,1,1,3,1
6,265,0,1,1,7,3,2,2,2,2,1,1,1,0
4,266,0,2,2,3,2,2,1,2,2,1,1,4,1
15,283,0,2,4,7,2,2,2,1,1,1,1,4,1
4,266,0,2,1,2,1,2,1,1,2,1,1,4,1
3,307,0,2,1,2,3,2,2,2,1,1,4,3,1
14,307,0,2,2,0,2,2,1,2,1,1,1,4,1
2,307,307,2,2,0,2,1,2,1,2,1,1,0,0
12,307,0,1,7,0,2,2,1,2,2,1,1,4,1
8,307,0,2,1,7,2,2,1,1,1,1,1,4,1
4,307,0,2,1,0,2,1,1,1,2,1,1,3,1
1,307,0,3,1,2,2,2,1,1,2,1,4,1,0
2,266,266,3,1,3,2,2,1,2,2,1,5,2,0
24,190,0,2,1,4,3,3,3,3,2,1,1,1,0
2,307,0,1,3,0,2,1,1,1,2,1,1,4,1
24,60,0,1,5,0,1,1,1,1,2,1,1,4,1
2,266,266,2,6,7,2,2,2,2,2,1,1,2,0
1,266,0,3,1,2,1,2,1,2,2,1,9,4,1
8,307,0,1,1,2,2,3,1,3,2,1,1,2,0
12,266,0,2,1,4,2,2,1,2,2,1,1,3,1
51,179,205,2,1,0,1,1,2,1,3,1,1,4,1
24,179,0,1,7,0,1,3,2,3,3,1,1,3,1
1,265,0,2,1,6,1,2,2,2,2,1,1,1,0
8,264,0,2,7,0,1,2,2,1,1,1,1,1,0
48,299,0,1,1,2,2,1,2,1,1,1,1,4,1
1,307,307,3,1,2,2,2,1,2,2,1,8,2,0
0,307,0,3,2,0,2,1,1,1,3,1,3,3,1
12,307,0,1,2,7,2,2,2,1,1,1,1,4,1
1,265,299,2,1,6,2,2,2,1,2,1,1,1,0
12,307,0,2,5,7,2,1,2,1,2,1,1,2,0
10,189,0,1,1,0,3,1,1,1,2,1,1,1,0
1,307,109,1,1,0,3,1,2,2,2,1,1,2,0
3,266,0,1,1,7,2,2,1,2,2,1,1,2,0
6,299,0,2,1,6,2,2,1,2,2,1,1,1,0
2,266,0,2,1,0,2,2,1,2,2,1,1,1,0
2,307,0,1,1,0,2,1,2,1,2,1,1,2,0
1,307,26,2,1,2,3,1,2,1,2,1,1,2,0
24,307,0,1,5,7,2,3,1,3,3,1,1,3,1
29,76,0,2,1,2,3,1,1,1,2,1,1,3,1
0,266,0,2,5,0,2,3,1,3,3,1,1,4,1
3,307,307,1,5,7,2,2,1,2,2,1,1,4,1
3,254,292,2,4,5,2,1,1,1,2,1,1,3,1
6,254,0,2,1,2,2,2,2,2,2,1,1,3,1
2,307,0,2,1,7,2,2,1,2,2,1,1,2,0
3,307,0,1,2,0,1,2,1,1,1,1,1,3,1
4,266,0,1,4,7,2,2,1,2,2,1,1,4,1
1,307,307,2,1,0,2,1,2,1,2,1,1,4,1
2,307,0,2,1,2,2,2,2,2,2,1,1,3,1
2,307,0,1,1,2,2,1,2,1,2,1,1,1,0
2,103,141,2,1,2,2,2,2,1,3,1,1,1,0
9,109,0,1,3,0,3,1,3,1,1,1,1,1,0
12,307,0,2,1,7,1,2,1,2,2,1,1,4,1
1,307,0,2,2,5,2,2,2,2,2,1,1,1,0
13,299,0,2,6,7,2,2,2,1,1,1,1,4,1
12,307,307,2,2,7,2,1,1,1,1,1,1,4,1
2,307,0,2,1,2,2,2,2,2,2,1,1,3,1
24,109,0,1,2,0,3,3,2,3,3,1,1,1,0
2,306,0,1,1,7,1,2,2,2,2,1,1,3,1
2,266,0,3,1,3,2,2,1,2,2,1,4,1,0
2,266,266,3,1,7,1,2,1,2,3,1,2,4,1
5,266,0,2,6,7,1,1,1,1,2,1,2,4,1
2,31,307,2,1,2,2,3,1,3,2,1,1,3,1
2,103,307,2,1,2,2,2,1,2,2,1,1,2,0
2,307,0,3,1,2,2,2,2,1,2,1,2,1,0
12,266,0,3,1,4,3,1,1,1,1,1,5,4,1
1,141,307,2,1,2,2,2,1,2,2,1,1,1,0
2,307,0,1,5,0,2,2,1,2,2,1,1,1,0
36,200,0,2,2,0,2,3,1,3,3,1,1,4,1
3,128,307,2,1,2,2,1,1,1,2,1,1,3,1
17,50,44,1,2,0,3,1,1,1,1,1,1,1,0
12,266,0,2,6,7,2,1,1,1,1,1,1,4,1
1,254,265,1,4,7,2,2,2,2,2,1,1,1,0
12,266,0,1,1,0,2,2,1,1,3,1,1,2,0
2,307,0,2,1,5,2,1,1,1,2,1,1,2,0
2,307,0,1,2,0,2,1,2,1,2,1,1,3,1
3,307,0,2,2,7,2,2,1,1,2,1,1,3,1
4,285,292,3,2,5,1,2,2,1,2,1,3,1,0
4,280,294,2,5,6,2,3,3,3,2,1,1,1,0
3,307,0,1,1,2,2,1,2,1,2,1,1,2,0
2,266,0,3,1,3,2,2,1,1,2,1,2,2,0
6,266,0,2,2,0,2,2,1,2,2,1,1,2,0
1,307,307,1,1,2,2,2,2,1,2,1,1,2,0
12,307,0,3,1,2,2,1,2,1,3,1,3,4,1
24,265,0,2,1,4,3,1,2,1,1,1,1,1,0
1,307,0,2,2,0,2,1,1,1,1,1,1,2,0
10,307,0,3,1,2,2,3,2,3,3,1,5,4,1
5,304,0,1,7,0,2,2,2,2,2,1,1,2,0
12,307,0,1,1,2,1,3,1,1,3,1,1,2,0
3,307,0,1,1,2,2,1,1,1,2,1,1,2,0
3,307,0,2,1,2,2,1,2,1,2,1,1,2,0
2,307,0,1,1,2,2,2,1,2,2,1,1,1,0
1,266,0,3,2,5,1,2,1,2,2,1,4,4,1
2,307,0,3,2,5,2,2,2,3,3,1,8,2,0
2,266,0,1,3,0,2,2,1,1,2,1,2,1,0
1,288,266,3,7,0,3,2,2,2,2,1,2,2,0
60,173,0,1,6,0,3,1,1,3,1,1,1,4,1
2,307,307,3,5,7,2,2,1,2,2,1,6,3,1
2,307,0,1,1,0,2,2,1,2,2,1,1,4,1
24,307,0,1,5,0,2,3,2,3,1,1,9,1,0
36,218,0,1,1,2,3,1,3,1,1,1,1,4,1
5,276,292,1,1,7,3,2,2,1,2,1,1,3,1
6,266,0,2,4,7,2,2,1,2,2,1,1,1,0
2,288,0,2,6,7,2,2,1,2,2,1,3,4,1
18,307,0,1,1,2,2,1,1,1,1,1,1,4,1
2,265,266,3,5,6,3,2,2,1,3,1,5,3,1
6,292,0,2,2,5,2,2,2,2,2,1,1,4,1
12,266,0,2,6,7,2,2,1,1,1,1,1,3,1
3,285,247,2,1,2,2,2,2,2,2,1,3,1,0
1,266,0,3,1,4,2,2,1,1,2,1,6,4,1
1,266,0,2,4,0,2,2,1,2,2,1,1,3,1
24,307,307,2,2,7,2,2,1,2,2,1,2,3,1
3,307,0,1,2,0,2,1,1,1,2,1,1,1,0
1,265,0,1,1,4,2,2,2,2,2,1,1,4,1
26,266,276,1,3,5,3,1,2,1,1,1,1,0,0
12,303,265,2,4,6,2,1,2,1,1,1,1,4,1
4,283,0,1,6,7,2,1,1,1,2,1,1,1,0
18,306,266,1,1,7,2,2,1,1,1,1,1,4,1
8,266,0,2,5,6,3,2,1,1,1,1,1,1,0
12,303,0,2,1,2,2,1,1,1,1,1,1,3,1
1,285,264,2,3,5,2,2,3,1,2,1,1,0,0
3,307,0,1,1,0,2,3,2,3,2,1,1,2,0
3,264,0,1,7,0,1,2,2,1,2,1,1,1,0
1,307,307,1,1,2,2,2,1,1,2,1,3,3,1
3,292,0,1,1,7,1,2,1,2,2,1,1,1,0
21,103,119,1,1,7,3,1,2,1,1,1,1,1,0
3,263,0,1,1,7,2,1,1,1,2,1,2,2,0
6,266,0,3,5,6,2,1,1,1,3,1,3,3,1
1,307,0,2,7,0,2,3,1,3,2,1,1,2,0
6,264,0,2,4,0,1,2,3,1,2,1,1,1,0
7,307,307,2,1,2,2,2,1,2,1,1,1,2,0
30,109,0,3,3,0,3,1,2,1,2,1,2,0,0
14,78,307,2,2,0,2,1,2,1,1,1,1,4,1
1,307,307,2,3,5,2,2,2,2,2,1,1,2,0
37,141,0,2,5,7,2,1,1,1,1,1,1,2,0
3,292,276,2,1,2,1,2,3,2,2,1,1,1,0
2,218,307,3,1,2,2,2,1,1,2,1,5,2,0
2,143,146,2,1,2,2,2,1,1,3,1,1,3,1
3,307,0,2,1,2,2,2,1,2,2,1,4,4,1
9,292,0,2,2,5,2,1,2,1,1,1,1,1,0
0,218,0,1,2,3,1,3,2,3,2,1,1,1,0
41,205,0,1,3,7,1,1,1,1,1,1,1,2,0
3,265,0,1,2,7,1,2,2,1,2,1,1,1,0
8,307,0,2,5,0,2,2,1,2,2,1,1,4,1
1,280,0,2,6,7,1,3,2,3,3,1,1,1,0
2,306,265,3,1,2,1,2,1,1,2,1,4,0,0
2,265,0,2,2,3,2,2,2,1,2,1,1,1,0
12,307,0,3,1,2,3,2,2,2,2,1,6,4,1
1,266,266,3,3,6,2,2,1,2,2,1,4,2,0
2,307,0,2,1,7,2,2,1,1,2,1,1,2,0
3,266,0,2,4,0,1,3,1,3,3,1,1,1,0
2,218,307,1,2,3,2,1,2,1,2,1,1,1,0
2,307,0,3,1,2,2,1,1,1,2,1,5,2,0
2,307,0,1,1,2,2,1,1,1,2,1,1,4,1
84,231,179,2,7,0,2,3,2,3,3,1,2,1,0
1,307,78,3,1,2,2,1,1,1,1,1,4,2,0
12,307,0,1,2,0,2,1,1,1,1,1,1,4,1
1,307,0,2,5,0,1,2,1,2,2,1,1,3,1
1,307,0,3,1,2,2,2,2,2,3,1,5,4,1
3,265,0,2,2,0,1,2,2,2,2,1,1,1,0
13,265,0,1,3,4,3,2,2,2,2,1,1,4,1
12,205,0,1,1,7,2,1,2,1,2,1,1,3,1
2,299,0,3,6,0,2,2,1,1,2,1,2,0,0
24,307,0,1,3,4,1,3,1,3,2,1,1,3,1
2,266,0,2,1,2,1,3,1,3,3,1,1,2,0
15,307,0,2,1,2,2,1,1,1,1,1,1,4,1
5,307,307,3,2,5,1,2,1,2,2,1,4,4,1
1,266,0,2,1,2,2,2,1,2,2,1,1,1,0
0,307,307,2,2,5,2,2,1,2,2,1,1,4,1
1,265,0,2,5,6,2,2,3,2,2,1,2,1,0
1,266,252,2,1,2,1,2,1,2,2,1,3,1,0
4,307,0,2,2,0,2,1,1,1,1,1,1,4,1
5,307,0,1,1,2,2,1,1,1,2,1,1,3,1
2,307,0,2,2,0,2,2,1,1,2,1,1,2,0
2,307,0,2,1,2,2,1,2,1,2,1,1,3,1
2,266,0,1,2,5,1,2,1,1,2,1,1,3,1
4,307,307,1,2,7,2,2,1,2,2,1,1,2,0
6,307,0,1,1,2,2,1,2,1,2,1,1,3,1
1,224,307,1,7,0,2,2,1,2,2,1,1,2,0
6,307,0,2,1,3,2,1,2,1,1,1,1,3,1
1,307,0,1,1,2,2,3,1,3,2,1,1,3,1
60,307,0,1,1,7,3,3,2,3,3,1,2,4,1
1,307,0,3,1,2,2,2,1,2,2,1,5,1,0
3,307,0,1,2,0,2,1,1,1,2,1,1,3,1
3,307,0,1,1,4,2,2,2,2,2,1,2,2,0
3,307,0,1,2,0,3,1,2,1,2,1,1,4,1
2,307,141,2,2,0,2,1,2,1,2,1,1,0,0
11,266,0,2,1,7,2,1,1,1,1,1,1,3,1
1,266,0,3,4,7,2,2,1,1,2,1,2,1,0
6,265,0,2,6,0,2,2,2,2,2,1,1,3,1
7,266,0,1,1,2,2,2,1,2,2,1,1,2,0
1,265,265,3,2,4,1,2,1,2,2,1,3,2,0
36,307,0,2,7,0,1,1,2,1,1,1,1,3,1
8,307,0,1,1,7,2,2,2,2,2,1,1,3,1
4,307,307,2,2,4,2,1,1,1,2,1,1,3,1
2,266,0,3,2,3,2,2,1,2,2,1,2,2,0
2,26,307,2,1,2,2,3,2,3,2,1,1,2,0
12,266,0,3,1,5,2,1,2,1,1,1,4,4,1
4,266,0,1,2,4,2,2,1,2,2,1,2,2,0
1,243,0,1,1,7,1,2,1,2,2,1,1,4,1
54,285,0,1,2,0,3,3,3,3,2,1,1,1,0
1,266,0,3,1,5,2,2,1,2,2,1,5,2,0
3,69,4,2,2,0,1,2,1,2,2,1,1,1,0
13,307,20,2,1,2,2,1,1,1,1,1,1,1,0
2,266,0,3,1,6,2,2,1,1,2,1,2,1,0
20,307,307,2,1,2,2,1,2,1,1,1,1,3,1
3,307,0,2,1,2,2,1,1,1,2,1,1,2,0
24,119,213,2,1,2,2,1,2,1,1,1,1,1,0
4,117,307,2,2,0,2,1,1,1,2,1,1,4,1
26,292,265,1,6,0,2,1,2,1,1,1,1,2,0
0,307,0,3,1,2,2,2,1,2,2,1,8,4,1
3,299,0,2,2,6,1,2,1,1,2,1,1,1,0
2,266,0,2,1,7,2,2,1,2,2,1,1,1,0
8,264,0,1,7,0,3,3,3,3,1,1,1,1,0
3,307,60,2,1,0,1,1,1,1,2,1,1,3,1
4,307,0,2,2,0,2,1,1,1,2,1,1,3,1
1,266,0,1,3,5,2,2,1,1,2,1,1,2,0
1,307,307,2,1,0,2,2,1,2,2,1,1,3,1
8,307,307,2,6,0,2,1,1,1,1,1,1,3,1
1,307,0,1,1,0,1,2,1,2,2,1,1,2,0
16,307,0,1,1,3,2,1,1,1,1,1,1,1,0
48,307,0,2,2,0,1,1,2,1,3,1,1,1,0
7,182,0,1,1,2,1,1,1,1,1,1,1,2,0
2,303,266,2,1,3,1,2,1,1,2,1,1,1,0
19,266,266,1,6,0,2,1,1,1,1,1,2,4,1
4,266,0,1,6,0,2,1,1,1,2,1,1,1,0
36,299,0,2,2,0,2,1,1,1,1,1,1,4,1
22,307,0,1,2,5,2,1,1,3,1,1,1,2,0
1,266,0,1,1,7,1,2,1,2,2,1,1,4,1
2,307,0,2,1,2,2,3,1,3,2,1,1,2,0
1,266,265,2,1,2,2,2,1,2,2,1,1,1,0
2,266,0,2,6,7,1,2,1,2,2,1,1,0,0
24,307,307,2,2,0,2,1,1,1,1,1,1,4,1
5,266,0,1,4,7,2,2,1,1,2,1,1,2,0
23,265,0,2,2,0,2,1,2,1,2,1,1,1,0
60,307,0,1,1,2,1,3,2,3,3,1,1,2,0
3,307,0,2,5,7,2,2,2,1,2,1,1,4,1
24,247,292,2,6,0,3,3,2,1,1,1,1,4,1
4,266,0,1,1,7,1,1,1,1,2,1,1,1,0
48,178,0,1,3,0,1,1,2,1,2,1,1,4,1
12,266,0,2,1,2,2,1,1,1,1,1,1,3,1
4,205,0,1,2,5,1,3,3,1,2,1,1,4,1
17,205,0,1,1,2,2,1,3,1,2,1,1,3,1
1,141,307,1,5,7,3,2,1,2,2,1,1,1,0
4,285,266,1,4,0,2,2,1,2,2,1,1,2,0
2,285,265,3,5,7,2,1,2,1,1,1,2,4,1
3,307,0,2,1,2,2,2,2,2,2,1,1,4,1
24,264,0,2,6,0,2,3,2,1,2,1,1,3,1
4,307,0,2,1,6,2,1,1,1,1,1,1,4,1
3,307,0,2,2,0,2,2,2,2,2,1,1,4,1
6,266,0,2,2,7,2,1,1,1,2,1,1,0,0
48,307,0,2,2,7,2,1,1,1,1,1,1,4,1
5,266,0,2,1,7,2,2,1,1,2,1,1,3,1
3,307,117,3,1,2,2,2,1,2,2,1,4,4,1
42,307,0,1,2,0,3,2,1,2,2,1,1,4,1
5,266,0,1,1,0,2,2,1,1,2,1,1,1,0
1,39,0,2,1,2,2,2,2,2,2,1,1,2,0
3,266,0,1,3,0,1,2,1,1,2,1,1,0,0
2,265,0,1,5,7,2,2,2,2,2,1,1,2,0
4,265,0,2,1,6,2,2,2,2,2,1,1,3,1
1,266,266,3,1,6,2,2,1,2,2,1,3,1,0
48,266,0,2,6,7,2,2,1,2,2,1,1,4,1
2,307,0,1,2,5,2,1,1,3,3,1,3,4,1
2,307,0,2,1,2,1,2,1,1,3,1,1,1,0
5,307,0,2,2,0,1,2,1,2,2,1,1,4,1
3,266,0,1,1,6,1,1,2,1,2,1,1,4,1
2,273,266,1,5,7,2,3,2,1,2,1,1,1,0
3,307,0,1,1,7,2,1,2,1,2,1,1,1,0
3,307,75,2,1,2,2,2,1,2,2,1,1,4,1
4,307,189,1,1,2,2,2,1,2,2,1,1,1,0
12,141,307,2,2,5,1,1,3,1,1,1,1,2,0
21,307,0,2,2,0,2,1,1,1,1,1,1,4,1
3,266,0,1,1,5,3,2,1,2,2,1,1,2,0
3,292,266,2,2,5,2,2,1,1,2,1,1,2,0
2,307,0,1,5,7,2,2,2,2,2,1,3,1,0
24,189,189,2,1,0,2,1,1,1,2,1,1,2,0
6,266,0,2,1,7,2,1,1,1,3,1,1,0,0
36,266,0,2,1,2,1,1,1,1,2,1,3,1,0
2,307,0,1,1,0,2,2,1,1,2,1,1,1,0
3,266,0,1,1,3,2,1,1,1,2,1,2,2,0
3,265,0,1,1,2,1,2,2,2,2,1,3,2,0
24,119,0,2,6,7,3,3,2,3,1,1,1,4,1
5,307,0,1,3,0,2,1,1,1,2,1,1,1,0
6,306,0,2,2,3,2,3,2,3,1,1,1,4,1
30,179,0,1,2,0,1,1,2,1,1,1,1,2,0
8,285,266,1,7,0,2,3,1,1,2,1,1,4,1
24,266,0,3,2,7,3,2,1,1,2,1,4,1,0
8,266,265,3,2,4,2,2,1,1,2,1,3,1,0
12,307,0,3,2,0,2,3,2,3,3,1,4,4,1
2,266,266,1,2,0,1,3,1,3,3,1,1,1,0
1,243,0,2,1,4,1,2,1,2,2,1,1,4,1
1,266,299,3,3,4,2,2,1,2,2,1,3,1,0
4,266,0,1,1,7,1,2,1,2,2,1,1,4,1
2,266,0,2,1,2,1,2,1,1,2,1,1,2,0
2,307,0,2,2,5,1,1,2,1,1,1,2,2,0
4,292,266,2,1,5,1,2,1,1,2,1,1,1,0
24,307,0,1,1,2,2,3,2,3,3,1,3,4,1
2,266,0,2,5,6,1,2,1,1,2,1,1,4,1
13,307,0,1,1,2,3,1,3,1,3,1,1,4,1
4,266,0,2,7,0,1,2,1,1,2,1,1,1,0
2,265,0,3,1,5,1,2,2,2,2,1,3,4,1
12,265,0,1,1,7,2,1,2,1,2,1,1,2,0
2,307,0,2,2,0,2,1,1,1,2,1,1,2,0
2,266,0,2,1,6,2,2,1,2,2,1,2,4,1
2,307,213,1,5,0,2,2,2,2,2,1,1,2,0
4,265,265,1,7,0,1,2,2,1,2,1,1,4,1
2,266,0,2,1,4,2,2,1,2,2,1,1,2,0
1,307,0,2,2,5,2,2,1,2,2,1,1,3,1
3,152,307,1,2,0,1,1,1,1,2,1,1,1,0
5,266,0,1,6,7,2,1,1,1,1,1,2,4,1
4,307,0,2,1,0,3,1,1,1,2,1,1,2,0
2,307,307,2,2,0,2,2,2,1,2,1,1,3,1
1,307,0,2,1,2,2,2,2,2,2,1,1,1,0
1,266,0,2,1,6,1,2,1,1,2,1,1,2,0
6,109,0,2,3,0,3,2,3,2,2,1,1,1,0
2,307,0,3,1,2,2,3,2,3,2,1,9,4,1
3,285,265,1,6,7,3,2,3,1,2,1,1,3,1
3,307,0,2,2,0,2,2,1,1,3,1,1,4,1
4,307,0,1,7,0,2,3,1,1,2,1,1,1,0
3,307,0,2,2,0,2,1,2,1,3,1,1,4,1
51,215,0,1,7,0,3,1,3,1,2,1,1,2,0
2,306,0,1,1,7,2,2,2,1,3,1,1,1,0
2,78,0,2,1,0,3,1,1,1,2,1,1,2,0
2,307,0,2,2,0,2,1,1,1,2,1,1,4,1
3,266,0,3,1,4,2,2,1,2,2,1,2,3,1
2,307,0,1,1,4,2,2,2,2,2,1,2,4,1
69,285,276,1,1,2,3,1,3,1,1,1,1,3,1
3,266,292,2,6,7,2,2,1,1,2,1,1,3,1
24,179,0,1,7,0,1,1,1,1,1,1,1,1,0
5,266,0,1,6,7,1,1,1,1,3,1,1,4,1
1,307,0,2,2,5,2,2,1,2,2,1,3,2,0
3,265,0,2,4,5,2,3,1,3,2,1,1,4,1
3,266,0,2,2,3,1,1,1,1,2,1,1,1,0
12,178,0,1,2,0,1,3,2,3,3,1,1,3,1
36,205,0,1,2,5,2,3,3,3,2,1,1,1,0
12,189,0,2,1,2,2,3,1,3,3,1,1,3,1
3,247,292,1,6,0,2,2,1,1,2,1,1,1,0
4,266,0,3,1,4,1,2,1,2,1,1,4,4,1
9,294,299,2,1,6,2,1,2,1,2,1,1,4,1
1,307,0,1,1,7,2,2,1,2,2,1,1,2,0
4,266,0,2,7,0,2,1,1,1,2,1,1,1,0
48,152,0,2,1,2,1,1,1,1,1,1,1,3,1
36,307,0,2,1,0,2,1,1,1,1,1,1,4,1
11,266,0,1,3,0,2,1,1,1,1,1,1,2,0
4,307,307,1,2,0,2,1,1,1,2,1,1,4,1
1,307,0,3,1,2,2,2,1,2,2,1,3,2,0
11,266,0,2,1,4,2,1,1,1,1,1,1,4,1
3,307,0,1,2,7,2,1,2,1,2,1,1,2,0
2,307,0,3,2,5,1,2,1,2,2,1,3,4,1
36,76,0,1,1,6,2,1,1,1,1,1,1,4,1
2,266,0,2,1,0,1,2,1,1,2,1,1,1,0
3,307,0,3,1,7,1,3,1,3,3,1,5,2,0
6,264,0,1,1,0,2,2,3,2,2,1,1,3,1
4,213,213,1,1,2,2,3,1,3,3,1,1,3,1
5,307,0,2,1,0,2,2,1,2,1,1,1,4,1
3,307,0,2,1,2,2,2,1,2,2,1,1,4,1
2,265,0,2,1,2,2,2,2,1,2,1,1,2,0
36,205,0,1,2,5,1,3,3,3,3,1,1,3,1
2,266,0,3,1,7,2,2,2,2,2,1,5,4,1
1,307,0,1,5,0,2,3,2,3,2,1,1,3,1
2,307,0,2,1,2,2,2,2,2,2,1,1,4,1
1,266,0,2,1,7,2,2,1,1,2,1,1,1,0
36,265,0,2,1,6,2,2,2,2,2,1,1,2,0
84,205,0,2,5,0,2,1,1,1,1,1,1,3,1
4,307,307,1,1,2,2,1,2,1,2,1,1,2,0
4,307,0,1,1,2,2,2,1,2,2,1,1,2,0
7,147,0,1,7,0,1,1,2,1,2,1,1,1,0
18,205,0,1,2,5,1,1,2,1,1,1,1,1,0
4,218,307,2,1,2,2,1,2,1,1,1,1,3,1
4,266,292,2,2,7,2,1,1,1,1,1,1,3,1
24,307,0,2,1,0,3,1,1,1,1,1,1,4,1
2,307,307,2,1,7,1,3,1,3,3,1,3,4,1
1,307,307,3,2,4,2,2,1,2,2,1,8,2,0
11,205,205,2,1,5,1,3,1,3,3,1,1,3,1
1,307,307,2,1,2,1,2,1,2,1,1,1,3,1
12,266,0,1,1,7,2,1,1,1,1,1,1,2,0
12,179,0,1,6,0,2,1,1,1,1,1,1,2,0
11,266,0,1,1,0,2,2,1,2,2,1,1,4,1
11,266,0,2,7,0,1,1,1,1,1,1,1,1,0
19,265,0,2,1,2,2,1,2,1,1,1,1,3,1
3,307,0,2,3,7,2,1,1,1,2,1,1,3,1
52,205,0,1,2,3,2,1,1,1,2,1,1,1,0
8,307,0,1,1,2,2,3,1,3,1,1,1,4,1
6,292,0,1,2,5,1,2,2,1,1,1,1,1,0
30,307,0,1,1,0,2,1,1,1,2,1,1,2,0
18,307,307,3,1,7,3,1,1,1,1,1,2,3,1
2,264,265,3,4,0,3,2,3,2,2,1,4,4,1
1,307,307,3,1,2,1,2,1,1,3,1,6,2,0
2,189,0,2,1,3,3,3,2,3,2,1,1,1,0
24,307,307,3,1,2,2,2,1,2,1,1,2,2,0
7,307,0,2,2,5,2,1,1,1,3,1,1,3,1
3,266,0,1,1,7,1,2,1,2,2,1,2,2,0
2,307,0,2,1,0,2,2,1,2,2,1,1,3,1
4,266,0,1,4,7,2,1,1,1,2,1,1,2,0
36,20,0,2,1,2,2,1,1,1,3,1,1,1,0
10,307,0,1,1,2,2,1,2,1,2,1,1,4,1
3,307,0,2,2,0,2,1,2,1,2,1,1,2,0
2,307,0,3,1,2,2,1,2,1,2,1,6,3,1
2,307,0,1,1,0,2,1,2,1,2,1,1,2,0
4,266,0,2,7,0,1,2,1,2,1,1,1,3,1
14,265,0,2,1,2,2,2,2,2,2,1,1,4,1
2,307,0,1,1,2,2,2,1,2,2,1,1,2,0
4,148,307,3,1,2,2,2,1,2,2,1,3,2,0
3,265,265,3,1,7,2,3,2,3,3,1,2,1,0
3,307,0,1,2,0,2,1,1,1,1,1,1,1,0
3,307,307,3,1,2,2,2,1,1,2,1,3,4,1
60,195,0,1,6,7,1,3,1,3,2,1,1,3,1
2,307,0,1,1,7,2,2,1,2,2,1,1,2,0
24,307,179,2,1,0,1,3,1,1,3,1,1,2,0
3,307,0,2,3,0,1,1,1,1,2,1,1,1,0
3,266,0,1,2,3,1,2,1,1,2,1,1,2,0
3,247,243,2,1,3,2,2,1,2,2,1,1,1,0
12,307,0,2,5,0,1,1,2,1,2,1,1,1,0
12,307,0,1,3,5,2,1,1,1,1,1,1,4,1
12,249,0,2,1,3,1,3,1,3,2,1,2,4,1
1,307,307,1,1,2,2,2,2,2,2,1,1,1,0
1,307,0,1,2,7,2,1,2,1,2,1,1,3,1
4,266,0,1,3,4,1,2,1,1,2,1,1,4,1
2,292,266,2,2,5,1,2,2,2,2,1,1,3,1
3,266,306,1,1,7,2,1,1,1,2,1,2,4,1
2,307,307,2,1,2,2,3,1,1,3,1,1,4,1
1,78,213,1,1,2,2,3,1,3,2,1,1,2,0
10,179,179,1,3,5,2,3,3,3,3,1,1,2,0
3,266,292,3,7,0,2,1,1,1,2,1,2,4,1
1,307,0,1,1,2,2,2,1,2,2,1,1,2,0
7,307,75,1,2,5,2,1,1,1,2,1,1,1,0
9,307,0,2,7,0,2,1,2,1,1,1,1,4,1
3,266,0,1,1,7,1,1,1,1,1,1,1,2,0
48,178,0,1,2,3,1,1,2,1,2,1,1,1,0
4,266,0,3,5,6,2,1,1,1,2,1,4,2,0
2,307,0,3,1,7,2,2,1,1,2,1,2,3,1
6,109,189,2,1,0,2,1,1,1,3,1,1,1,0
4,266,0,3,4,6,2,2,1,1,2,1,3,4,1
3,307,0,2,2,0,2,2,2,1,2,1,1,3,1
4,307,307,2,2,7,2,2,1,2,2,1,2,4,1
4,307,307,2,7,0,1,3,1,1,1,1,1,4,1
1,307,307,3,1,3,2,2,1,2,3,1,4,2,0
2,266,0,3,1,4,2,2,1,2,3,1,4,4,1
48,205,0,1,5,0,1,1,3,1,1,1,1,2,0
3,266,0,3,6,0,2,1,1,1,2,1,2,3,1
53,205,169,1,2,7,1,1,1,1,1,1,1,1,0
48,109,0,2,3,0,3,1,3,1,2,1,1,1,0
2,307,0,2,1,2,2,2,1,2,2,1,1,2,0
1,266,0,1,1,2,2,2,1,2,2,1,1,1,0
2,307,307,2,1,7,2,2,2,1,2,1,1,3,1
36,307,307,3,1,2,2,2,2,2,1,1,3,4,1
2,213,0,2,2,7,2,1,2,1,2,1,1,2,0
60,78,0,2,2,0,3,3,1,3,1,1,1,1,0
3,307,0,3,1,2,1,2,1,2,2,1,9,4,1
2,307,0,2,1,2,2,3,1,3,2,1,1,2,0
2,266,0,2,1,5,2,2,1,1,2,1,1,3,1
3,18,307,2,2,7,2,3,1,3,2,1,1,3,1
2,307,0,3,2,7,2,2,1,2,2,1,4,1,0
3,265,0,3,2,5,2,2,2,2,2,1,4,1,0
3,249,0,1,1,0,2,1,2,1,2,1,1,4,1
2,307,0,2,1,2,1,1,1,1,2,1,1,4,1
3,266,0,1,6,7,2,2,1,2,2,1,1,3,1
7,307,307,2,2,0,2,2,2,2,1,1,1,4,1
13,213,0,2,7,0,2,1,3,1,2,1,1,2,0
2,299,0,3,2,0,2,2,2,2,2,1,2,2,0
29,195,179,2,1,6,1,1,2,1,1,1,1,2,0
60,218,307,1,5,6,2,3,2,3,2,1,1,4,1
2,239,307,2,1,2,2,3,1,3,2,1,1,2,0
36,307,0,3,1,2,3,3,1,3,1,1,2,4,1
16,213,0,2,7,0,2,1,2,1,2,1,1,1,0
1,307,0,3,1,2,2,2,2,2,2,1,4,3,1
4,213,0,1,1,2,2,3,2,3,3,1,1,3,1
1,307,0,2,1,6,2,2,1,2,2,1,1,3,1
4,307,0,2,5,7,2,2,2,2,2,1,1,1,0
3,307,0,3,2,4,2,2,2,2,2,1,3,4,1
7,266,0,2,2,4,2,2,1,1,1,1,1,4,1
72,307,141,1,3,4,2,3,2,3,3,1,1,4,1
2,307,0,2,5,7,3,3,2,3,3,1,1,1,0
84,307,141,1,7,0,2,1,1,1,1,1,1,4,1
1,266,0,2,1,0,2,2,1,1,2,1,1,2,0
9,179,0,1,2,0,1,1,2,1,2,1,1,1,0
3,266,0,2,1,6,2,2,1,1,2,1,1,3,1
2,266,0,2,1,6,1,2,1,2,2,1,1,1,0
2,141,0,1,1,2,2,3,2,1,3,1,1,1,0
96,179,0,1,2,0,1,1,2,1,2,1,1,2,0
24,285,0,1,1,2,2,1,3,1,2,1,1,1,0
2,285,264,2,4,0,2,1,3,1,2,1,1,2,0
7,307,0,2,2,0,1,1,1,1,1,1,1,2,0
30,213,307,2,2,7,2,1,1,1,1,1,1,3,1
2,307,307,2,2,0,2,2,2,1,2,1,1,3,1
10,307,60,2,2,7,2,1,1,1,1,1,1,2,0
3,227,307,1,2,0,2,1,1,1,2,1,1,4,1
3,305,0,3,1,2,1,2,3,2,2,1,2,0,0
4,247,247,2,1,6,1,2,1,1,2,1,1,4,1
3,307,0,1,2,3,1,1,1,1,3,1,1,4,1
2,70,307,1,2,7,2,2,1,2,2,1,1,1,0
2,307,307,1,2,0,2,1,1,1,2,1,1,2,0
12,307,109,2,2,3,2,1,2,1,1,1,1,3,1
3,265,0,3,1,4,2,2,2,2,2,1,2,2,0
5,285,247,2,1,2,2,2,1,2,2,1,1,4,1
1,292,266,2,2,5,1,2,1,1,2,1,1,0,0
1,266,265,1,3,7,2,2,1,2,2,1,1,1,0
6,266,0,1,1,6,2,1,1,1,1,1,1,2,0
2,266,266,1,2,7,2,2,2,2,2,1,1,2,0
11,265,0,2,1,0,2,1,2,1,2,1,1,4,1
2,307,0,1,1,7,2,2,2,1,2,1,1,2,0
4,266,0,2,3,7,1,2,2,2,2,1,1,2,0
2,307,307,2,1,2,2,1,2,1,2,1,4,3,1
18,307,0,1,2,7,2,3,1,3,3,1,1,1,0
12,266,266,2,1,7,2,1,1,1,2,1,1,4,1
2,307,0,1,1,2,2,2,2,1,2,1,1,1,0
3,266,0,1,1,7,2,2,2,2,2,1,1,3,1
4,292,265,2,1,2,2,2,2,1,1,1,1,3,1
12,265,0,2,1,2,2,3,2,3,3,1,1,4,1
30,266,0,1,1,6,2,2,2,1,1,1,2,3,1
1,266,0,3,1,5,1,2,1,1,2,1,3,1,0
2,265,0,3,1,2,2,3,1,3,3,1,4,4,1
2,307,307,2,1,2,2,2,1,2,2,1,2,1,0
10,265,0,1,1,7,2,1,2,1,2,1,1,2,0
3,307,0,2,1,5,2,2,2,2,2,1,2,3,1
2,218,307,1,5,0,2,2,1,1,2,1,1,1,0
1,307,307,3,1,2,3,1,1,1,2,1,7,3,1
1,266,0,3,1,2,1,2,1,2,2,1,4,3,1
32,247,283,1,1,2,2,3,2,3,3,1,1,4,1
1,307,200,2,2,0,2,1,1,1,2,1,1,3,1
3,307,0,1,1,7,2,1,2,1,2,1,1,1,0
0,266,0,1,4,5,2,2,1,2,2,1,2,2,0
3,243,0,3,6,7,1,2,1,2,2,1,2,1,0
2,292,252,1,2,5,1,2,1,2,2,1,1,0,0
2,307,307,2,2,7,2,2,2,2,2,1,1,2,0
4,307,307,2,1,4,3,2,2,2,2,1,1,1,0
2,307,0,1,1,7,1,2,1,2,2,1,1,1,0
2,254,254,3,1,6,2,2,1,1,2,1,2,1,0
32,307,307,3,1,4,2,1,1,1,1,1,2,4,1
60,78,0,2,1,0,3,1,1,1,1,1,1,3,1
0,266,0,3,1,2,1,2,1,2,2,1,3,1,0
4,266,254,2,1,2,2,2,2,1,2,1,1,3,1
2,264,264,3,1,7,1,2,3,2,2,1,3,3,1
24,264,285,1,6,7,3,1,3,1,1,1,1,1,0
12,307,0,1,1,3,2,3,1,3,3,1,1,2,0
6,307,0,2,2,0,2,2,1,1,2,1,1,3,1
2,307,0,3,1,7,2,2,1,1,3,1,2,3,1
12,265,0,2,7,0,2,3,2,3,3,1,1,4,1
12,169,307,2,1,2,1,3,2,1,1,1,1,1,0
10,60,0,1,2,7,1,1,1,1,1,1,1,3,1
36,83,0,2,2,0,1,1,2,1,1,1,1,1,0
6,266,0,1,2,4,1,2,1,2,2,1,3,4,1
2,307,0,3,1,2,2,3,1,3,3,1,5,3,1
11,189,0,2,1,2,3,1,1,1,1,1,1,3,1
2,307,0,2,2,0,2,1,1,1,2,1,1,3,1
3,307,103,1,1,2,2,2,1,1,2,1,2,2,0
1,307,307,3,1,2,2,2,1,2,2,1,3,4,1
3,307,0,2,5,7,2,2,1,2,2,1,1,2,0
2,307,0,2,1,2,2,2,2,1,2,1,3,4,1
108,128,0,2,2,7,1,1,1,1,2,1,1,4,1
1,307,0,2,1,2,2,2,1,1,2,1,2,3,1
2,266,0,3,1,2,2,2,1,2,2,1,2,3,1
3,266,0,2,1,2,1,1,1,1,2,1,1,0,0
6,266,266,3,1,6,2,2,1,2,2,1,2,4,1
60,189,0,1,1,0,3,1,2,1,1,1,1,4,1
1,307,0,2,2,0,2,2,2,2,2,1,2,1,0
4,307,307,2,7,0,3,1,1,1,1,1,1,2,0
15,307,0,2,1,0,2,1,1,1,1,1,1,4,1
9,250,0,2,1,0,1,2,1,1,1,1,1,3,1
4,266,0,1,1,7,1,1,1,1,1,1,1,3,1
12,179,0,1,2,0,1,1,2,1,2,1,1,3,1
3,266,0,1,1,7,2,1,1,1,2,1,1,2,0
1,266,0,1,4,7,2,2,1,2,2,1,1,1,0
22,307,0,2,4,7,2,1,1,1,1,1,2,4,1
1,307,307,2,1,2,2,2,2,1,2,1,1,3,1
2,307,0,2,1,0,2,1,1,1,2,1,1,2,0
1,189,307,2,1,2,3,3,1,3,3,1,1,1,0
4,307,0,2,1,2,2,1,1,1,2,1,1,4,1
2,266,0,1,1,6,1,2,1,2,2,1,1,1,0
8,299,0,1,1,2,1,1,1,1,1,1,1,3,1
24,254,299,3,1,2,2,2,1,1,2,1,2,1,0
24,49,307,1,5,0,3,1,3,1,2,1,1,4,1
36,307,117,3,1,3,3,1,1,1,1,1,2,4,1
2,307,0,2,2,0,2,1,2,1,2,1,1,3,1
12,60,0,1,5,7,1,1,1,1,2,1,1,3,1
5,307,0,1,2,6,2,1,1,1,2,1,3,4,1
1,264,265,3,1,5,1,2,2,2,2,1,3,1,0
3,266,0,2,3,4,2,2,1,2,2,1,1,3,1
4,307,307,1,1,2,2,1,2,1,2,1,1,3,1
1,307,307,2,1,2,2,2,1,2,2,1,4,3,1
1,307,307,2,1,2,2,2,2,2,2,1,1,3,1
1,266,0,3,1,6,2,2,2,2,2,1,3,3,1
2,218,307,2,2,5,3,1,2,1,2,1,1,1,0
1,268,0,3,1,6,2,2,1,2,2,1,3,1,0
48,147,0,2,5,7,1,1,3,1,3,1,1,4,1
4,307,0,2,4,7,2,2,1,1,2,1,1,4,1
2,266,0,2,2,0,1,3,1,3,3,1,1,0,0
12,266,0,2,6,7,1,1,1,1,1,1,1,2,0
1,266,266,3,4,6,2,2,1,2,2,1,2,2,0
2,307,0,2,2,0,3,2,1,1,2,1,1,2,0
2,265,0,2,1,2,2,2,2,2,2,1,1,1,0
1,307,307,1,7,0,2,2,1,2,2,1,1,1,0
4,72,307,2,2,7,2,1,1,1,2,1,1,3,1
12,205,0,1,1,2,2,1,1,1,2,1,1,1,0
8,266,0,2,3,6,2,1,1,1,1,1,1,2,0
12,299,0,1,3,0,3,1,1,1,1,1,1,4,1
2,307,0,3,1,5,2,2,1,1,2,1,3,3,1
5,266,266,1,5,7,2,2,1,2,2,1,1,2,0
2,307,0,1,1,0,2,2,1,2,2,1,1,2,0
2,266,0,2,3,7,2,2,1,2,2,1,1,1,0
1,307,0,2,1,2,2,2,1,2,2,1,1,4,1
1,266,0,3,1,6,1,2,1,2,2,1,4,1,0
1,307,307,2,5,0,2,2,1,2,2,1,1,1,0
24,251,0,2,6,0,2,1,2,1,1,1,1,4,1
5,200,0,2,2,0,2,1,1,1,2,1,1,4,1
36,307,0,2,1,0,3,1,1,1,1,1,1,3,1
18,76,0,2,1,7,2,1,2,1,2,1,1,1,0
12,307,0,1,1,2,3,3,1,3,3,1,1,4,1
7,266,0,1,4,7,2,2,2,2,2,1,1,3,1
3,60,307,3,5,7,2,1,1,1,2,1,2,3,1
1,266,0,3,1,0,2,2,1,2,2,1,4,4,1
36,307,0,1,2,3,3,3,1,3,2,1,1,2,0
5,265,0,2,1,7,2,2,2,2,2,1,1,4,1
5,307,0,2,2,0,2,1,1,1,2,1,1,3,1
108,307,0,2,3,5,2,1,1,1,1,1,1,3,1
4,266,0,2,1,3,2,2,1,2,2,1,1,2,0
3,266,0,1,4,7,1,2,1,1,2,1,1,3,1
1,307,0,2,1,2,2,2,2,2,2,1,1,2,0
36,266,0,2,3,6,2,3,2,3,1,1,1,4,1
2,307,141,2,2,5,2,1,1,1,1,1,1,3,1
42,20,0,1,2,0,2,2,1,2,2,1,1,1,0
4,266,266,1,3,0,2,2,2,2,2,1,1,1,0
4,307,307,2,7,0,2,1,1,1,2,1,1,4,1
4,266,266,1,3,0,2,1,1,1,2,1,1,3,1
3,307,307,1,5,0,2,1,1,1,1,1,1,1,0
5,299,0,1,3,7,2,2,2,2,2,1,1,3,1
4,299,0,1,4,7,1,1,2,1,2,1,1,3,1
6,266,266,1,4,7,2,2,1,2,2,1,1,1,0
4,141,0,2,1,0,3,1,1,1,2,1,1,1,0
1,285,0,2,6,7,3,2,3,2,2,1,2,1,0
3,307,307,2,1,2,2,2,1,2,2,1,1,2,0
3,307,0,1,1,7,1,1,1,1,2,1,1,2,0
2,265,266,2,1,2,2,2,2,1,2,1,1,4,1
7,265,0,2,1,7,3,1,2,1,2,1,1,3,1
6,292,266,2,3,0,2,2,2,2,2,1,1,2,0
60,49,0,1,2,0,2,3,1,3,3,1,1,1,0
26,307,0,2,1,2,2,1,1,1,2,1,1,4,1
2,307,0,2,1,2,2,1,2,1,2,1,1,3,1
2,307,307,2,4,0,2,1,2,1,2,1,1,3,1
1,307,307,2,1,2,2,2,2,2,2,1,1,3,1
36,20,0,2,1,2,2,3,1,3,3,1,1,2,0
18,266,0,2,1,4,1,3,1,1,3,1,1,3,1
2,266,0,3,1,2,1,1,1,1,2,1,6,4,1
12,307,0,1,1,0,2,3,1,3,3,1,2,2,0
2,307,0,2,1,4,2,1,1,1,2,1,1,2,0
2,307,0,2,1,2,2,2,1,2,2,1,1,1,0
5,307,0,2,1,2,2,1,1,1,2,1,1,4,1
6,266,0,2,2,0,2,2,1,1,2,1,1,1,0
12,266,0,2,1,7,2,2,1,2,2,1,1,4,1
1,307,0,1,2,0,1,2,1,2,2,1,1,3,1
2,266,0,2,1,7,1,2,1,2,2,1,2,0,0
7,307,0,1,2,0,1,1,1,2,1,1,4,2,0
1,307,218,1,1,5,2,2,1,1,2,1,1,2,0
1,265,247,1,3,5,2,2,2,1,2,1,1,3,1
1,307,0,1,1,2,2,3,1,3,2,1,1,2,0
2,243,0,3,2,6,2,2,2,2,2,1,2,4,1
12,292,292,2,2,0,2,2,1,2,2,1,4,2,0
1,265,0,3,5,6,1,2,2,2,2,1,5,2,0
12,265,0,1,4,7,3,1,2,1,3,1,1,4,1
1,307,307,1,2,7,2,2,2,2,2,1,1,3,1
72,100,0,2,7,0,2,1,1,1,2,1,1,2,0
1,307,0,1,1,7,2,3,2,3,2,1,1,2,0
5,292,285,2,1,7,2,1,1,1,2,1,1,2,0
17,49,0,2,7,0,1,1,1,1,2,1,1,3,1
12,307,0,1,1,2,2,3,2,3,3,1,1,2,0
2,265,0,1,1,0,2,2,2,2,3,1,1,0,0
1,265,0,2,5,7,2,2,2,2,2,1,1,4,1
1,265,0,3,1,6,2,2,2,2,2,1,3,2,0
2,307,0,2,1,6,2,1,3,1,2,1,1,2,0
7,285,0,2,1,0,2,2,3,2,2,1,1,1,0
2,307,0,2,1,2,1,2,1,2,2,1,1,4,1
12,307,0,2,2,5,2,3,1,3,3,1,1,3,1
3,307,307,1,2,5,2,2,1,2,2,1,2,2,0
60,213,307,2,1,0,2,1,2,1,1,1,1,2,0
4,266,0,1,4,5,1,2,1,1,2,1,2,1,0
12,72,0,1,2,0,2,1,2,1,1,1,1,1,0
12,307,307,2,1,7,2,1,1,1,1,1,1,1,0
4,292,246,2,2,5,1,2,1,2,2,1,1,1,0
2,266,0,1,6,0,2,2,1,2,2,1,1,2,0
1,266,265,2,3,4,2,2,1,2,2,1,1,1,0
4,241,306,1,7,0,1,2,1,1,2,1,1,4,1
1,307,0,2,1,0,1,1,1,1,3,1,2,4,1
7,307,0,2,2,7,2,1,1,1,2,1,1,4,1
4,265,0,1,7,0,3,2,2,1,2,1,1,2,0
24,307,0,1,2,5,2,1,1,1,1,1,1,3,1
60,276,0,3,2,4,2,1,2,1,1,1,4,4,1
3,307,103,2,1,2,2,1,2,1,2,1,1,2,0
3,307,307,1,5,0,2,1,1,1,2,1,1,3,1
2,307,0,3,1,2,2,1,2,1,2,1,3,1,0
3,307,0,2,2,0,2,2,2,2,2,1,1,4,1
5,266,266,1,6,0,1,2,1,2,2,1,1,2,0
7,307,307,1,1,7,2,1,1,1,1,1,1,4,1
2,307,307,1,1,2,2,2,2,1,2,1,1,2,0
11,307,0,1,5,0,3,1,1,1,2,1,1,2,0
6,109,109,1,2,4,3,1,2,1,2,1,1,1,0
12,307,0,2,1,0,2,2,2,1,1,1,1,3,1
39,205,0,2,2,3,2,1,3,1,2,1,1,1,0
6,266,0,2,1,2,2,1,1,1,1,1,1,2,0
27,20,152,1,1,2,2,1,1,1,1,1,1,3,1
2,292,266,3,2,7,1,2,2,2,2,1,4,0,0
48,20,0,1,1,2,1,1,2,1,3,1,1,1,0
18,266,292,2,2,7,3,2,1,1,2,1,1,1,0
2,307,0,1,2,7,2,2,1,2,2,1,1,2,0
36,307,0,1,2,0,3,2,1,2,2,1,1,4,1
0,266,0,3,1,6,1,3,1,3,3,1,4,1,0
2,284,0,1,3,5,2,1,2,1,2,1,1,3,1
1,299,266,2,2,3,2,2,1,1,2,1,1,1,0
1,307,0,3,2,5,1,2,1,2,2,1,5,2,0
2,307,0,2,1,2,2,1,1,1,2,1,2,3,1
6,266,0,2,6,0,2,2,1,2,2,1,1,3,1
12,264,285,1,4,5,2,1,2,1,1,1,1,3,1
1,307,0,2,2,7,2,1,2,3,2,1,1,4,1
2,266,254,2,1,4,1,2,1,2,2,1,1,1,0
4,266,266,3,1,4,2,2,1,2,2,1,2,4,1
2,307,0,3,1,2,2,2,1,2,2,1,5,4,1
2,307,307,2,1,2,3,2,1,1,2,1,1,4,1
3,307,0,2,2,5,3,2,2,2,2,1,1,2,0
2,307,307,1,1,0,1,2,1,1,2,1,1,3,1
18,241,266,2,2,3,2,2,1,1,1,1,1,2,0
4,266,0,3,2,3,1,2,1,1,2,1,5,2,0
4,265,0,1,1,6,2,1,2,1,1,1,1,3,1
2,307,0,1,2,7,2,1,1,1,2,1,1,2,0
10,292,285,1,5,7,3,2,2,2,3,1,1,0,0
4,264,0,2,1,0,3,2,3,1,2,1,1,1,0
2,266,0,2,1,5,2,2,1,2,2,1,1,2,0
36,307,307,2,1,2,2,1,2,1,1,1,1,4,1
3,266,0,3,2,6,1,1,1,1,2,1,3,4,1
3,307,0,2,1,0,2,2,1,1,2,1,1,4,1
5,72,72,1,1,7,1,1,2,1,2,1,1,1,0
2,218,0,2,2,7,2,2,1,1,2,1,1,1,0
2,307,0,1,2,0,2,1,1,1,2,1,1,1,0
96,141,0,1,3,7,2,1,1,1,3,1,1,2,0
2,265,0,1,1,7,1,1,2,1,2,1,1,1,0
3,266,0,2,2,4,1,2,1,1,2,1,1,2,0
1,307,0,2,1,2,1,2,2,2,2,1,2,4,1
1,266,0,3,3,7,2,2,1,2,2,1,5,2,0
72,103,0,2,1,2,3,2,2,1,3,1,1,3,1
1,307,0,2,1,2,2,1,2,1,2,1,1,3,1
84,240,0,2,1,3,1,1,1,1,2,1,1,2,0
3,265,0,1,4,0,1,3,2,3,3,1,1,1,0
9,205,0,1,2,7,1,3,2,3,1,1,1,2,0
1,189,307,1,1,2,2,2,2,2,2,1,1,1,0
1,307,0,2,1,2,2,2,1,2,2,1,1,2,0
24,307,0,1,1,7,2,3,1,3,1,1,1,3,1
2,307,0,1,1,5,2,2,2,1,2,1,1,2,0
2,266,0,2,1,7,1,2,2,2,2,1,1,3,1
1,307,307,2,5,7,2,2,2,1,2,1,1,3,1
3,307,0,2,2,7,2,1,2,1,2,1,1,2,0
36,307,307,1,1,0,2,1,2,1,1,1,1,4,1
24,141,0,1,1,7,3,1,2,1,2,1,1,1,0
12,266,289,1,6,0,2,1,1,1,1,1,1,4,1
24,266,0,2,5,0,2,1,2,1,1,1,1,4,1
6,179,0,1,2,0,1,1,1,3,2,1,1,2,0
36,179,0,2,5,0,1,1,1,1,1,1,1,4,1
6,265,0,2,3,7,2,2,2,2,3,1,1,2,0
1,266,0,2,1,7,1,2,1,2,1,1,1,1,0
2,266,266,3,4,6,2,2,1,2,2,1,2,4,1
12,307,0,2,7,0,2,1,3,1,1,1,1,4,1
24,218,147,2,7,0,2,3,2,3,3,1,1,3,1
3,307,0,1,1,2,2,2,1,1,2,1,1,3,1
4,307,0,1,1,0,2,1,1,1,2,1,1,2,0
5,307,307,2,2,0,2,2,1,1,1,1,1,3,1
2,266,0,1,1,2,1,1,1,1,2,1,2,1,0
2,307,0,3,1,5,2,2,1,1,2,1,3,1,0
36,61,207,1,1,3,1,1,2,1,1,1,1,0,0
2,266,0,1,7,0,2,2,1,2,2,1,1,4,1
2,303,266,2,2,3,2,1,2,1,2,1,1,2,0
4,266,306,2,1,7,2,1,1,1,2,1,1,2,0
2,307,109,2,1,2,2,1,1,1,2,1,1,2,0
9,265,0,2,7,0,2,1,2,1,1,1,2,2,0
36,307,307,2,1,2,2,1,2,1,1,1,1,4,1
12,265,0,2,2,7,2,3,2,1,3,1,2,4,1
2,307,0,2,2,7,2,2,1,2,2,1,1,4,1
6,266,0,1,7,0,2,3,1,3,3,1,1,4,1
2,265,0,2,2,0,1,3,2,1,2,1,1,2,0
3,266,0,3,2,5,2,1,1,1,2,1,4,4,1
1,299,0,2,1,2,2,1,1,1,2,1,1,2,0
8,266,0,2,2,6,2,2,1,1,2,1,1,4,1
3,307,307,1,2,0,2,2,1,1,2,1,1,1,0
15,243,0,3,1,3,1,2,1,2,1,1,3,2,0
3,266,243,2,7,0,1,1,1,1,2,1,1,1,0
2,252,266,2,1,0,1,2,2,2,2,1,1,1,0
6,266,0,2,2,6,2,2,1,2,2,1,1,3,1
1,128,129,3,1,2,1,2,2,3,3,1,3,1,0
1,292,294,1,1,7,1,2,1,2,3,1,1,4,1
6,109,0,1,3,0,3,1,3,1,2,1,1,0,0
4,307,0,2,1,2,2,2,2,1,2,1,1,4,1
4,266,0,1,7,0,1,3,1,3,3,1,1,1,0
1,307,0,3,1,2,2,2,1,1,2,1,4,4,1
3,243,251,2,1,3,3,2,1,2,2,1,3,3,1
22,20,0,2,1,2,2,1,1,1,2,1,1,2,0
6,266,0,1,6,7,1,1,1,1,2,1,1,4,1
12,299,0,1,4,5,2,2,1,2,1,1,1,4,1
12,217,0,2,1,0,1,1,2,1,1,1,1,4,1
12,266,0,3,1,2,2,3,1,3,3,1,2,4,1
1,282,0,1,1,6,2,1,2,1,2,1,1,1,0
1,266,0,3,1,2,2,2,1,2,3,1,5,0,0
1,307,0,1,3,0,2,2,1,2,2,1,1,2,0
24,218,307,1,2,5,2,1,2,1,1,1,1,3,1
2,307,0,2,2,0,1,1,1,1,2,1,1,3,1
0,103,307,2,1,2,2,3,3,3,3,1,1,1,0
24,109,0,1,4,0,3,1,3,1,2,1,1,1,0
3,307,0,1,2,0,2,1,1,1,2,1,1,1,0
60,20,0,1,2,7,2,3,1,3,1,1,1,3,1
2,266,0,1,4,7,2,1,1,1,2,1,1,4,1
8,189,0,2,1,0,3,1,3,1,2,1,1,2,0
4,266,0,2,2,5,2,2,1,2,2,1,1,2,0
2,307,0,2,1,2,2,1,2,1,2,1,1,3,1
1,307,0,1,2,7,2,2,3,2,2,1,1,1,0
6,307,0,1,2,0,1,1,2,1,2,1,1,3,1
3,307,0,1,1,2,3,2,1,2,2,1,1,4,1
8,307,0,1,3,5,1,1,2,1,1,1,1,4,1
24,307,0,2,1,0,2,1,1,1,1,1,1,4,1
1,266,0,1,1,6,1,2,1,2,2,1,1,1,0
4,307,0,2,1,2,2,1,1,1,1,1,1,3,1
1,307,307,2,1,2,2,2,2,1,2,1,1,1,0
3,299,292,1,2,6,1,2,1,1,2,1,1,2,0
12,189,189,1,1,0,3,1,2,1,2,1,1,2,0
2,307,0,3,1,7,3,3,1,3,3,1,7,1,0
2,307,0,1,1,2,2,1,1,1,2,1,1,3,1
2,247,264,3,1,2,1,2,3,3,2,1,3,1,0
1,307,0,3,1,2,2,2,2,2,2,1,2,4,1
72,205,147,2,1,7,1,1,3,1,1,1,1,3,1
4,265,0,2,4,0,2,2,2,1,2,1,1,3,1
3,266,0,1,1,7,2,2,2,1,2,1,2,3,1
12,266,0,2,7,0,2,1,1,1,2,1,7,2,0
60,307,0,2,7,0,1,1,3,1,3,1,1,1,0
4,266,0,1,3,7,2,2,1,1,2,1,1,1,0
3,307,0,2,5,7,2,2,2,2,2,1,1,1,0
24,266,0,2,7,0,2,1,1,1,1,1,1,4,1
4,307,0,1,1,0,1,1,1,2,2,1,1,1,0
36,195,0,2,6,0,1,3,3,1,3,1,1,2,0
6,307,0,2,1,7,2,1,1,1,1,1,1,3,1
5,307,307,2,1,2,2,2,2,2,1,1,1,4,1
12,247,0,1,7,0,2,1,2,1,1,1,2,4,1
12,299,0,1,3,7,2,3,1,1,2,1,1,4,1
12,307,0,2,1,0,2,1,1,1,1,1,1,4,1
8,266,0,2,2,7,2,1,1,1,1,1,1,2,0
3,292,265,2,2,7,2,2,2,2,2,1,2,1,0
1,307,307,2,3,0,2,2,1,2,2,1,1,4,1
18,266,0,2,1,7,2,2,1,2,2,1,1,3,1
4,284,0,2,2,4,1,2,1,1,2,1,1,2,0
3,266,0,1,4,7,2,2,1,2,2,1,1,1,0
5,266,0,1,1,6,2,2,1,1,2,1,2,2,0
5,266,0,2,1,4,2,2,1,1,2,1,1,3,1
36,307,0,2,2,0,2,1,1,1,1,1,1,4,1
2,307,307,1,1,2,2,2,2,1,2,1,1,4,1
50,307,0,1,2,0,2,1,1,1,2,1,1,2,0
12,266,0,2,2,6,1,2,1,2,2,1,3,4,1
2,265,0,2,6,0,1,2,2,2,2,1,1,3,1
1,307,26,1,1,2,3,1,2,1,2,1,1,2,0
1,266,0,1,3,7,1,2,1,2,2,1,1,1,0
1,307,0,2,1,2,2,3,1,1,3,1,1,2,0
12,265,0,1,3,7,2,2,2,2,2,1,1,2,0
2,266,0,2,1,3,2,2,1,2,2,1,1,2,0
2,307,0,2,2,0,2,1,1,1,2,1,1,4,1
1,265,0,2,6,7,1,3,3,3,3,1,3,0,0
2,307,0,2,3,0,2,2,1,2,2,1,1,2,0
3,266,0,1,2,4,2,1,1,1,2,1,1,2,0
3,266,0,1,1,6,1,2,1,2,2,1,1,3,1
1,266,0,2,1,7,2,2,1,2,2,1,1,3,1
4,292,0,2,2,7,1,2,1,2,2,1,1,0,0
2,307,0,1,5,0,2,3,2,3,2,1,1,2,0
108,307,0,1,2,7,2,3,2,3,3,1,1,4,1
6,307,0,2,1,2,2,1,1,1,2,1,2,4,1
3,307,0,2,2,0,3,1,1,1,2,1,1,3,1
1,307,0,2,1,2,2,1,1,1,2,1,1,3,1
2,307,0,3,1,2,2,2,2,2,2,1,4,3,1
2,266,266,3,1,2,2,2,1,2,2,1,3,3,1
9,307,0,1,6,0,2,3,1,1,2,1,1,2,0
2,277,0,2,1,7,2,2,1,1,2,1,1,3,1
2,266,0,2,1,4,1,2,1,1,2,1,1,2,0
1,307,0,2,1,2,2,2,1,2,2,1,6,4,1
1,266,266,3,6,0,1,2,1,2,2,1,3,4,1
2,307,0,2,1,2,2,2,1,1,2,1,1,1,0
2,179,179,1,2,3,1,1,2,1,2,1,1,1,0
36,266,266,2,2,5,2,1,1,1,1,1,1,2,0
12,178,307,1,4,0,1,3,2,3,3,1,1,1,0
12,243,266,1,1,2,2,1,1,1,1,1,1,2,0
12,266,0,2,1,0,2,2,1,2,2,1,3,3,1
72,307,0,1,5,0,2,1,1,3,2,1,1,3,1
12,304,0,1,2,7,3,1,3,1,2,1,1,4,1
2,266,264,2,2,5,2,2,2,2,2,1,1,1,0
6,266,266,3,6,7,2,2,1,2,2,1,2,4,1
1,307,307,3,1,2,3,2,1,1,2,1,9,4,1
15,307,0,2,7,0,2,1,1,1,1,1,1,2,0
36,307,0,2,1,2,1,1,2,1,1,1,1,4,1
3,307,0,2,2,4,2,1,1,1,2,1,1,4,1
4,265,0,1,7,0,2,1,2,1,1,1,1,2,0
4,265,266,2,3,0,1,1,2,1,2,1,2,4,1
2,307,0,2,2,0,2,1,2,1,2,1,1,2,0
6,249,0,3,4,7,2,2,1,2,2,1,5,1,0
4,266,0,1,1,7,2,2,1,2,2,1,1,1,0
1,307,0,2,2,0,2,2,2,2,2,1,1,1,0
4,307,0,1,1,2,2,2,2,1,2,1,1,3,1
5,72,307,2,1,2,1,1,2,1,2,1,1,2,0
8,307,128,2,5,7,2,1,1,1,1,1,1,4,1
2,307,0,3,2,5,2,2,1,1,2,1,4,2,0
1,307,0,2,1,0,2,2,2,2,2,1,1,2,0
2,265,0,2,4,7,2,2,2,2,2,1,1,1,0
3,307,0,2,2,5,2,1,1,1,2,1,1,2,0
1,307,307,1,1,2,2,2,1,1,2,1,1,3,1
2,264,266,3,1,6,1,2,2,2,2,1,3,1,0
3,307,0,1,1,7,2,1,2,1,3,1,1,4,1
36,83,0,2,2,0,2,1,2,1,2,1,1,1,0
21,10,307,2,2,7,2,1,1,1,1,1,1,3,1
3,265,264,3,1,2,3,1,2,1,2,1,6,4,1
2,307,307,1,2,0,2,1,2,1,2,1,1,2,0
10,44,76,2,2,7,2,1,1,1,1,1,1,4,1
1,265,0,2,1,5,2,3,2,3,2,1,1,2,0
18,285,266,1,3,0,2,1,3,1,2,1,2,2,0
24,307,0,1,1,7,2,2,1,2,2,1,1,4,1
72,307,0,1,2,0,2,1,1,1,3,1,1,4,1
1,307,0,2,1,0,2,2,1,2,2,1,1,1,0
2,109,24,3,1,7,2,2,3,2,2,1,3,2,0
2,265,0,2,1,4,2,2,2,2,2,1,1,1,0
12,103,307,2,1,2,3,2,2,2,3,1,1,4,1
12,265,0,2,7,0,2,3,2,3,3,1,1,4,1
2,307,307,3,1,2,1,3,1,3,3,1,7,4,1
2,141,307,3,1,0,2,3,2,3,3,1,3,3,1
27,265,0,1,5,0,3,1,2,2,3,1,1,2,0
2,266,0,2,2,6,2,2,1,2,2,1,1,2,0
12,307,213,2,2,7,2,2,2,2,1,1,1,2,0
3,265,0,2,3,0,2,2,2,2,2,1,1,1,0
2,307,0,2,1,0,3,2,1,1,2,1,1,4,1
7,299,0,1,1,6,1,1,1,1,1,1,1,4,1
3,307,0,1,1,2,2,1,1,1,2,1,1,1,0
19,307,0,2,7,0,3,2,1,1,2,1,1,2,0
3,307,0,2,1,2,2,2,1,1,2,1,1,3,1
2,307,307,1,7,0,2,2,1,2,2,1,1,3,1
2,265,0,1,4,7,2,2,2,1,3,1,1,2,0
2,266,0,1,4,7,2,2,1,1,2,1,1,3,1
1,299,299,3,1,3,1,2,2,2,2,1,5,3,1
7,307,0,1,2,7,2,1,2,3,3,1,1,1,0
1,49,307,1,2,7,2,2,2,2,2,1,1,2,0
8,307,0,1,1,2,2,3,1,3,3,1,1,1,0
5,152,0,2,1,2,1,1,1,1,2,1,1,1,0
2,307,0,2,1,2,2,2,1,1,2,1,2,3,1
2,117,0,3,1,0,2,2,1,2,2,1,2,2,0
2,307,0,2,1,2,1,3,1,3,3,1,1,2,0
24,243,243,3,2,7,2,2,2,1,3,1,4,4,1
4,265,0,2,1,7,2,2,2,2,2,1,1,1,0
36,265,0,3,1,3,2,1,2,1,2,1,5,2,0
2,307,0,1,2,0,2,1,2,1,2,1,1,1,0
2,307,307,2,1,2,2,2,2,2,2,1,1,2,0
96,75,179,1,6,0,1,2,3,2,2,1,1,2,0
88,109,0,1,2,3,2,1,2,1,3,1,1,2,0
2,266,266,3,1,7,2,2,1,2,2,1,2,3,1
36,218,179,1,1,6,3,1,2,1,1,1,1,3,1
18,307,0,1,2,4,2,3,1,3,3,1,1,4,1
8,307,0,1,1,0,2,1,2,1,1,1,1,4,1
2,265,0,3,1,2,2,2,2,1,2,1,3,4,1
1,254,0,2,1,3,1,2,2,1,2,1,1,1,0
24,266,0,2,1,4,2,1,1,1,1,1,1,4,1
3,307,307,1,1,0,2,2,1,1,2,1,1,1,0
36,195,0,2,6,0,1,1,3,1,2,1,1,4,1
2,307,0,1,1,2,2,2,1,2,2,1,1,3,1
3,265,0,2,1,4,2,2,2,1,3,1,1,1,0
3,266,266,2,1,0,1,2,2,1,2,1,1,4,1
12,266,0,3,1,0,2,1,1,1,1,1,2,3,1
1,265,306,3,2,4,1,2,2,2,2,1,5,3,1
38,285,254,2,1,3,2,1,3,1,1,1,3,2,0
1,266,303,2,1,2,2,2,1,1,2,1,1,0,0
15,266,0,2,1,2,3,3,1,3,3,1,1,1,0
26,307,0,2,1,0,2,1,1,1,1,1,1,4,1
3,266,0,2,1,2,2,2,1,1,2,1,1,3,1
2,265,0,2,6,0,2,2,2,2,2,1,1,1,0
12,307,0,2,1,7,2,3,2,3,1,1,1,4,1
2,307,0,2,1,0,2,1,1,1,2,1,1,3,1
51,307,0,2,2,7,2,1,2,1,1,1,1,4,1
29,179,0,1,2,5,1,1,1,1,1,1,1,4,1
3,307,307,1,2,7,2,2,2,2,2,1,1,4,1
2,307,0,2,1,2,2,3,1,1,2,1,1,1,0
1,307,0,2,1,2,2,2,1,1,2,1,1,3,1
3,299,266,1,1,6,2,1,1,1,2,1,1,3,1
108,20,0,1,1,2,2,1,2,2,2,1,1,1,0
5,294,0,2,1,4,1,1,1,1,1,1,1,4,1
10,243,0,2,1,2,2,2,1,2,2,1,1,4,1
2,307,0,2,1,2,2,2,1,2,3,1,1,1,0
3,265,0,1,1,0,2,2,2,1,2,1,1,2,0
2,266,0,1,1,0,1,3,1,3,3,1,1,1,0
4,307,0,2,3,0,2,1,1,1,2,1,1,4,1
1,265,0,2,4,0,1,2,2,2,2,1,1,1,0
72,205,207,1,1,6,1,1,3,1,1,1,1,2,0
1,307,0,3,1,7,2,3,1,3,3,1,2,4,1
3,307,0,1,1,4,1,3,1,3,1,1,1,2,0
2,266,0,3,1,2,2,2,1,2,2,1,2,3,1
2,218,75,2,5,0,2,1,2,1,3,1,1,2,0
4,307,307,3,1,2,2,3,1,3,3,1,4,4,1
30,299,265,1,5,0,4,1,2,1,1,1,1,3,1
4,264,0,1,4,0,1,3,3,3,3,1,1,3,1
9,307,0,2,1,2,2,3,1,3,3,1,1,3,1
2,307,0,2,1,2,2,2,1,1,2,1,1,1,0
8,20,307,1,1,2,2,1,1,1,1,1,1,4,1
10,266,0,2,6,7,1,2,1,1,1,1,1,2,0
5,266,0,1,4,7,1,2,1,2,2,1,1,2,0
3,307,0,1,6,7,2,1,1,1,2,1,1,3,1
16,205,147,2,5,7,1,1,1,1,3,1,1,1,0
2,307,0,3,1,2,2,1,1,1,2,1,2,2,0
4,266,0,2,3,5,1,2,1,2,2,1,1,3,1
3,266,0,1,1,7,2,2,1,2,2,1,1,2,0
2,307,0,2,1,5,2,2,1,2,2,1,1,3,1
12,266,0,1,2,0,1,1,1,1,1,1,1,2,0
3,265,0,1,6,7,2,1,2,1,2,1,1,2,0
5,266,0,1,5,0,2,1,1,1,1,1,1,2,0
2,292,299,3,2,6,2,2,1,2,2,1,4,3,1
36,169,0,3,2,5,2,3,2,3,3,1,4,1,0
2,300,0,2,1,6,2,2,2,2,2,1,1,1,0
4,266,0,2,2,5,2,2,1,2,2,1,1,4,1
2,285,264,2,5,0,2,2,3,1,2,1,1,1,0
6,266,0,2,1,2,2,1,1,1,1,1,1,4,1
4,266,0,1,2,6,2,2,1,2,2,1,1,1,0
24,141,307,2,2,7,2,1,2,1,1,1,2,2,0
1,266,0,1,1,6,2,2,1,1,2,1,1,1,0
4,307,0,2,2,0,2,1,1,1,1,1,1,4,1
2,307,0,2,5,0,2,1,1,2,2,1,1,3,1
2,303,264,2,1,3,3,2,3,2,2,1,1,1,0
1,307,0,1,2,7,2,2,1,2,2,1,3,1,0
1,292,0,1,7,0,1,2,1,1,2,1,1,1,0
24,213,307,1,2,7,2,1,2,1,2,1,1,4,1
60,132,0,1,2,0,2,3,1,3,3,1,1,4,1
4,307,0,2,2,7,2,1,1,1,2,1,1,2,0
2,266,0,2,1,2,1,2,1,2,2,1,3,1,0
60,205,0,2,2,5,2,1,2,1,2,1,1,1,0
1,307,307,2,1,2,2,2,1,2,2,1,7,2,0
3,265,0,2,6,7,2,2,2,1,2,1,1,2,0
108,69,69,1,2,0,1,1,3,1,1,1,1,1,0
15,307,0,1,2,4,2,3,1,3,3,1,1,3,1
12,266,0,2,3,6,2,2,1,2,2,1,1,4,1
1,307,0,1,1,2,2,2,2,2,2,1,1,1,0
2,307,307,2,1,0,2,1,2,1,2,1,1,2,0
12,285,288,2,2,5,3,1,3,1,2,1,1,2,0
15,307,307,1,1,2,2,1,1,1,1,1,1,4,1
2,266,0,2,1,7,1,3,1,3,3,1,1,0,0
2,266,0,2,7,0,2,2,1,1,2,1,1,2,0
2,307,0,2,1,6,2,1,2,1,2,1,1,1,0
2,285,264,3,1,4,1,2,3,2,2,1,4,4,1
17,266,0,2,4,7,2,3,1,3,2,1,1,4,1
3,282,0,2,1,2,2,3,3,3,3,1,1,1,0
1,307,0,2,5,0,2,2,1,1,2,1,1,0,0
1,265,0,1,1,0,1,2,2,2,2,1,1,1,0
12,307,0,2,1,2,2,1,1,1,3,1,1,4,1
12,141,307,1,1,0,2,3,1,1,1,1,1,2,0
2,20,307,2,2,7,2,2,1,1,2,1,1,2,0
2,307,307,2,2,0,2,1,2,1,2,1,1,0,0
1,266,0,3,1,7,1,3,2,3,3,1,2,4,1
2,266,0,1,1,3,2,2,1,2,2,1,5,3,1
2,307,218,2,1,2,2,2,1,1,2,1,2,4,1
2,266,0,3,1,3,3,2,1,2,2,1,6,3,1
12,266,0,2,1,2,2,2,1,2,2,1,1,4,1
1,307,0,2,5,7,2,1,1,1,2,1,1,1,0
6,266,0,2,4,0,1,1,1,1,1,1,1,3,1
4,266,292,2,7,0,1,2,1,2,2,1,1,4,1
96,195,0,1,6,0,1,1,2,1,2,1,1,2,0
9,218,0,2,1,0,2,3,3,3,3,1,1,4,1
2,266,266,3,1,2,1,2,1,1,2,1,2,3,1
1,266,0,3,1,3,1,2,1,2,2,1,3,3,1
4,307,307,1,1,2,2,2,1,1,2,1,1,4,1
1,266,0,1,1,6,2,2,1,2,2,1,1,1,0
24,109,0,2,3,0,3,1,2,1,2,1,1,3,1
1,266,0,1,1,2,2,2,1,2,2,1,1,2,0
3,247,306,3,2,5,1,2,2,1,2,1,3,2,0
3,266,0,1,7,0,2,2,1,1,2,1,1,2,0
4,266,0,2,1,6,1,3,1,3,3,1,1,4,1
3,266,0,2,5,0,1,2,1,1,2,1,1,2,0
1,265,0,3,4,6,1,2,1,1,2,1,3,4,1
2,292,266,2,7,0,1,2,2,2,2,1,1,2,0
2,266,0,1,1,2,2,2,1,2,2,1,1,1,0
3,285,264,1,7,0,2,2,3,1,2,1,1,2,0
5,266,266,2,1,6,2,2,1,2,2,1,2,3,1
2,307,0,2,1,2,2,2,1,2,2,1,1,3,1
2,264,285,2,1,2,2,2,3,2,2,1,3,2,0
1,265,266,1,2,3,2,2,2,2,2,1,1,2,0
10,307,0,1,2,4,2,1,2,1,2,1,1,4,1
12,199,141,1,2,7,2,1,2,1,1,1,1,3,1
3,266,0,2,1,7,1,3,1,3,3,1,1,4,1
1,15,307,2,2,6,2,2,1,2,2,1,1,1,0
8,103,307,1,1,2,2,1,1,3,3,1,1,4,1
2,266,0,3,2,4,1,2,1,2,2,1,3,3,1
6,307,0,2,2,4,2,3,2,1,2,1,1,4,1
2,265,0,1,3,7,2,2,2,2,2,1,1,3,1
0,307,0,3,7,0,1,2,1,2,2,1,4,1,0
7,264,0,1,5,6,2,3,3,3,3,1,1,0,0
2,307,0,3,1,2,2,1,1,1,2,1,9,3,1
2,266,0,2,6,7,1,2,1,2,2,1,1,3,1
5,265,0,2,1,7,2,2,2,2,2,1,1,4,1
1,266,0,2,7,0,1,1,1,1,1,1,3,1,0
24,307,0,1,2,7,2,3,1,3,3,1,1,4,1
3,307,0,2,1,2,2,1,1,1,2,1,1,2,0
36,205,195,1,1,2,1,1,2,1,2,1,1,4,1
20,307,0,2,3,0,2,1,1,1,1,1,1,4,1
12,266,0,2,2,7,2,1,1,1,1,1,1,1,0
4,265,266,3,2,6,1,2,2,2,2,1,2,3,1
6,307,0,1,2,0,2,1,2,1,1,1,1,4,1
36,250,0,1,1,0,2,1,1,1,1,1,1,3,1
5,265,0,2,1,6,2,2,2,1,2,1,2,4,1
3,307,78,2,1,2,2,1,1,1,2,1,1,3,1
12,265,0,1,7,0,1,1,1,1,1,1,1,1,0
2,307,307,1,4,5,2,2,1,2,2,1,1,1,0
2,266,266,3,1,4,1,2,1,1,2,1,5,4,1
1,307,141,1,5,0,2,1,1,1,2,1,1,2,0
3,307,0,2,2,0,2,1,2,1,2,1,1,2,0
1,307,0,2,1,2,2,2,2,2,2,1,1,4,1
3,266,0,3,1,7,2,3,2,3,3,1,2,1,0
3,265,265,2,1,7,2,2,2,1,2,1,1,4,1
5,307,0,1,1,2,2,1,1,1,2,1,1,3,1
8,266,0,2,1,0,2,1,1,1,2,1,1,3,1
12,128,307,1,2,7,2,1,2,1,1,1,1,4,1
2,299,0,2,1,3,2,1,1,1,2,1,2,2,0
2,292,0,2,5,0,1,2,1,2,2,1,1,1,0
6,307,0,1,2,5,1,1,1,1,2,1,1,4,1
3,307,0,2,2,3,2,1,2,1,2,1,2,3,1
36,299,0,1,3,4,2,3,2,3,1,1,1,4,1
3,307,0,2,2,0,2,2,1,1,2,1,1,3,1
72,103,213,1,2,3,2,1,3,1,1,1,1,1,0
12,266,0,2,1,2,2,2,1,1,2,1,1,1,0
36,307,0,1,7,0,2,1,1,1,2,1,1,3,1
4,292,285,1,5,6,1,1,2,1,1,1,1,2,0
2,307,307,3,1,2,2,2,1,2,2,1,6,1,0
36,307,0,1,2,5,2,1,1,1,1,1,1,4,1
2,242,0,1,5,7,3,3,3,3,3,1,1,2,0
2,266,0,2,6,7,2,2,1,1,2,1,1,2,0
0,266,0,1,1,7,1,3,1,3,2,1,1,3,1
60,20,0,2,5,0,2,1,1,1,1,1,1,4,1
2,141,213,3,1,2,2,2,2,2,2,1,6,2,0
2,266,0,3,1,6,1,2,1,2,2,1,6,4,1
5,266,0,2,6,0,2,2,1,2,2,1,1,2,0
3,307,0,2,2,7,2,1,1,1,2,1,1,4,1
2,307,0,2,1,0,3,1,1,1,2,1,2,4,1
1,265,266,2,2,7,2,3,2,3,2,1,3,0,0
2,307,0,2,2,3,2,3,2,3,3,1,1,2,0
1,307,307,2,1,2,1,2,1,1,2,1,1,4,1
60,307,0,1,1,7,3,1,2,1,2,1,1,3,1
3,307,0,1,1,7,3,1,2,1,2,1,1,1,0
5,285,0,2,5,7,2,2,1,2,2,1,2,3,1
8,266,0,1,2,0,2,3,1,3,3,1,2,1,0
48,179,0,1,5,0,1,1,1,1,1,1,1,2,0
2,264,265,3,6,7,2,3,3,3,3,1,2,1,0
3,307,0,2,1,0,2,2,1,2,2,1,2,2,0
2,266,0,2,1,7,2,1,1,1,2,1,1,4,1
2,307,0,2,7,0,2,2,2,2,2,1,1,1,0
12,218,0,2,5,0,1,3,1,3,3,1,1,3,1
2,70,307,2,2,7,2,2,1,2,2,1,1,1,0
12,249,0,2,1,2,2,2,1,1,2,1,1,2,0
1,266,0,1,1,6,2,2,1,2,2,1,1,1,0
4,246,0,2,3,0,2,2,2,1,2,1,1,4,1
24,307,0,2,1,7,3,1,2,1,1,1,1,4,1
10,197,307,2,7,0,2,3,1,3,3,1,2,2,0
1,307,0,2,2,0,2,2,2,2,2,1,2,3,1
1,265,0,2,1,0,1,2,2,2,2,1,1,2,0
24,243,0,2,2,3,2,1,1,1,1,1,1,1,0
6,205,167,1,2,7,2,1,2,2,2,1,1,3,1
2,265,0,3,1,2,1,2,2,2,2,1,4,4,1
1,307,307,1,1,2,1,2,1,2,3,1,1,3,1
2,266,265,3,1,5,2,2,1,2,2,1,5,1,0
2,307,0,1,2,7,2,2,2,2,2,1,1,2,0
2,266,0,3,1,2,1,2,1,2,2,1,2,1,0
2,307,0,2,5,7,2,1,1,1,1,1,1,2,0
61,122,122,2,2,3,3,1,3,1,1,1,1,3,1
3,266,0,2,1,2,1,2,1,2,2,1,1,2,0
10,266,0,1,2,3,2,1,1,1,1,1,1,4,1
2,266,0,2,2,5,2,2,1,2,2,1,1,2,0
7,266,0,1,3,7,2,2,1,2,2,1,1,2,0
5,218,307,2,7,0,2,2,2,2,2,1,1,2,0
3,266,0,1,1,7,2,2,1,3,2,1,2,3,1
2,307,0,2,1,7,2,2,2,2,2,1,1,4,1
24,205,0,1,6,7,1,3,3,3,3,1,1,1,0
2,265,0,3,1,6,2,2,2,2,2,1,2,2,0
2,69,98,1,1,0,2,1,2,1,2,1,1,2,0
10,307,0,2,1,0,2,1,1,1,1,1,1,4,1
1,265,0,2,1,3,2,2,2,2,2,1,1,1,0
1,307,307,2,1,0,2,1,3,1,2,1,1,3,1
2,266,0,1,1,7,2,2,2,1,2,1,1,4,1
7,292,0,1,1,7,2,1,2,1,2,1,1,0,0
2,307,0,1,1,6,1,2,1,2,2,1,3,2,0
3,307,0,2,1,2,2,3,1,3,3,1,1,2,0
1,265,265,3,1,4,1,2,2,2,2,1,4,4,1
3,307,0,2,2,0,2,1,1,1,2,1,1,4,1
2,266,0,2,3,0,1,1,1,1,2,1,2,1,0
2,218,0,2,2,7,2,2,1,2,2,1,1,1,0
1,307,0,3,1,0,2,2,1,2,2,1,7,2,0
36,307,0,2,2,0,3,1,1,1,1,1,1,4,1
5,266,266,3,7,0,2,2,1,3,3,1,2,4,1
1,266,0,2,3,0,2,2,1,1,2,1,2,2,0
4,307,0,2,1,2,2,1,1,1,2,1,1,2,0
3,299,0,2,2,7,2,3,1,3,3,1,1,2,0
6,266,0,2,1,6,1,3,1,3,3,1,1,2,0
24,169,0,1,2,0,2,1,3,1,2,1,1,2,0
1,266,0,1,2,4,2,2,1,2,2,1,1,2,0
12,307,0,1,2,5,2,1,1,1,3,1,1,2,0
3,266,0,2,1,3,1,1,1,1,2,1,1,2,0
3,307,0,2,2,0,1,1,1,1,2,1,1,1,0
4,307,0,2,2,0,1,2,1,2,1,1,1,4,1
1,264,0,3,2,6,2,2,3,2,2,1,2,2,0
4,266,0,2,1,3,1,2,1,2,2,1,1,4,1
0,266,0,2,3,0,2,2,2,2,3,1,1,4,1
4,266,266,1,4,7,1,2,1,1,2,1,1,2,0
2,307,0,2,2,0,2,2,2,1,2,1,1,1,0
64,307,179,2,1,2,2,2,2,1,2,1,1,3,1
0,265,292,3,1,4,2,1,2,1,1,1,3,0,0
2,213,307,1,2,0,2,1,1,1,1,1,5,4,1
2,266,268,2,1,7,1,2,1,1,2,1,1,0,0
2,265,0,2,6,0,1,2,2,1,2,1,1,1,0
3,266,0,2,1,0,2,3,1,3,3,1,1,3,1
3,265,0,2,1,4,1,2,2,2,2,1,1,4,1
3,265,0,3,5,6,2,2,2,1,2,1,3,2,0
84,19,0,2,2,7,2,1,1,1,1,1,1,3,1
8,264,0,2,5,7,3,2,3,2,3,1,1,1,0
8,306,250,1,1,7,3,2,2,2,2,1,1,3,1
1,266,0,3,1,3,1,2,1,2,2,1,4,2,0
9,307,0,2,1,2,3,1,1,1,1,1,1,4,1
72,266,0,2,1,7,1,1,1,1,1,1,1,2,0
4,307,0,2,2,5,2,1,2,1,2,1,4,4,1
3,307,0,2,5,0,1,1,1,1,2,1,1,3,1
1,307,307,3,1,2,2,2,1,2,2,1,5,3,1
4,266,0,2,2,7,2,1,1,1,2,1,1,3,1
8,307,0,2,3,0,2,1,1,1,1,1,1,1,0
4,266,0,2,1,3,1,2,1,2,2,1,1,4,1
3,266,0,1,3,7,1,1,1,1,2,1,1,2,0
3,307,0,1,1,2,1,2,1,2,2,1,9,2,0
12,307,0,1,1,2,3,2,2,1,2,1,1,2,0
4,266,0,1,6,7,1,2,1,1,2,1,1,3,1
4,266,0,3,1,2,1,2,1,2,2,1,3,4,1
2,307,0,1,1,2,2,1,2,1,2,1,1,3,1
60,205,205,2,2,7,1,1,1,1,2,1,1,2,0
12,307,0,2,2,7,2,2,2,1,1,1,1,4,1
3,307,0,1,2,0,2,1,2,1,2,1,1,1,0
48,299,0,2,7,0,2,3,1,3,1,1,1,4,1
1,265,0,1,1,7,2,2,2,1,2,1,1,4,1
36,141,20,1,5,7,1,3,1,3,2,1,1,2,0
2,307,0,2,4,0,2,2,1,1,2,1,1,2,0
1,307,0,2,1,4,2,2,2,2,2,1,2,2,0
5,265,0,1,6,7,2,1,2,1,1,1,1,2,0
2,265,266,2,1,7,2,2,2,1,2,1,1,2,0
4,307,0,2,1,7,2,1,1,2,2,1,1,3,1
3,307,0,2,2,0,2,1,1,1,2,1,1,3,1
0,266,0,3,5,7,1,2,1,2,2,1,5,1,0
6,266,0,2,2,4,2,1,1,1,1,1,1,4,1
2,266,0,2,1,7,2,2,2,1,2,1,1,1,0
17,205,0,1,2,7,1,1,1,1,2,1,1,0,0
1,307,0,3,1,7,2,2,1,1,2,1,7,4,1
12,109,0,2,3,7,2,1,2,1,1,1,1,3,1
2,266,247,3,2,6,1,2,1,2,2,1,4,0,0
2,265,0,3,1,7,2,1,2,1,2,1,3,2,0
5,306,0,2,1,7,2,1,1,1,1,1,1,3,1
2,307,0,1,1,7,2,2,1,2,2,1,1,4,1
3,266,264,2,1,2,1,2,2,2,2,1,2,3,1
4,307,0,2,2,0,2,1,1,1,2,1,1,3,1
46,141,141,2,4,0,2,1,1,1,2,1,2,4,1
2,307,0,2,1,7,2,3,2,3,3,1,1,4,1
72,285,0,2,6,0,2,1,3,1,1,1,1,1,0
2,307,0,2,1,2,2,2,2,2,2,1,1,2,0
72,307,0,1,5,0,2,1,2,1,1,1,1,4,1
2,266,0,1,1,6,2,2,1,1,2,1,1,1,0
1,307,0,2,1,7,1,2,1,1,2,1,1,3,1
6,247,254,2,2,6,1,2,1,1,2,1,2,2,0
2,307,0,1,1,2,2,1,1,1,2,1,1,3,1
108,232,0,1,5,0,2,3,2,3,2,1,1,3,1
3,266,266,2,5,7,2,1,1,1,2,1,1,2,0
1,307,213,3,1,2,2,2,1,2,2,1,6,2,0
2,283,0,1,1,0,2,2,1,2,2,1,1,4,1
7,266,0,2,2,6,2,2,1,1,2,1,1,4,1
12,307,0,2,1,2,1,1,2,1,3,1,1,3,1
4,103,307,2,1,2,2,3,1,3,2,1,1,3,1
3,78,70,1,1,3,3,3,2,3,2,1,1,1,0
6,266,0,2,1,6,1,3,1,1,1,1,1,0,0
2,266,0,3,3,7,1,2,1,2,2,1,3,1,0
1,307,0,2,4,0,2,2,1,2,2,1,2,1,0
2,307,0,2,1,4,2,1,1,1,2,1,1,2,0
2,307,307,2,2,7,2,2,2,1,2,1,1,3,1
3,307,0,2,1,2,2,1,1,1,2,1,1,2,0
21,266,0,2,1,6,2,3,2,1,1,1,1,4,1
1,307,0,2,2,7,2,2,1,2,2,1,3,3,1
3,265,0,1,1,7,1,2,2,2,2,1,1,4,1
2,60,152,3,2,0,1,1,1,1,2,1,2,1,0
1,307,0,1,2,0,2,2,1,2,2,1,1,1,0
2,265,0,1,7,0,2,2,2,2,2,1,1,2,0
3,266,0,1,3,0,2,2,2,1,2,1,1,0,0
1,307,0,1,2,5,2,2,2,2,2,1,1,2,0
2,292,266,2,5,0,2,1,1,1,2,1,1,2,0
4,292,299,2,6,7,2,1,1,1,2,1,2,2,0
3,299,0,2,1,6,2,1,1,1,2,1,1,1,0
36,307,0,2,2,3,2,3,1,3,3,1,1,4,1
4,265,0,2,1,6,2,2,2,2,2,1,1,4,1
2,266,0,1,1,6,1,2,1,2,2,1,1,0,0
19,265,292,2,2,7,2,3,2,3,2,1,1,1,0
13,266,0,2,2,3,2,2,1,1,2,1,1,4,1
7,266,265,2,2,3,1,2,1,1,2,1,1,1,0
5,307,0,2,1,2,2,1,1,1,2,1,1,2,0
2,307,0,1,2,0,2,2,1,2,2,1,1,1,0
3,307,0,2,1,2,2,1,1,1,2,1,1,2,0
48,152,307,2,1,2,1,1,1,1,3,1,1,3,1
1,307,0,1,1,2,2,1,1,1,2,1,1,4,1
12,254,266,3,4,5,1,2,1,2,2,1,4,4,1
5,266,0,2,1,0,1,2,1,1,2,1,1,1,0
2,265,0,1,2,6,2,2,2,2,2,1,1,1,0
4,266,0,2,1,7,1,2,1,1,2,1,1,4,1
4,307,78,2,2,0,2,1,1,1,1,1,1,4,1
24,266,0,1,3,7,1,1,1,1,1,1,1,3,1
15,179,0,1,7,0,1,1,1,1,2,1,1,2,0
0,266,0,2,7,0,2,2,1,2,2,1,1,2,0
12,265,0,2,1,4,2,3,2,3,3,1,1,4,1
3,266,265,1,1,7,1,1,1,1,2,1,1,1,0
2,307,0,1,1,2,2,2,2,2,2,1,1,1,0
6,299,0,2,6,7,2,1,1,1,1,1,1,4,1
11,266,266,1,1,0,3,1,1,1,1,1,1,4,1
6,307,0,2,2,0,2,2,1,2,2,1,1,3,1
72,49,0,1,1,2,3,1,1,1,1,1,1,4,1
1,307,0,3,2,5,2,2,1,1,2,1,2,2,0
3,285,264,2,1,2,3,3,2,3,3,1,1,4,1
10,266,0,1,1,0,3,2,1,2,2,1,1,4,1
12,218,0,1,5,0,1,1,3,1,1,1,1,2,0
3,307,0,1,2,0,2,1,1,1,2,1,1,4,1
12,265,0,1,6,0,2,1,2,1,1,1,1,1,0
3,243,0,2,1,3,1,1,2,1,1,1,1,3,1
48,189,0,1,1,2,3,1,1,1,3,1,1,2,0
6,266,0,1,1,7,2,3,1,3,3,1,1,4,1
2,285,266,2,1,3,1,2,2,2,2,1,1,1,0
0,307,307,2,1,5,2,2,1,2,2,1,1,0,0
15,307,0,2,1,2,2,2,1,1,1,1,1,4,1
2,307,0,1,1,2,2,2,2,2,1,1,1,1,0
3,307,0,3,2,5,2,1,1,1,2,1,4,4,1
12,266,0,1,2,7,2,1,2,1,1,1,1,4,1
72,307,0,2,2,7,2,1,1,1,1,1,1,4,1
2,307,0,2,1,2,2,3,2,3,2,1,1,2,0
21,299,0,1,4,7,2,1,1,1,1,1,1,4,1
2,265,0,1,1,7,2,1,2,1,2,1,1,2,0
21,266,266,2,1,2,2,1,1,1,2,1,1,3,1
24,20,0,1,2,7,1,3,1,3,3,1,1,0,0
21,307,0,1,2,7,2,1,1,1,1,1,1,3,1
11,266,0,2,6,7,2,1,1,1,1,1,1,2,0
42,266,0,2,1,4,1,1,1,1,1,1,1,2,0
2,307,218,3,1,2,2,2,3,2,2,1,2,1,0
2,307,0,2,5,0,2,3,1,3,2,1,1,3,1
13,152,307,2,3,0,1,1,1,1,1,1,1,1,0
3,307,103,3,1,2,3,2,2,1,2,1,2,3,1
6,265,0,2,1,4,1,1,1,1,2,1,3,3,1
12,263,264,3,2,7,2,2,3,2,2,1,5,4,1
4,254,265,2,2,4,2,1,2,1,2,1,1,3,1
3,247,243,1,1,2,2,2,1,2,2,1,1,0,0
1,264,266,1,1,2,2,2,3,2,2,1,3,2,0
1,307,307,2,2,3,1,3,1,3,3,1,1,3,1
10,205,0,2,1,7,1,3,2,3,3,1,1,1,0
3,265,0,3,1,2,1,2,2,2,2,1,2,4,1
1,266,0,3,2,4,2,2,1,2,2,1,3,1,0
3,307,307,2,1,2,2,1,2,1,2,1,1,3,1
2,307,0,2,1,2,2,2,1,2,2,1,4,4,1
1,307,0,2,1,0,2,2,1,2,2,1,6,3,1
24,307,0,1,1,7,2,1,2,1,2,1,1,4,1
12,264,0,1,4,7,3,1,2,1,2,1,1,4,1
5,307,0,1,2,5,2,1,1,1,1,1,2,3,1
8,266,0,1,1,7,1,2,1,2,3,1,1,3,1
24,119,307,2,1,6,2,3,2,3,1,1,1,2,0
36,109,109,2,3,0,3,2,3,1,2,1,1,3,1
18,266,0,2,1,0,2,1,2,1,1,1,1,2,0
2,307,307,2,1,4,2,2,1,1,2,1,2,3,1
2,307,0,2,2,7,2,1,1,1,2,1,1,4,1
3,307,0,2,1,5,3,2,1,1,2,1,1,2,0
2,266,0,1,1,6,1,3,1,3,3,1,1,1,0
2,307,0,2,5,0,2,2,1,1,2,1,1,4,1
1,307,0,3,1,5,1,2,1,2,2,1,6,3,1
3,265,0,1,7,0,1,2,2,1,2,1,1,1,0
3,266,0,2,7,0,1,2,1,2,2,1,1,3,1
5,26,307,2,1,2,2,1,2,3,1,1,1,2,0
2,307,0,2,1,2,2,1,2,1,2,1,1,2,0
2,266,0,2,3,4,1,2,1,2,2,1,1,4,1
3,265,299,2,1,2,1,1,2,1,2,1,1,1,0
16,272,0,1,2,6,2,1,2,1,1,1,3,4,1
12,266,250,2,1,0,2,2,1,1,1,1,1,3,1
19,307,0,1,3,7,3,1,1,1,2,1,1,3,1
1,266,0,2,1,7,1,2,1,2,2,1,1,1,0
36,206,0,1,2,5,3,3,2,3,1,1,1,2,0
2,299,0,1,1,2,1,2,2,2,2,1,1,2,0
18,285,282,2,5,7,2,1,3,1,2,1,1,1,0
17,265,0,2,6,0,2,3,2,3,1,1,1,2,0
3,141,307,1,4,0,3,2,1,1,1,1,1,3,1
2,307,307,2,2,0,2,1,2,1,2,1,1,3,1
24,109,0,2,3,0,2,1,3,1,1,1,1,4,1
2,307,0,2,1,2,2,2,2,2,2,1,1,2,0
2,307,0,3,2,6,2,2,2,2,2,1,3,3,1
3,307,0,1,2,5,2,2,2,2,2,1,1,3,1
24,179,307,2,5,0,1,3,2,1,1,1,1,3,1
3,292,0,3,2,5,2,2,1,1,3,1,2,1,0
1,307,0,1,1,6,2,2,1,2,2,1,1,1,0
5,265,0,1,4,7,1,1,3,1,2,1,1,3,1
4,207,169,2,2,0,1,3,3,1,1,1,1,3,1
4,307,0,2,2,3,1,1,1,1,3,1,1,4,1
2,266,0,3,1,3,1,2,1,1,2,1,2,3,1
24,266,0,2,2,4,2,1,1,1,1,1,8,4,1
1,141,307,2,1,6,3,2,1,2,2,1,1,1,0
1,307,0,1,2,0,2,2,1,1,2,1,1,3,1
1,307,0,2,2,7,2,2,1,3,2,1,1,2,0
5,307,0,1,2,0,2,1,1,1,1,1,1,2,0
0,266,299,1,1,6,2,2,1,2,2,1,1,1,0
4,285,266,3,1,2,2,2,2,2,2,1,6,2,0
4,299,266,1,2,6,2,1,1,1,2,1,1,3,1
1,266,0,3,1,6,1,2,1,2,2,1,5,4,1
7,265,0,2,5,7,3,2,2,2,2,1,1,2,0
2,307,307,2,2,3,2,3,1,1,1,1,1,4,1
67,189,0,1,1,0,3,1,3,1,2,1,1,1,0
3,307,0,2,4,5,2,1,1,1,2,1,1,4,1
4,285,265,1,7,0,2,2,2,1,2,1,1,2,0
2,307,307,2,2,3,2,3,2,1,1,1,1,4,1
2,266,266,2,1,7,2,2,2,2,2,1,1,2,0
12,266,0,1,1,2,2,2,1,2,2,1,1,4,1
3,307,307,2,1,2,2,2,2,1,2,1,1,4,1
2,265,0,2,1,4,2,2,2,1,2,1,1,1,0
5,264,0,1,4,7,3,2,3,2,2,1,1,2,0
24,265,0,2,7,0,2,2,2,3,3,1,1,4,1
1,266,0,2,1,6,1,1,1,1,3,1,1,1,0
9,247,266,1,6,0,2,2,2,1,2,1,1,2,0
2,265,0,3,1,2,2,2,2,2,2,1,4,3,1
24,152,307,1,1,2,2,1,1,1,1,1,1,3,1
5,266,0,2,1,4,1,1,1,1,1,1,1,4,1
20,307,0,1,2,0,2,1,1,1,1,1,1,3,1
2,307,0,1,1,2,2,2,1,2,2,1,1,2,0
1,266,0,2,1,2,1,2,1,1,2,1,1,1,0
36,307,0,1,2,7,2,1,1,1,1,1,1,4,1
2,265,0,2,2,0,3,2,2,1,3,1,1,0,0
2,307,307,2,2,0,2,1,2,1,3,1,2,1,0
1,266,0,1,1,0,2,2,2,1,2,1,1,1,0
4,266,299,3,1,7,2,1,1,1,3,1,2,1,0
24,179,0,2,7,0,1,1,1,1,2,1,1,0,0
10,264,264,2,3,0,2,3,2,3,3,1,1,4,1
24,307,0,2,1,4,2,1,1,1,1,1,1,3,1
3,266,0,1,3,0,2,1,1,1,2,1,1,3,1
3,266,0,2,6,7,2,2,1,1,2,1,1,2,0
2,264,0,2,1,2,1,2,3,2,2,1,1,0,0
24,265,288,1,1,5,3,3,2,3,3,1,1,0,0
2,266,0,2,3,0,2,2,1,1,2,1,2,2,0
2,307,0,3,1,2,2,2,2,2,3,1,5,1,0
11,265,0,2,2,6,2,1,2,1,1,1,1,3,1
3,187,307,2,3,0,2,1,1,1,2,1,3,2,0
2,307,0,2,1,2,2,1,2,1,2,1,1,1,0
1,307,0,2,1,0,2,2,2,2,2,1,2,1,0
2,266,0,2,1,2,1,2,1,1,2,1,1,2,0
12,307,0,1,2,3,2,2,1,2,2,1,1,4,1
5,283,0,1,7,0,2,1,1,1,2,1,1,2,0
2,285,265,2,1,4,2,2,2,2,2,1,1,1,0
3,266,0,1,5,7,2,2,1,2,2,1,1,2,0
2,266,265,1,1,6,2,2,1,3,2,1,1,3,1
2,218,307,2,1,2,1,2,1,1,2,1,1,3,1
2,266,0,2,1,0,2,2,1,1,2,1,1,3,1
12,307,307,2,1,5,3,1,1,1,1,1,1,4,1
3,264,0,1,1,7,3,2,3,1,2,1,1,1,0
2,307,0,3,1,2,2,2,1,2,2,1,8,3,1
72,307,0,2,1,2,2,1,1,1,2,1,1,2,0
1,307,0,3,1,2,2,1,1,3,3,1,5,3,1
4,307,307,2,1,0,2,1,2,1,2,1,1,4,1
1,266,0,3,1,7,2,2,1,2,2,1,3,3,1
6,307,0,2,2,0,1,1,1,1,2,1,1,4,1
7,292,0,2,2,7,2,1,1,1,1,1,1,4,1
3,266,0,2,2,3,1,1,1,1,2,1,3,4,1
2,307,0,2,2,0,2,1,1,1,3,1,1,2,0
2,307,0,1,1,2,1,2,1,2,1,1,1,2,0
3,141,307,2,1,0,2,1,1,1,2,1,2,2,0
2,266,0,3,3,7,2,2,1,1,2,1,2,2,0
2,265,265,3,1,2,2,2,2,2,2,1,2,1,0
7,266,0,3,1,2,2,3,1,1,1,1,2,1,0
2,307,307,1,2,0,2,2,2,1,2,1,1,3,1
24,205,205,1,1,2,2,1,3,1,2,1,1,1,0
12,307,0,1,3,4,2,1,1,1,1,1,1,4,1
1,307,0,1,2,7,2,3,2,3,2,1,1,4,1
48,179,179,1,5,0,1,1,3,1,1,1,1,3,1
2,265,0,3,1,3,2,2,2,2,2,1,3,3,1
4,307,0,2,2,7,2,1,1,1,2,1,1,0,0
3,307,0,1,1,7,2,2,1,1,2,1,1,1,0
8,266,266,3,1,6,1,1,1,1,1,1,4,4,1
19,69,0,1,3,0,2,1,2,1,2,1,1,1,0
4,307,0,2,4,7,2,2,1,1,2,1,1,4,1
1,266,0,2,6,0,1,2,1,2,2,1,1,1,0
72,266,0,2,4,0,2,1,1,1,1,1,1,2,0
1,266,0,1,2,6,2,2,1,2,2,1,1,3,1
6,292,266,3,1,2,2,1,1,1,3,1,3,4,1
96,179,169,1,3,0,2,2,2,1,2,1,1,4,1
12,266,0,2,1,7,2,2,1,1,2,1,1,3,1
12,307,307,1,2,4,2,3,2,3,3,1,1,4,1
2,299,266,3,3,5,2,2,1,2,2,1,2,1,0
8,299,0,1,3,0,2,1,1,1,1,1,1,2,0
3,307,218,1,1,0,2,1,1,1,2,1,1,3,1
60,20,0,1,1,2,2,2,2,1,2,1,1,1,0
2,218,20,2,1,2,1,1,2,1,2,1,1,2,0
1,266,0,2,1,7,1,2,1,2,2,1,1,4,1
4,265,0,2,3,7,2,1,2,1,2,1,2,4,1
2,307,0,3,1,2,2,3,1,3,3,1,5,2,0
1,307,0,3,2,0,2,2,1,1,2,1,2,3,1
1,218,201,3,1,2,2,2,2,2,2,1,4,2,0
1,128,307,1,2,7,2,2,2,2,2,1,1,3,1
2,307,307,2,2,7,2,2,2,1,2,1,1,3,1
1,307,0,2,2,7,2,2,1,2,2,1,1,1,0
48,307,0,1,2,7,2,1,1,1,1,1,1,4,1
6,266,0,2,1,0,2,2,1,2,2,1,1,4,1
21,299,0,2,4,7,2,1,1,1,1,1,1,4,1
3,266,0,2,1,7,1,1,1,1,1,1,1,4,1
48,307,0,2,1,2,2,3,2,3,3,1,1,3,1
3,299,0,2,1,7,1,2,1,2,2,1,1,2,0
2,307,0,1,1,2,2,1,2,1,2,1,1,2,0
5,266,0,1,6,0,2,1,1,1,2,1,1,2,0
1,266,305,2,1,5,2,2,1,1,2,1,1,1,0
18,155,155,2,2,7,2,2,2,1,2,1,1,2,0
1,307,0,2,2,0,2,2,1,1,2,1,1,3,1
4,307,307,2,2,0,2,1,1,1,2,1,1,4,1
3,266,0,2,1,7,2,2,2,2,2,1,1,2,0
11,265,0,2,1,6,2,1,2,1,1,1,1,4,1
2,295,0,1,3,0,2,2,1,1,2,1,1,2,0
48,60,0,2,3,6,1,1,1,1,1,1,1,1,0
6,307,173,2,1,0,1,2,2,1,1,1,1,4,1
2,307,0,2,7,0,2,2,2,2,2,1,1,1,0
4,266,0,2,2,7,2,2,1,1,2,1,2,2,0
2,307,0,3,1,2,2,3,1,3,3,1,8,4,1
1,307,0,2,1,6,2,2,1,2,2,1,1,3,1
12,266,0,2,1,4,2,2,1,2,2,1,1,4,1
12,306,0,1,1,7,2,1,2,1,2,1,1,4,1
2,307,0,2,2,7,2,1,2,1,3,1,2,4,1
8,108,307,2,4,5,2,1,3,1,2,1,1,2,0
2,254,0,2,1,2,2,2,2,2,2,1,1,3,1
28,266,0,1,3,0,2,2,1,2,2,1,1,0,0
6,266,0,1,1,2,2,1,1,1,1,1,1,3,1
11,266,0,2,2,4,2,1,1,1,1,1,1,4,1
3,264,299,2,2,0,2,2,2,1,2,1,1,1,0
48,103,0,2,1,3,3,2,2,2,2,1,1,1,0
7,141,307,2,7,0,2,1,1,1,1,1,1,4,1
3,307,0,1,7,0,2,2,2,1,2,1,1,2,0
3,254,265,2,1,4,2,1,2,1,2,1,1,2,0
6,292,0,2,2,0,2,2,1,1,2,1,1,2,0
6,265,0,1,1,4,2,2,2,2,2,1,3,4,1
17,285,264,2,1,3,2,1,3,1,2,1,1,1,0
3,243,0,2,7,0,2,2,1,1,3,1,3,4,1
5,266,0,2,1,0,2,1,2,1,1,1,1,2,0
1,266,0,3,2,5,1,2,1,2,2,1,3,1,0
72,141,0,2,1,0,3,3,2,3,1,1,1,2,0
3,266,266,2,6,7,2,2,1,1,2,1,1,3,1
33,69,83,2,5,0,2,1,2,1,1,1,1,2,0
2,200,307,1,1,2,2,1,1,1,2,1,1,3,1
14,307,0,2,5,7,2,1,1,1,2,1,1,4,1
3,266,0,2,1,2,1,1,1,1,1,1,1,1,0
44,292,0,2,2,5,2,1,1,1,1,1,1,0,0
1,307,0,3,1,7,3,2,2,2,2,1,3,2,0
1,307,307,2,1,2,1,2,1,2,3,1,1,4,1
12,266,0,2,4,0,2,1,1,1,1,1,1,0,0
1,307,0,3,1,4,1,1,1,1,2,1,3,2,0
7,266,266,2,1,6,2,1,1,1,2,1,1,3,1
7,285,266,3,2,7,2,1,2,1,2,1,2,2,0
1,307,0,2,5,0,2,2,2,2,2,1,1,1,0
12,179,0,1,6,0,1,1,1,3,3,1,1,4,1
2,307,0,2,1,2,2,3,1,3,2,1,1,2,0
36,307,0,2,3,7,2,1,1,1,1,1,1,4,1
6,266,0,2,1,4,2,2,1,2,2,1,1,4,1
6,307,0,2,1,0,2,1,1,2,2,1,2,1,0
7,213,307,1,2,3,2,3,2,3,2,1,1,4,1
2,307,0,2,4,5,2,2,1,1,2,1,1,4,1
5,266,0,2,2,7,1,2,1,2,2,1,1,4,1
2,307,0,1,2,0,2,1,2,1,2,1,1,2,0
24,128,0,1,2,7,1,3,1,3,1,1,1,2,0
2,307,0,2,1,2,2,3,1,1,2,1,1,3,1
2,307,0,1,2,0,2,2,2,2,2,1,1,3,1
4,307,307,1,5,0,2,1,1,1,1,1,1,4,1
12,305,0,1,1,0,2,2,2,2,2,1,1,4,1
14,307,0,1,3,0,2,2,2,3,3,1,1,4,1
12,307,0,2,4,5,2,1,2,1,1,1,1,3,1
1,252,0,3,7,0,1,2,1,2,1,1,2,2,0
8,72,307,2,1,0,1,1,1,1,2,1,1,4,1
4,307,0,2,1,2,2,2,2,2,2,1,1,1,0
36,109,0,2,4,5,2,1,2,1,1,1,1,3,1
1,307,0,1,1,7,2,2,2,2,2,1,1,1,0
4,266,0,1,1,4,2,2,2,2,2,1,1,2,0
2,307,0,2,1,0,2,1,1,1,2,1,1,2,0
4,266,0,2,7,0,1,2,1,1,2,1,1,2,0
14,264,266,2,1,4,3,1,3,1,1,1,1,4,1
9,152,307,1,1,7,1,3,1,1,2,1,1,2,0
3,292,266,1,5,7,1,1,1,1,2,1,1,4,1
3,292,264,3,6,7,1,2,2,2,2,1,3,4,1
6,266,0,2,2,7,2,1,1,1,2,1,1,2,0
2,307,0,1,1,2,2,2,1,2,2,1,1,1,0
4,299,266,1,2,5,2,2,1,2,2,1,1,3,1
2,299,0,2,6,0,1,2,1,2,2,1,1,3,1
8,109,141,1,5,0,2,1,2,1,2,1,1,4,1
24,264,0,1,1,7,2,1,3,1,2,1,1,1,0
2,307,307,2,1,2,2,2,2,1,2,1,1,4,1
2,307,0,1,5,7,2,2,1,2,2,1,1,3,1
1,307,0,1,1,0,2,2,1,1,2,1,1,2,0
14,299,0,1,3,0,3,2,1,1,1,1,1,2,0
2,307,0,1,1,2,2,2,2,2,2,1,5,2,0
10,265,0,1,1,6,3,2,2,2,2,1,3,4,1
15,266,254,2,1,2,1,1,1,1,1,1,1,4,1
1,307,0,3,1,2,2,2,1,1,2,1,4,1,0
36,299,0,1,1,2,3,1,2,1,1,1,1,3,1
2,307,0,2,2,0,2,2,1,2,2,1,1,1,0
2,292,292,3,1,7,2,2,2,2,2,1,2,1,0
6,307,0,2,1,2,2,2,1,2,2,1,1,4,1
2,266,0,1,2,0,2,2,1,1,2,1,1,1,0
4,299,0,2,1,2,1,2,2,2,2,1,1,4,1
12,265,265,1,1,2,2,1,2,2,2,1,2,0,0
1,266,0,3,1,5,2,2,2,2,2,1,4,2,0
5,265,265,2,1,6,2,2,2,2,2,1,3,2,0
2,307,0,2,1,2,1,2,1,1,2,1,1,4,1
2,307,0,2,2,7,2,3,1,3,2,1,1,2,0
2,266,0,2,1,4,1,2,1,2,2,1,2,3,1
3,266,0,3,5,0,1,2,1,2,2,1,3,4,1
2,266,0,2,2,3,2,2,1,2,2,1,1,2,0
2,307,0,1,5,0,2,3,2,3,2,1,1,3,1
1,266,0,1,1,3,1,2,1,2,2,1,2,2,0
3,299,0,2,1,6,1,2,2,2,2,1,1,4,1
36,189,307,1,1,2,3,1,1,1,1,1,1,4,1
2,307,0,1,2,0,2,2,1,2,2,1,1,2,0
12,307,0,1,1,0,2,1,1,1,2,1,1,4,1
1,265,0,1,4,5,2,2,2,2,2,1,1,1,0
1,265,0,1,1,7,2,2,2,2,2,1,2,4,1
2,307,0,2,2,0,2,1,1,1,2,1,1,1,0
2,307,307,1,1,2,2,2,2,2,2,1,1,2,0
2,307,307,1,1,0,2,2,2,1,2,1,3,2,0
37,307,0,2,1,7,2,1,1,1,1,1,1,3,1
2,307,0,1,1,0,3,2,1,2,2,1,1,1,0
12,307,0,2,2,0,2,1,1,1,1,1,1,3,1
17,307,0,3,1,2,2,2,1,2,2,1,4,4,1
4,307,0,2,5,7,2,1,2,1,1,1,1,4,1
1,307,307,3,1,7,2,2,2,2,2,1,5,2,0
4,266,0,1,1,6,2,1,1,1,1,1,1,2,0
12,307,0,2,1,7,2,2,1,2,2,1,1,4,1
2,307,218,3,1,2,2,2,1,2,2,1,3,2,0
7,307,0,1,2,3,2,2,1,2,2,1,1,4,1
2,266,266,3,1,7,1,3,1,3,3,1,3,1,0
1,265,0,1,7,0,2,2,2,1,2,1,1,1,0
8,243,251,1,5,6,3,3,2,1,2,1,1,3,1
4,307,0,2,2,0,1,2,1,2,2,1,1,4,1
1,307,0,2,1,2,2,3,2,3,2,1,1,3,1
24,307,0,2,1,7,2,2,1,1,3,1,1,4,1
12,265,0,1,6,7,1,3,2,3,3,1,1,2,0
2,307,0,1,1,2,2,3,1,3,2,1,1,2,0
1,307,0,3,1,2,2,2,1,2,2,1,7,3,1
4,307,75,1,1,0,2,1,1,1,2,1,1,1,0
3,307,213,2,2,5,2,1,2,1,2,1,2,3,1
2,307,0,1,1,2,2,2,2,2,1,1,1,3,1
5,307,0,2,1,2,2,1,2,1,1,1,1,4,1
48,103,0,2,2,0,4,1,2,1,2,1,1,2,0
4,265,0,1,1,6,2,3,2,1,3,1,1,4,1
24,307,0,1,1,7,2,1,1,1,1,1,1,4,1
24,307,0,2,1,0,2,1,1,1,1,1,1,4,1
14,307,0,2,2,3,1,1,1,1,1,1,1,3,1
9,119,213,2,1,3,2,1,2,1,1,1,1,3,1
2,266,0,2,7,0,2,1,1,1,2,1,1,2,0
1,307,0,1,1,2,2,3,2,3,2,1,1,3,1
36,266,0,1,1,7,2,2,1,2,1,1,1,4,1
60,266,0,1,4,0,3,1,1,1,1,1,1,4,1
1,307,0,1,2,5,2,2,1,2,2,1,2,3,1
3,169,0,1,5,0,1,1,2,1,2,1,1,2,0
4,264,0,2,1,2,2,1,3,1,2,1,1,0,0
3,266,266,2,1,2,2,2,2,1,2,1,3,4,1
1,307,0,1,1,7,2,2,1,2,2,1,1,2,0
4,266,0,1,3,7,2,2,1,1,2,1,1,3,1
18,265,292,1,7,0,2,1,2,1,1,1,1,1,0
1,307,0,2,1,2,2,2,1,2,2,1,2,4,1
2,307,0,1,1,2,2,2,1,1,2,1,1,1,0
2,307,307,2,2,4,2,1,1,2,2,1,1,1,0
8,243,0,2,2,7,2,2,2,2,3,1,1,0,0
15,244,0,2,1,2,1,2,2,2,2,1,1,2,0
4,266,0,3,2,6,2,1,1,1,2,1,4,2,0
24,266,299,2,1,4,2,2,1,1,1,1,1,4,1
19,307,78,3,1,2,2,3,1,3,3,1,3,4,1
12,213,307,2,7,0,1,3,3,3,3,1,1,1,0
10,152,0,1,1,2,1,3,1,1,1,1,1,3,1
24,272,0,1,2,7,2,3,1,3,2,1,1,3,1
5,266,0,2,2,6,1,1,1,1,2,1,1,1,0
3,254,254,2,2,7,1,2,1,2,3,1,2,3,1
2,307,0,2,2,0,2,2,1,1,2,1,1,1,0
6,307,0,2,1,2,1,1,1,1,2,1,1,4,1
2,266,0,3,1,2,1,1,1,1,2,1,2,2,0
36,205,0,2,2,7,2,1,3,1,2,1,1,3,1
3,266,0,2,1,2,1,1,1,1,2,1,1,2,0
12,266,0,1,4,0,2,1,1,1,1,1,2,4,1
48,141,0,2,5,0,3,1,2,1,1,1,1,2,0
6,307,0,2,2,0,2,1,1,1,2,1,1,3,1
2,307,0,3,1,2,2,2,1,2,2,1,7,3,1
1,307,0,3,1,7,2,2,1,1,2,1,5,2,0
1,265,266,1,1,2,2,3,2,3,2,1,3,0,0
15,109,0,2,5,0,2,1,2,1,2,1,1,1,0
2,265,0,2,1,3,2,2,2,2,2,1,1,2,0
4,266,0,1,4,7,2,1,1,1,1,1,1,4,1
2,307,0,1,2,0,2,2,1,2,2,1,1,4,1
12,307,0,2,5,0,2,1,1,1,2,1,1,4,1
84,266,0,1,1,6,3,1,1,1,1,1,1,4,1
24,72,307,1,1,2,2,3,1,3,3,1,1,1,0
12,264,0,2,7,0,2,1,2,1,1,1,1,2,0
60,26,0,1,2,0,3,3,1,3,2,1,1,2,0
3,307,307,1,1,2,2,2,1,1,2,1,1,4,1
5,282,0,2,6,7,2,3,2,3,3,1,1,1,0
76,128,0,2,2,7,1,1,1,1,1,1,1,4,1
6,307,0,2,1,0,3,1,2,1,1,1,1,4,1
6,266,0,2,2,6,2,3,1,3,2,1,1,1,0
18,299,0,1,1,2,3,1,2,3,1,1,1,4,1
5,307,0,1,3,4,1,1,1,1,2,1,1,2,0
2,307,0,2,1,2,1,1,1,1,2,1,1,1,0
3,285,0,2,1,6,1,2,3,2,2,1,1,1,0
2,307,0,2,2,0,2,2,2,2,2,1,1,3,1
0,265,0,1,1,7,2,2,2,2,2,1,1,1,0
24,266,0,2,6,0,1,1,1,1,3,1,1,3,1
4,266,0,2,1,2,1,2,1,2,2,1,1,4,1
3,283,0,3,2,4,1,2,1,1,2,1,6,2,0
5,307,0,2,1,0,2,1,1,1,1,1,1,4,1
1,266,0,2,2,5,1,2,1,2,2,1,1,3,1
3,307,0,2,2,5,2,2,2,2,2,1,5,4,1
6,266,0,1,4,0,3,2,1,2,2,1,1,3,1
17,307,0,2,1,6,3,1,2,1,1,1,1,4,1
2,307,0,2,1,2,2,1,1,1,3,1,1,2,0
2,266,0,2,2,5,2,2,1,1,2,1,1,2,0
2,307,0,2,3,4,2,2,2,2,2,1,1,0,0
54,265,0,1,1,6,2,1,2,1,1,1,1,2,0
36,254,303,2,1,4,2,1,2,1,1,1,1,2,0
6,266,0,2,1,0,3,2,1,1,2,1,1,4,1
36,218,218,2,2,3,2,1,3,1,1,1,1,3,1
2,307,0,2,6,7,2,2,1,2,2,1,1,2,0
1,299,0,3,2,5,1,2,1,2,2,1,4,1,0
2,266,0,1,4,7,2,2,1,1,2,1,1,3,1
3,307,0,2,2,0,2,2,1,2,2,1,1,4,1
24,307,0,2,1,6,2,1,1,1,1,1,1,3,1
3,265,0,2,1,2,1,2,2,1,2,1,1,4,1
7,266,0,1,2,7,3,2,1,2,2,1,2,4,1
2,307,0,3,2,0,2,1,1,1,2,1,4,3,1
3,307,0,3,1,2,2,2,1,2,2,1,5,3,1
39,307,0,1,7,0,1,1,3,1,1,1,1,4,1
72,205,0,1,1,7,1,3,3,3,3,1,1,2,0
2,307,141,3,5,7,3,1,1,1,2,1,3,3,1
3,307,0,2,1,0,2,2,1,2,2,1,1,4,1
3,265,0,2,7,0,2,2,2,2,2,1,1,4,1
3,307,0,2,2,7,2,2,1,2,2,1,1,4,1
18,265,0,2,5,0,2,1,2,1,2,1,1,1,0
3,265,0,2,1,7,1,2,1,2,2,1,1,4,1
9,307,0,2,2,0,2,2,1,2,3,1,2,4,1
0,307,0,3,1,2,2,2,1,2,2,1,5,3,1
2,264,0,3,3,5,2,2,3,2,2,1,9,4,1
1,307,307,3,1,2,2,2,2,2,2,1,9,4,1
24,265,0,2,5,0,2,1,2,1,1,1,1,1,0
2,265,0,2,1,4,1,2,2,2,2,1,1,4,1
48,285,0,2,6,0,2,1,3,1,3,1,1,4,1
84,307,0,1,2,6,3,3,1,3,3,1,1,4,1
9,307,0,2,4,5,2,2,1,1,2,1,1,4,1
2,266,0,3,3,7,1,2,1,2,2,1,2,1,0
84,60,0,1,2,0,1,1,1,1,2,1,1,2,0
4,307,218,2,2,7,2,1,1,1,2,1,1,3,1
8,299,0,1,1,6,1,1,1,1,1,1,1,2,0
1,266,0,3,1,4,1,2,1,1,2,1,5,2,0
2,307,0,1,2,0,2,3,1,3,2,1,1,3,1
108,109,213,2,3,5,2,1,2,2,3,1,1,4,1
13,265,0,3,1,7,2,2,2,2,2,1,4,1,0
48,307,0,1,2,0,2,1,1,1,1,1,1,4,1
24,285,0,2,1,7,1,3,3,2,3,1,1,4,1
6,266,0,2,3,5,2,1,1,1,1,1,1,2,0
2,307,307,2,2,0,2,2,1,2,2,1,1,2,0
2,307,307,1,1,2,2,1,2,1,2,1,1,1,0
2,307,0,2,2,0,2,2,1,2,2,1,1,3,1
2,265,283,2,3,7,2,2,2,1,2,1,1,1,0
3,266,0,2,1,6,2,1,1,1,2,1,1,3,1
36,307,0,1,1,2,2,1,2,1,3,1,1,4,1
17,307,0,1,1,2,2,1,1,1,1,1,1,2,0
1,307,0,1,1,2,2,2,1,2,2,1,1,2,0
4,307,0,2,2,0,2,1,1,1,1,1,1,4,1
1,265,0,3,1,6,1,2,2,2,2,1,2,2,0
3,307,0,2,1,5,2,2,2,1,2,1,1,2,0
2,266,0,1,4,7,2,2,1,2,2,1,1,2,0
3,307,307,1,2,0,2,2,1,2,2,1,1,1,0
2,307,0,2,2,0,1,1,2,1,2,1,1,4,1
36,266,0,2,1,5,2,1,1,1,1,1,1,3,1
7,266,0,1,4,7,2,2,1,1,1,1,1,2,0
3,307,0,1,1,7,2,2,2,1,2,1,1,2,0
36,141,307,2,7,0,2,1,1,1,1,1,1,4,1
3,265,299,1,1,2,2,2,2,1,2,1,1,2,0
12,285,264,1,1,7,3,1,2,1,1,1,1,3,1
36,307,0,1,5,0,2,1,2,1,1,1,5,4,1
2,307,307,2,2,0,2,1,2,1,2,1,1,2,0
1,266,0,1,1,7,2,2,1,2,2,1,1,2,0
1,307,0,2,2,0,3,2,1,2,2,1,2,1,0
2,307,307,1,1,2,2,2,1,1,2,1,2,4,1
2,292,0,1,2,6,2,2,2,1,2,1,1,1,0
1,307,0,3,1,2,2,1,1,1,2,1,5,4,1
36,128,0,1,2,7,1,1,1,1,1,1,1,3,1
2,26,307,1,2,0,2,3,1,3,2,1,1,3,1
2,307,0,2,7,0,2,2,1,2,2,1,7,1,0
1,307,307,1,2,5,2,1,2,1,2,1,1,1,0
2,266,0,3,1,7,3,2,1,1,2,1,2,3,1
4,307,307,2,2,0,1,2,1,2,2,1,1,3,1
15,195,195,2,1,0,1,1,1,1,2,1,1,2,0
4,266,0,2,1,7,1,2,2,2,2,1,1,2,0
1,307,307,2,5,0,2,2,1,1,2,1,5,4,1
3,307,0,2,1,2,2,1,1,3,3,1,1,3,1
48,195,0,1,6,7,1,1,2,1,1,1,1,2,0
3,266,0,2,5,7,2,3,1,3,2,1,1,3,1
1,307,0,3,1,2,1,2,2,2,1,1,2,1,0
2,307,307,3,2,0,2,2,1,2,2,1,2,4,1
1,307,0,3,1,2,3,2,1,2,2,1,8,3,1
5,109,141,2,3,4,2,3,2,1,1,1,1,4,1
20,189,0,1,1,0,3,1,2,1,1,1,1,3,1
3,307,0,2,1,2,2,1,2,1,2,1,1,3,1
2,266,0,1,4,7,3,2,1,2,2,1,1,3,1
2,307,307,2,2,7,2,1,1,1,3,1,2,2,0
4,266,0,3,1,2,1,3,3,3,3,1,3,2,0
4,307,0,1,2,7,2,1,1,1,2,1,1,1,0
3,307,141,1,5,0,2,2,1,1,1,1,1,1,0
4,265,0,2,3,7,2,2,2,1,2,1,2,3,1
6,265,265,2,6,7,2,3,1,3,3,1,1,3,1
2,264,265,1,1,2,2,2,2,1,2,1,1,3,1
2,307,0,1,2,7,2,2,1,2,2,1,1,4,1
2,307,0,3,1,2,2,3,1,3,3,1,8,3,1
2,254,0,1,1,6,2,2,1,1,2,1,1,2,0
24,307,0,2,1,7,2,3,1,3,2,1,1,4,1
5,266,266,2,1,6,2,2,1,1,2,1,1,2,0
2,307,187,1,1,7,2,2,2,2,2,1,1,2,0
1,307,0,2,5,0,2,1,1,1,2,1,1,1,0
24,20,72,2,1,2,2,1,2,1,1,1,1,4,1
2,141,307,1,3,7,2,2,1,1,2,1,1,1,0
2,307,0,2,1,7,2,2,2,2,2,1,2,4,1
3,266,0,2,6,7,2,1,1,1,2,1,1,2,0
4,254,0,2,1,3,2,2,3,1,1,1,1,4,1
4,295,0,2,1,4,2,2,1,2,2,1,1,4,1
2,307,307,2,1,5,2,1,1,1,2,1,1,1,0
36,60,0,1,1,2,1,1,1,1,2,1,1,2,0
15,307,0,2,2,0,2,2,1,1,2,1,1,2,0
36,109,307,2,2,5,2,1,2,1,1,1,1,4,1
4,307,0,1,1,0,2,2,1,2,2,1,1,1,0
12,20,0,1,1,2,2,1,1,1,1,1,1,2,0
1,265,0,2,2,5,2,2,2,2,2,1,1,2,0
5,266,0,2,1,3,1,2,1,1,2,1,1,1,0
24,307,307,2,7,0,2,1,1,1,1,1,1,2,0
2,266,0,1,2,0,1,2,1,2,2,1,1,1,0
4,265,0,3,1,2,2,2,2,2,2,1,4,2,0
4,307,0,2,1,2,3,2,2,2,2,1,2,4,1
1,266,0,2,2,3,1,2,1,1,2,1,4,2,0
2,266,0,1,1,0,1,2,1,1,2,1,1,4,1
1,243,0,2,1,2,2,2,1,2,2,1,1,1,0
7,20,0,2,1,2,2,1,1,1,1,1,1,3,1
1,307,0,2,5,7,1,3,1,3,3,1,1,4,1
3,39,307,2,1,5,2,2,2,1,2,1,1,3,1
4,307,307,2,1,2,2,2,2,2,2,1,1,3,1
24,178,0,2,5,0,1,1,3,1,2,1,1,2,0
12,266,285,3,1,2,2,2,3,2,2,1,4,1,0
12,307,0,1,2,0,2,3,1,3,2,1,1,1,0
1,266,0,3,2,3,2,2,1,2,2,1,4,3,1
1,266,0,2,2,7,1,2,1,1,2,1,1,1,0
6,266,247,2,1,6,2,1,2,1,2,1,1,4,1
3,265,0,2,3,0,2,2,2,1,2,1,1,1,0
1,307,0,1,1,2,3,2,1,2,2,1,1,1,0
1,173,96,3,1,2,2,2,2,2,2,1,9,2,0
2,42,0,2,4,5,1,2,1,1,2,1,1,2,0
12,266,0,1,6,7,2,2,1,1,2,1,1,4,1
2,307,0,2,1,0,2,1,1,1,2,1,1,4,1
7,307,0,2,1,2,2,1,1,1,2,1,1,4,1
60,189,307,1,1,2,3,3,2,3,2,1,1,4,1
1,266,0,2,4,6,1,2,1,1,2,1,1,1,0
60,307,0,1,2,0,2,3,2,3,3,1,1,4,1
3,292,0,2,2,0,1,2,2,1,1,1,1,1,0
11,292,265,2,5,6,2,1,2,1,2,1,1,2,0
2,265,0,2,1,6,2,1,2,1,2,1,1,3,1
6,307,0,1,1,7,2,1,2,1,1,1,1,2,0
3,307,0,3,2,7,2,3,1,3,2,1,2,2,0
62,266,0,1,1,0,3,1,1,1,1,1,1,2,0
1,307,0,2,1,2,2,1,1,3,3,1,2,3,1
5,307,0,3,2,7,2,3,2,3,2,1,2,3,1
2,307,0,1,1,0,2,3,2,3,3,1,1,4,1
7,266,0,2,1,2,2,1,1,1,1,1,1,2,0
9,307,0,2,5,0,2,2,1,1,1,1,1,2,0
1,266,0,2,1,3,2,2,1,2,2,1,1,1,0
2,307,0,2,2,0,2,2,2,2,2,1,1,1,0
12,265,0,2,1,6,2,2,2,1,1,1,1,1,0
2,307,0,3,1,7,2,2,1,2,2,1,2,4,1
3,307,0,2,1,2,2,1,2,1,2,1,1,3,1
16,266,0,2,4,6,3,2,2,2,2,1,1,4,1
12,266,0,1,1,7,2,2,1,2,2,1,1,2,0
3,307,141,1,5,0,2,3,2,3,2,1,1,3,1
2,266,254,2,1,4,2,2,1,1,2,1,1,3,1
3,266,0,1,7,0,1,2,1,1,2,1,1,1,0
2,266,0,2,1,7,2,1,1,1,2,1,1,1,0
24,307,307,3,1,2,2,2,1,2,1,1,2,2,0
12,307,78,1,1,2,2,3,1,3,3,1,1,4,1
1,264,299,2,1,7,3,2,3,2,2,1,1,3,1
24,179,0,1,5,0,1,1,2,1,1,1,1,2,0
0,266,0,3,1,3,1,2,1,2,2,1,2,1,0
5,307,189,2,2,0,2,2,1,2,2,1,1,2,0
1,185,307,2,1,2,2,3,1,3,2,1,1,3,1
2,266,303,1,1,3,1,2,1,1,2,1,1,4,1
1,264,265,2,1,3,2,2,2,2,2,1,1,1,0
12,307,0,2,1,7,1,1,1,1,1,1,1,4,1
5,307,0,1,4,5,2,1,1,1,1,1,1,2,0
13,206,109,1,1,2,3,1,2,1,2,1,1,2,0
2,307,0,1,2,0,2,1,2,1,2,1,1,3,1
24,264,0,2,1,4,2,2,3,2,2,1,1,1,0
2,307,0,2,1,2,2,1,2,1,2,1,1,4,1
12,307,141,2,5,7,2,1,1,1,1,1,1,0,0
4,265,0,1,7,0,2,1,2,1,1,1,1,2,0
17,266,0,2,1,2,2,1,1,1,2,1,1,4,1
24,307,72,1,2,7,1,1,2,2,1,1,1,2,0
84,10,0,1,2,0,2,1,1,1,2,1,1,3,1
7,266,0,1,1,6,2,2,1,2,2,1,1,4,1
1,307,0,2,5,0,2,2,1,1,1,1,1,3,1
18,179,0,1,2,5,1,1,2,1,1,1,1,0,0
0,299,266,3,6,7,2,2,1,2,2,1,5,3,1
12,103,307,1,2,0,2,3,2,3,2,1,1,2,0
5,299,0,2,2,6,1,2,1,2,2,1,1,2,0
48,266,0,1,1,7,2,2,1,3,3,1,1,4,1
3,307,0,1,2,7,2,2,2,2,2,1,1,2,0
12,69,0,2,2,3,2,1,3,1,2,1,1,1,0
2,299,266,2,2,0,2,2,1,2,2,1,1,3,1
10,307,0,2,1,2,2,1,2,1,1,1,1,2,0
18,266,264,2,3,7,2,3,2,3,3,1,6,4,1
2,265,299,1,2,6,2,1,2,1,3,1,1,4,1
1,307,0,1,1,7,2,2,2,2,2,1,1,1,0
3,119,179,2,5,6,2,3,1,1,2,1,1,1,0
2,266,0,1,1,4,2,2,2,2,3,1,1,4,1
25,265,0,2,2,6,2,1,2,1,3,1,1,4,1
2,307,0,1,2,0,2,1,2,1,2,1,1,2,0
1,266,0,1,1,7,2,2,1,2,2,1,1,2,0
3,307,0,1,2,7,2,3,1,3,3,1,1,4,1
2,266,0,3,4,7,1,2,1,1,2,1,2,3,1
1,307,307,2,1,2,1,2,1,2,2,1,1,4,1
2,109,307,1,2,0,2,2,1,1,2,1,1,2,0
12,83,0,2,2,3,1,1,2,1,1,1,1,1,0
2,252,292,2,5,0,2,2,1,1,2,1,1,1,0
4,307,0,2,2,7,1,2,1,1,2,1,1,3,1
3,307,0,2,1,2,2,1,1,1,2,1,1,2,0
5,307,0,2,2,4,2,3,1,3,3,1,1,4,1
36,69,0,2,2,0,1,1,2,1,1,1,1,2,0
1,307,307,1,2,5,2,2,2,2,3,1,1,3,1
6,307,0,2,4,5,2,1,1,1,1,1,1,3,1
3,307,0,2,5,0,2,1,2,1,2,1,1,2,0
3,266,0,1,4,0,2,2,1,1,2,1,1,3,1
3,307,0,2,1,2,2,2,2,1,2,1,1,3,1
2,307,0,2,1,2,2,1,2,1,2,1,1,3,1
1,264,289,2,5,6,2,2,2,1,2,1,1,1,0
24,307,0,1,3,0,3,2,2,1,1,1,1,3,1
36,178,213,1,3,5,2,1,3,1,1,1,1,3,1
2,307,307,2,2,0,2,1,1,1,2,1,1,2,0
4,266,0,3,1,2,2,1,1,1,2,1,4,2,0
12,265,0,2,2,5,2,2,2,2,2,1,2,1,0
3,307,307,2,2,7,2,2,1,2,2,1,1,3,1
2,307,0,1,2,0,2,3,1,3,2,1,1,2,0
1,307,307,2,2,0,2,1,1,1,2,1,1,2,0
16,205,0,1,1,2,1,1,1,1,2,1,1,1,0
18,69,0,2,2,3,2,3,3,3,2,1,1,2,0
4,266,299,2,1,2,2,1,2,1,1,1,2,4,1
24,205,0,1,2,5,1,1,3,1,2,1,1,1,0
12,307,0,1,1,0,2,1,1,1,2,1,1,4,1
1,307,0,2,1,2,2,2,2,1,2,1,1,2,0
3,307,0,1,3,0,3,1,1,1,2,1,2,2,0
1,307,0,2,1,0,2,1,1,1,2,1,1,2,0
2,307,0,3,1,7,2,2,2,2,2,1,5,2,0
36,78,0,2,1,2,3,1,1,1,1,1,1,1,0
4,285,265,1,1,7,2,1,2,1,2,1,1,1,0
2,251,266,1,3,7,2,2,1,1,2,1,1,1,0
10,266,0,1,2,7,2,2,1,2,2,1,1,4,1
2,78,307,3,1,3,2,1,1,1,2,1,2,3,1
1,307,0,3,1,2,1,2,2,2,3,1,3,2,0
4,307,307,2,2,7,2,2,2,1,2,1,1,4,1
1,307,0,1,1,2,2,2,1,2,2,1,1,2,0
12,266,0,2,2,0,1,2,1,2,2,1,1,2,0
8,266,0,2,5,0,2,2,1,2,2,1,2,3,1
9,299,0,2,2,0,2,1,1,1,1,1,1,1,0
12,299,0,3,2,7,1,2,1,2,2,1,5,2,0
1,266,0,2,1,6,2,2,1,1,2,1,1,1,0
4,307,0,2,2,0,1,1,1,1,3,1,2,2,0
3,266,0,1,4,7,1,1,1,1,1,1,1,3,1
4,18,307,2,2,7,2,3,1,3,2,1,1,2,0
1,307,0,2,1,7,2,2,2,2,2,1,1,1,0
6,266,0,1,6,0,1,1,1,1,1,1,1,2,0
16,307,0,2,2,5,2,1,1,1,1,1,1,4,1
24,307,0,1,1,0,3,1,2,1,1,1,1,4,1
12,78,307,2,1,4,2,1,1,1,1,1,1,3,1
1,265,0,2,1,7,1,2,2,2,2,1,5,2,0
24,264,0,2,3,5,1,2,3,2,2,1,1,4,1
6,285,265,1,6,7,2,1,2,1,2,1,1,2,0
1,265,0,2,2,6,2,2,2,2,2,1,1,1,0
1,307,0,2,2,5,2,1,2,2,2,1,1,4,1
15,266,265,3,1,6,2,1,1,1,2,1,3,2,0
1,243,0,3,1,2,1,2,1,2,2,1,3,3,1
2,299,0,2,1,7,2,2,1,1,2,1,1,2,0
1,307,0,2,1,7,2,2,1,2,2,1,3,1,0
3,141,307,2,2,0,2,1,1,1,2,1,1,3,1
2,266,0,2,4,5,2,1,1,1,1,1,1,2,0
5,266,266,1,1,7,3,3,1,3,3,1,1,1,0
2,307,0,1,1,2,2,2,1,2,2,1,1,3,1
24,307,307,3,2,7,2,3,1,3,3,1,2,3,1
1,307,0,2,2,7,2,2,1,1,3,1,1,3,1
1,266,0,3,1,6,2,2,1,2,2,1,2,2,0
48,283,283,2,1,7,2,1,1,1,1,1,1,4,1
2,266,0,2,1,6,1,1,1,1,2,1,2,3,1
2,307,0,2,2,0,2,2,1,2,2,1,1,3,1
2,213,200,3,2,5,2,2,2,2,2,1,6,4,1
2,266,0,1,4,5,1,2,1,2,2,1,1,1,0
0,307,307,3,1,2,2,2,1,2,1,1,6,4,1
60,60,0,2,1,7,1,1,1,1,2,1,1,1,0
2,265,0,2,1,5,2,2,2,2,2,1,1,1,0
4,307,0,2,1,2,2,1,1,1,1,1,4,3,1
24,292,0,1,2,5,2,1,2,1,1,1,1,4,1
1,265,0,1,7,0,1,2,2,2,2,1,1,1,0
12,60,152,2,1,3,1,3,1,3,3,1,1,3,1
3,204,307,2,2,0,2,1,1,1,2,1,1,3,1
9,141,227,1,1,0,3,3,1,1,2,1,1,2,0
2,307,307,2,2,0,1,1,1,1,2,1,1,2,0
48,253,0,2,2,5,3,1,2,3,2,1,1,1,0
36,109,307,2,3,5,3,1,2,1,2,1,2,1,0
2,266,0,1,6,7,1,2,1,2,2,1,1,2,0
1,307,0,2,1,2,2,3,1,3,2,1,1,3,1
108,78,103,1,1,4,3,3,1,3,2,1,1,4,1
8,266,0,1,4,7,2,2,1,2,2,1,1,4,1
2,307,0,2,2,5,2,1,3,1,2,1,1,1,0
11,266,266,1,4,7,2,1,1,1,2,1,2,4,1
0,307,0,2,2,7,2,2,2,2,2,1,1,1,0
12,265,0,2,1,6,2,1,2,1,1,1,1,3,1
72,266,0,2,1,2,3,1,1,1,1,1,1,4,1
7,266,0,2,7,0,1,1,1,1,1,1,1,3,1
7,307,307,2,2,0,2,1,2,1,1,1,1,0,0
36,50,307,1,3,0,3,1,1,1,1,1,1,3,1
3,307,0,2,1,7,2,1,2,1,2,1,1,1,0
24,307,0,2,2,7,2,2,1,2,2,1,1,3,1
48,173,0,2,6,0,2,1,1,1,1,1,2,2,0
9,266,0,1,1,5,2,1,2,1,1,1,1,3,1
3,266,266,2,1,4,2,2,1,1,2,1,1,4,1
12,307,78,2,1,2,2,2,1,2,1,1,1,3,1
2,307,0,2,2,0,2,1,2,1,2,1,1,2,0
1,307,0,3,1,2,2,2,1,1,2,1,2,1,0
3,307,0,1,5,0,2,2,1,1,2,1,1,2,0
5,285,264,3,1,2,2,2,3,2,2,1,2,2,0
2,307,0,3,1,0,2,3,1,3,3,1,6,4,1
3,266,0,2,1,2,2,1,1,1,2,1,1,2,0
5,295,0,2,6,7,2,2,2,2,2,1,1,1,0
20,103,0,1,2,0,3,1,3,3,1,1,1,4,1
8,243,0,1,3,7,2,2,2,2,1,1,1,4,1
3,152,307,2,1,2,2,2,1,1,2,1,1,3,1
2,265,0,2,6,7,2,1,2,1,2,1,1,2,0
84,205,195,1,1,7,1,3,2,1,3,1,1,2,0
1,266,0,3,1,2,1,2,1,1,2,1,2,3,1
2,266,0,2,3,0,2,2,1,2,2,1,1,3,1
5,204,307,1,2,5,3,3,1,3,3,1,1,2,0
2,307,0,3,1,2,2,3,2,3,3,1,3,2,0
1,307,0,3,2,5,2,1,1,1,1,1,2,2,0
2,307,307,1,1,2,2,2,2,2,2,1,1,1,0
2,307,189,2,1,3,3,1,2,1,2,1,1,1,0
2,307,0,2,2,0,2,2,1,2,2,1,1,1,0
12,307,0,1,1,2,3,1,2,1,1,1,1,4,1
2,307,0,1,1,2,2,2,1,1,2,1,1,2,0
4,285,264,1,2,5,2,1,3,1,3,1,1,3,1
96,307,0,1,1,0,1,1,1,1,1,1,1,4,1
63,109,307,2,1,0,2,1,1,1,1,1,1,1,0
6,265,0,3,2,7,1,1,2,1,1,1,2,2,0
2,307,307,3,1,7,2,1,2,1,2,1,2,2,0
2,307,0,2,5,0,2,2,1,2,2,1,1,1,0
1,307,307,2,2,7,2,2,2,1,2,1,1,2,0
10,266,0,2,1,6,1,1,1,1,2,1,1,4,1
8,307,0,1,4,7,3,2,1,2,2,1,1,4,1
36,189,0,1,1,2,2,1,1,1,3,1,1,2,0
12,266,299,2,6,7,1,1,1,1,1,1,1,2,0
4,152,307,1,1,2,1,1,1,1,1,1,1,4,1
2,109,307,2,1,7,2,1,1,2,2,1,1,3,1
2,307,0,1,5,0,2,1,1,1,2,1,1,3,1
2,266,0,2,1,2,2,2,1,2,2,1,1,4,1
2,307,0,3,1,0,1,2,1,2,2,1,5,4,1
3,266,0,2,1,0,2,2,1,1,2,1,1,2,0
5,307,0,2,1,7,2,1,2,3,3,1,1,1,0
2,103,307,1,1,2,2,3,2,3,2,1,1,2,0
1,307,0,3,1,5,3,2,1,2,2,1,5,2,0
2,266,0,2,1,7,2,2,1,1,2,1,1,2,0
1,266,0,1,6,7,2,2,1,2,2,1,1,3,1
2,307,0,2,1,2,2,2,1,1,2,1,1,1,0
24,72,75,2,1,2,1,3,2,3,3,1,1,1,0
7,292,266,2,2,5,2,1,1,1,3,1,2,4,1
2,307,0,3,2,5,2,1,1,1,2,1,4,1,0
5,141,0,2,1,0,2,1,2,1,2,1,1,1,0
36,307,0,1,1,2,2,3,1,1,2,1,1,4,1
48,119,0,2,6,7,3,3,3,3,2,1,1,1,0
3,218,307,1,2,7,2,2,2,1,2,1,1,2,0
1,307,0,2,5,0,2,3,2,3,3,1,2,4,1
5,109,237,1,3,7,1,1,3,1,1,1,1,2,0
2,265,0,2,3,0,1,3,2,3,3,1,1,2,0
12,179,0,2,3,0,1,3,3,3,3,1,1,1,0
2,266,0,3,1,2,3,2,1,2,2,1,4,4,1
8,307,0,2,2,5,2,1,1,1,1,1,1,4,1
72,109,0,1,3,0,2,1,2,1,2,1,1,2,0
2,307,0,1,1,5,2,1,1,1,2,1,2,2,0
0,307,0,3,2,5,2,2,1,2,2,1,7,3,1
1,307,307,1,1,2,2,2,2,2,2,1,1,3,1
84,266,0,2,7,0,2,1,1,1,1,1,1,4,1
1,266,0,1,3,0,1,3,1,3,3,1,1,3,1
2,292,266,1,2,7,1,2,1,1,2,1,1,1,0
1,307,0,3,1,2,2,1,2,1,2,1,5,3,1
48,182,0,2,1,5,2,1,1,1,1,1,1,1,0
5,266,0,2,2,0,1,3,1,3,3,1,1,4,1
24,119,0,1,6,7,3,1,2,1,1,1,1,1,0
1,307,307,1,1,0,2,2,1,1,2,1,2,2,0
12,307,0,2,5,7,2,2,1,2,1,1,1,3,1
12,303,276,2,1,2,2,2,1,2,2,1,1,2,0
4,301,0,2,1,6,2,2,2,2,2,1,1,1,0
1,307,307,2,2,7,2,2,1,2,2,1,1,2,0
3,264,265,3,1,5,2,2,3,1,2,1,4,2,0
3,307,1,1,1,2,2,2,2,1,2,1,1,2,0
3,239,307,1,1,2,2,3,1,3,2,1,1,3,1
12,307,0,3,1,2,1,3,1,3,3,1,3,4,1
3,307,0,3,2,0,2,2,1,2,2,1,2,4,1
2,265,0,3,2,3,2,2,2,2,2,1,4,4,1
2,307,0,2,1,7,2,1,2,1,2,1,1,3,1
1,307,0,3,1,2,2,2,2,2,2,1,8,4,1
18,173,307,2,1,7,2,3,1,1,1,1,1,4,1
7,109,0,2,3,0,3,3,3,1,2,1,1,2,0
2,307,0,2,2,0,2,3,2,3,3,1,1,4,1
10,299,0,2,3,4,3,3,1,3,1,1,1,2,0
4,265,0,1,1,0,2,2,2,2,2,1,1,4,1
14,264,249,1,5,0,3,3,2,3,2,1,1,4,1
1,50,0,2,2,0,2,2,1,2,2,1,1,1,0
7,265,266,2,2,5,2,2,2,2,2,1,2,1,0
1,265,266,3,1,5,1,2,2,2,2,1,3,4,1
2,266,0,2,1,4,2,2,1,2,2,1,1,4,1
4,266,0,1,1,7,1,1,1,1,2,1,1,4,1
11,299,0,2,3,0,2,1,1,1,1,1,1,4,1
24,265,265,2,3,4,3,2,2,2,3,1,1,4,1
3,307,0,2,1,2,2,1,1,1,2,1,1,2,0
84,251,0,2,6,0,2,1,1,1,1,1,1,0,0
12,307,0,1,5,0,2,2,1,1,2,1,1,4,1
2,265,0,1,3,7,2,2,2,1,2,1,1,2,0
1,265,0,2,1,5,1,2,2,2,2,1,1,3,1
6,307,307,1,2,4,2,1,2,1,1,1,2,4,1
13,179,0,1,3,0,1,1,3,1,2,1,1,0,0
8,307,0,2,2,0,3,3,2,3,1,1,1,2,0
8,289,251,2,6,0,2,3,1,1,2,1,1,1,0
2,307,0,1,5,0,2,3,2,3,3,1,1,4,1
2,179,0,1,5,0,2,1,3,1,2,1,1,1,0
1,307,0,1,1,0,2,2,1,2,2,1,3,2,0
3,307,141,2,2,0,2,1,1,1,2,1,1,2,0
6,265,0,2,6,0,2,2,2,1,2,1,1,2,0
2,266,266,2,6,7,2,1,1,1,1,1,1,1,0
3,265,0,2,2,7,1,1,2,1,2,1,1,1,0
9,307,307,1,1,0,2,1,2,1,2,1,1,4,1
2,265,0,1,3,0,1,2,2,2,2,1,1,2,0
1,307,0,3,1,2,2,2,2,2,2,1,4,3,1
2,266,266,3,1,2,2,2,2,2,2,1,2,2,0
2,307,0,1,5,0,2,2,1,1,2,1,1,3,1
36,266,0,2,5,6,2,2,1,1,1,1,1,2,0
1,141,307,2,2,0,2,3,1,3,2,1,1,3,1
18,266,0,1,7,0,2,2,1,1,1,1,1,4,1
1,307,26,2,1,2,3,1,2,1,2,1,1,2,0
0,266,0,3,6,7,1,2,1,2,2,1,4,4,1
4,307,189,2,1,2,3,1,2,1,1,1,2,3,1
4,266,0,1,4,7,1,1,1,1,3,1,1,1,0
5,307,0,2,1,2,3,1,1,1,2,1,1,4,1
5,307,307,2,2,7,2,1,1,1,1,1,1,4,1
2,265,265,3,1,6,1,2,1,2,3,1,2,2,0
1,299,0,1,1,7,1,2,2,2,2,1,1,0,0
3,307,0,3,1,5,2,3,1,3,3,1,3,3,1
3,266,0,2,7,0,1,2,1,2,2,1,1,4,1
5,265,0,2,6,7,2,2,2,2,2,1,1,3,1
18,307,0,1,1,0,2,1,1,1,2,1,1,2,0
12,265,265,2,1,6,2,1,1,1,1,1,1,4,1
2,265,0,2,7,0,3,2,2,1,2,1,1,1,0
2,307,307,2,5,0,2,2,2,1,2,1,1,1,0
3,307,141,1,2,5,2,1,2,1,1,1,1,3,1
2,307,0,2,5,0,2,2,1,2,2,1,1,1,0
1,266,0,1,1,6,2,2,1,2,2,1,1,1,0
48,276,0,2,1,2,3,1,3,1,1,1,1,3,1
14,218,0,2,7,0,2,2,2,1,2,1,1,2,0
24,266,0,2,1,2,1,1,1,1,1,1,1,2,0
8,307,307,2,1,7,2,1,1,1,2,1,1,2,0
36,307,0,2,7,0,2,1,1,1,1,1,1,2,0
3,307,0,1,2,0,2,1,1,1,3,1,1,2,0
1,307,0,2,2,0,2,2,2,2,2,1,1,1,0
1,307,0,1,1,2,2,2,1,2,2,1,2,4,1
14,266,0,2,2,7,2,1,1,1,1,1,1,4,1
1,70,307,1,1,5,2,2,1,2,2,1,1,1,0
1,307,0,3,1,2,2,2,1,2,2,1,4,1,0
16,266,0,2,1,7,2,1,1,1,1,1,1,4,1
2,266,266,2,1,6,1,2,1,2,2,1,3,1,0
60,109,0,1,3,0,3,1,2,1,1,1,1,0,0
10,265,266,1,4,7,3,2,2,2,2,1,1,1,0
1,299,0,2,1,4,2,2,2,2,2,1,1,1,0
48,152,0,2,1,2,2,1,1,1,1,1,1,4,1
1,266,0,2,1,7,2,2,1,1,2,1,3,3,1
12,218,307,2,2,5,2,3,2,1,2,1,1,3,1
48,205,0,1,2,5,1,1,2,1,2,1,1,3,1
2,307,0,1,2,3,1,2,2,2,2,1,1,1,0
3,307,0,2,2,7,2,1,1,1,2,1,1,1,0
24,266,0,2,4,6,2,1,1,1,1,1,1,2,0
6,18,192,2,2,0,3,1,2,1,1,1,1,3,1
6,307,0,1,2,7,2,1,1,1,2,1,1,3,1
2,264,0,1,1,0,2,2,3,3,3,1,1,0,0
7,266,0,1,5,7,2,3,1,3,2,1,1,1,0
1,265,265,3,1,2,2,2,2,2,2,1,2,1,0
4,266,0,1,1,6,2,3,1,3,3,1,1,2,0
9,243,0,1,4,7,1,2,2,2,2,1,1,4,1
62,307,0,1,1,3,2,1,2,1,1,1,1,4,1
8,307,0,2,7,0,2,1,1,1,1,1,1,3,1
18,285,0,3,2,6,1,1,2,1,2,1,2,1,0
5,266,0,1,2,3,3,2,2,2,2,1,1,2,0
2,307,0,2,1,2,2,1,2,1,2,1,1,2,0
5,307,0,2,2,0,2,1,1,1,3,1,1,2,0
5,307,0,2,2,3,2,1,1,2,1,1,1,4,1
1,75,307,3,1,2,1,3,2,3,3,1,6,4,1
11,307,141,1,2,0,3,2,1,1,2,1,1,4,1
36,307,0,1,5,0,1,3,2,3,2,1,1,1,0
6,292,0,3,2,6,2,1,2,1,1,1,2,2,0
2,307,307,2,2,0,2,1,2,1,2,1,1,1,0
2,307,0,1,1,7,3,1,2,1,2,1,1,3,1
1,265,0,2,1,2,1,2,2,3,3,1,1,1,0
4,265,0,2,1,2,3,2,2,2,2,1,1,1,0
3,265,0,2,1,2,2,2,2,2,2,1,1,2,0
48,20,0,1,1,2,2,2,1,2,2,1,1,1,0
3,307,0,1,2,0,2,2,1,1,2,1,1,1,0
10,307,307,1,2,0,2,1,1,1,2,1,1,3,1
17,70,307,2,1,7,2,3,2,3,3,1,1,1,0
7,307,307,1,1,2,2,1,1,1,3,1,1,4,1
36,141,0,1,4,0,3,1,2,1,2,1,1,1,0
2,31,307,2,1,0,2,3,1,3,2,1,1,2,0
4,292,0,1,5,0,2,1,1,2,2,1,1,1,0
24,205,0,2,1,7,1,1,3,1,1,1,1,2,0
96,109,0,1,3,0,2,1,2,1,2,1,1,2,0
3,265,0,1,1,2,2,2,2,1,3,1,1,4,1
24,207,0,2,2,0,1,3,2,3,2,1,1,1,0
2,307,0,1,1,2,2,1,1,1,2,1,1,2,0
2,299,265,2,1,6,1,3,2,3,3,1,1,2,0
3,266,0,2,4,6,3,1,1,1,1,1,1,4,1
2,266,0,1,1,2,2,1,1,1,2,1,1,2,0
3,307,129,2,5,0,2,1,1,1,2,1,1,2,0
12,264,0,2,7,0,2,1,3,1,2,1,1,4,1
3,265,0,1,1,0,1,2,2,2,2,1,1,4,1
18,307,0,2,2,6,2,3,2,3,3,1,1,1,0
24,266,266,2,5,0,1,1,1,1,3,1,1,2,0
3,266,0,2,1,0,2,2,1,1,2,1,1,2,0
60,307,0,2,2,5,2,3,2,3,3,1,1,4,1
2,265,266,3,2,3,1,2,2,2,2,1,2,1,0
1,307,0,3,1,2,2,2,1,2,2,1,7,1,0
4,141,307,1,3,4,2,1,1,1,2,1,1,2,0
18,141,0,2,2,3,3,1,1,1,1,1,1,1,0
11,266,266,2,1,6,1,1,1,1,1,1,1,3,1
12,299,0,1,3,4,2,3,1,3,2,1,1,1,0
4,266,0,2,1,6,1,2,1,2,2,1,1,1,0
7,128,307,1,7,0,2,3,2,3,3,1,1,2,0
12,266,0,2,6,7,1,1,1,1,1,1,1,2,0
2,307,0,2,2,0,2,2,2,1,2,1,1,3,1
1,265,0,2,1,6,2,2,2,2,2,1,1,1,0
1,307,0,1,2,7,2,2,2,2,2,1,1,2,0
1,243,0,2,2,3,1,2,1,2,2,1,1,4,1
3,264,265,2,6,7,1,1,3,1,1,1,1,3,1
2,266,0,1,2,3,2,2,1,1,1,1,1,1,0
2,283,0,1,1,7,1,3,1,3,3,1,1,4,1
2,307,0,3,1,2,1,2,1,2,2,1,8,2,0
3,266,266,2,3,5,2,2,1,2,2,1,1,2,0
2,141,307,2,1,2,2,3,1,3,2,1,1,3,1
3,266,0,3,2,4,2,2,1,2,2,1,9,1,0
3,307,307,2,1,2,2,2,1,2,2,1,1,2,0
30,39,141,2,1,7,2,1,1,1,1,1,1,4,1
3,307,0,1,1,2,2,1,2,1,3,1,1,4,1
38,307,0,1,5,7,2,1,2,1,2,1,1,2,0
5,266,0,2,1,2,2,3,1,3,2,1,1,2,0
84,285,0,2,1,0,2,1,3,1,1,1,1,3,1
4,266,0,2,3,0,2,1,1,1,1,1,1,2,0
24,307,0,2,2,7,2,1,1,1,1,1,1,4,1
3,307,0,1,1,2,2,1,1,1,2,1,1,4,1
1,266,266,2,4,7,1,1,2,1,2,1,1,3,1
5,218,205,2,1,2,2,1,2,1,2,1,1,1,0
6,307,0,2,1,2,1,3,2,3,3,1,1,2,0
3,266,266,2,1,7,1,2,1,1,2,1,2,2,0
14,264,0,2,1,3,2,3,3,1,2,1,1,2,0
4,266,0,1,4,7,1,2,1,1,1,1,1,2,0
3,265,0,1,1,7,1,2,2,1,2,1,1,3,1
3,289,306,1,6,7,2,2,2,1,2,1,1,2,0
60,285,265,2,1,2,2,2,2,2,2,1,3,1,0
0,307,307,1,2,0,1,3,1,3,3,1,1,0,0
3,307,0,1,2,7,2,3,1,3,3,1,1,3,1
1,307,0,1,2,0,2,3,2,3,3,1,1,4,1
0,266,0,2,1,2,1,2,1,2,2,1,1,4,1
1,266,0,3,1,4,2,2,1,2,2,1,7,2,0
2,307,307,2,1,0,2,3,1,3,3,1,1,4,1
24,265,0,2,1,6,2,1,2,1,1,1,1,4,1
5,283,0,2,2,5,2,2,2,2,2,1,1,4,1
3,265,0,3,2,4,2,2,2,1,2,1,2,4,1
18,109,0,1,3,0,3,1,1,1,2,1,1,0,0
36,307,0,1,1,3,3,3,1,3,3,1,4,4,1
6,307,141,2,5,0,2,3,2,3,3,1,1,1,0
4,20,109,2,5,7,2,1,1,1,1,1,1,0,0
3,307,0,2,1,2,2,2,1,1,2,1,1,3,1
3,266,0,2,3,4,1,2,2,2,2,1,1,2,0
1,307,307,3,1,2,2,3,2,3,3,1,5,1,0
4,266,0,2,4,7,2,2,1,2,2,1,1,4,1
5,307,0,2,1,0,2,1,1,2,1,1,1,3,1
3,266,0,2,1,0,2,2,1,2,2,1,1,1,0
1,266,0,2,1,2,1,2,1,2,2,1,1,3,1
12,266,0,1,1,6,2,1,1,1,2,1,1,2,0
2,307,0,2,1,2,2,2,2,1,2,1,1,2,0
30,266,0,2,5,6,2,1,2,1,1,1,1,2,0
1,307,0,3,1,2,2,2,1,1,2,1,6,2,0
2,307,0,2,6,7,2,2,1,2,2,1,1,2,0
12,307,0,2,2,0,1,1,1,1,1,1,1,3,1
2,266,0,1,1,0,1,2,1,2,2,1,1,4,1
2,305,0,2,1,7,2,2,2,1,2,1,1,2,0
1,243,0,1,1,2,1,2,1,2,2,1,1,4,1
6,307,0,2,2,0,2,2,1,1,2,1,1,3,1
6,307,128,1,1,2,2,1,2,1,2,1,1,4,1
48,179,179,2,5,0,1,3,1,3,3,1,1,1,0
2,266,266,3,1,6,1,2,1,2,2,1,3,4,1
36,307,0,1,1,4,2,3,2,3,3,1,1,4,1
12,307,0,3,2,0,2,3,2,3,3,1,2,4,1
5,265,266,3,5,6,1,1,1,1,2,1,4,1,0
2,266,0,2,1,2,1,2,2,2,2,1,1,2,0
3,266,0,1,1,7,1,2,1,1,2,1,1,2,0
4,266,0,1,3,5,2,3,1,3,2,1,1,4,1
12,241,266,1,2,0,2,1,1,1,1,1,1,3,1
8,307,0,2,7,0,2,1,3,1,1,1,1,1,0
2,307,0,1,4,0,2,2,1,1,2,1,1,2,0
3,266,0,3,1,6,3,3,1,3,3,1,3,1,0
5,264,301,2,1,4,3,2,1,2,2,1,1,3,1
24,254,299,3,1,2,2,3,2,3,1,1,9,4,1
7,307,0,2,1,2,1,3,1,1,1,1,1,2,0
3,266,266,1,4,0,2,2,1,1,2,1,1,4,1
1,307,0,1,1,0,2,2,1,2,2,1,1,2,0
2,277,267,1,6,0,2,1,2,1,2,1,1,2,0
7,307,0,2,1,3,2,1,1,1,1,1,1,3,1
2,307,0,2,1,0,2,2,1,1,2,1,1,2,0
24,307,0,2,2,0,2,2,1,1,2,1,1,4,1
5,103,307,2,1,2,2,3,2,3,2,1,1,3,1
12,205,0,1,1,2,1,3,3,3,3,1,1,4,1
1,266,0,3,1,3,1,2,1,2,2,1,6,2,0
2,307,0,3,1,2,2,2,1,2,2,1,4,1,0
1,307,307,3,1,5,1,2,1,2,2,1,6,2,0
2,266,0,1,4,7,2,2,1,1,2,1,1,1,0
2,307,0,2,2,0,2,1,1,1,2,1,1,4,1
2,266,306,1,1,7,1,2,1,2,2,1,1,1,0
3,266,0,1,2,0,2,1,1,1,2,1,1,3,1
2,265,0,2,1,5,1,3,2,3,3,1,4,4,1
6,307,0,1,1,5,1,1,1,1,2,1,1,4,1
42,307,0,2,2,7,3,1,2,3,3,1,1,3,1
4,307,0,1,1,2,2,1,1,1,2,1,1,4,1
3,307,0,1,2,7,2,1,2,1,2,1,1,3,1
108,266,266,3,1,5,1,1,1,1,3,1,3,3,1
3,247,243,1,3,5,2,2,1,2,2,1,1,0,0
7,285,276,2,5,6,2,2,2,2,2,1,1,0,0
2,266,0,2,4,5,2,2,1,1,2,1,4,2,0
1,307,0,2,1,0,2,2,1,1,2,1,1,3,1
1,307,0,2,1,7,2,2,1,1,2,1,1,2,0
36,254,0,2,1,4,1,1,1,1,1,1,1,3,1
2,266,0,2,3,4,2,2,1,2,2,1,1,1,0
2,266,0,3,2,3,2,2,1,2,2,1,3,1,0
2,292,0,2,6,7,1,2,1,2,2,1,1,1,0
24,128,0,1,2,7,2,1,1,1,2,1,1,2,0
3,265,0,1,1,6,2,2,2,1,2,1,1,4,1
4,307,0,1,1,0,2,1,1,1,2,1,1,2,0
2,307,0,2,7,0,2,1,2,1,2,1,1,2,0
2,72,141,2,2,0,1,2,1,2,2,1,2,1,0
2,147,0,1,7,0,1,1,3,1,2,1,1,3,1
2,307,0,2,1,2,2,1,1,1,2,1,1,2,0
3,300,0,2,7,0,2,2,2,2,2,1,1,3,1
2,307,307,1,1,2,2,1,2,1,2,1,1,4,1
2,299,292,3,1,7,1,2,1,2,2,1,2,4,1
2,266,0,1,4,7,2,2,2,2,2,1,1,3,1
72,141,0,1,5,0,3,1,1,1,2,1,1,2,0
48,213,307,1,5,0,2,1,2,1,1,1,1,4,1
7,254,266,2,1,4,2,1,1,1,1,1,1,1,0
3,307,0,1,2,7,2,2,1,1,2,1,1,2,0
2,265,276,3,2,6,3,1,2,1,2,1,3,1,0
1,266,0,1,1,2,1,2,1,1,2,1,1,2,0
2,285,264,2,6,0,1,3,3,1,3,1,1,0,0
6,307,0,2,1,2,2,2,1,1,2,1,1,3,1
12,285,266,2,7,0,2,1,1,1,1,1,1,2,0
1,307,0,2,2,3,2,2,2,2,2,1,1,1,0
2,266,0,1,1,7,2,1,2,1,2,1,1,3,1
2,307,0,3,2,5,2,1,2,1,2,1,6,2,0
72,103,0,2,1,2,3,2,2,1,1,1,1,2,0
8,307,0,2,2,0,2,1,1,1,1,1,1,3,1
3,265,0,3,1,4,1,2,2,2,2,1,2,1,0
9,266,0,1,3,7,2,1,1,3,2,1,3,2,0
2,307,0,2,1,0,2,2,1,2,2,1,1,2,0
3,307,0,2,2,0,2,2,2,2,2,1,1,2,0
1,307,0,3,2,0,2,2,1,2,2,1,7,2,0
3,266,0,2,7,0,1,2,1,2,2,1,1,1,0
3,307,0,1,2,0,2,1,2,1,2,1,1,0,0
2,307,0,1,1,0,2,2,1,1,2,1,1,2,0
1,307,307,3,1,0,2,2,2,2,2,1,2,2,0
24,247,0,1,2,3,2,3,2,3,3,1,1,4,1
1,307,0,1,1,0,2,2,1,1,2,1,1,1,0
36,213,218,2,7,0,2,1,2,1,1,1,1,2,0
2,307,0,1,1,7,2,1,1,1,1,1,1,3,1
1,265,0,3,2,5,1,2,2,2,2,1,4,4,1
4,307,307,2,2,0,2,1,2,1,2,1,1,3,1
2,266,0,2,2,4,1,3,1,3,3,1,1,4,1
1,218,218,1,2,7,3,2,3,2,2,1,1,0,0
1,266,0,2,1,2,2,3,1,1,2,1,1,1,0
9,251,254,1,7,0,3,2,2,1,2,1,1,2,0
5,299,266,1,4,7,2,2,1,1,2,1,1,2,0
11,265,0,1,2,4,2,2,2,1,2,1,1,1,0
24,265,0,2,5,7,2,1,2,3,1,1,1,1,0
12,265,0,3,1,4,2,2,2,2,2,1,3,4,1
1,265,0,2,2,0,1,2,2,1,2,1,1,2,0
1,266,0,2,1,6,2,2,1,1,2,1,1,1,0
24,299,0,1,4,0,2,3,2,3,3,1,1,4,1
2,266,0,3,4,5,2,2,1,2,2,1,2,2,0
3,307,0,2,6,0,2,2,1,1,2,1,3,4,1
4,265,0,2,6,0,2,2,2,2,2,1,1,3,1
6,307,0,2,2,0,3,1,1,1,2,1,1,4,1
6,179,0,2,2,0,1,1,2,1,2,1,1,1,0
1,189,0,2,1,2,1,1,1,1,2,1,1,1,0
4,213,307,2,1,3,2,1,2,1,2,1,1,3,1
3,307,0,1,4,5,2,1,1,1,2,1,1,4,1
2,266,0,2,1,7,1,2,1,2,2,1,1,3,1
2,307,0,2,1,0,2,2,1,1,2,1,1,3,1
4,266,0,2,1,0,2,1,1,1,1,1,1,3,1
12,307,218,1,5,0,2,1,1,1,1,1,1,3,1
24,152,60,2,2,0,1,3,1,3,3,1,1,1,0
2,265,0,1,1,6,2,2,2,2,2,1,1,3,1
7,266,0,2,4,5,2,2,1,2,2,1,1,4,1
2,307,0,2,1,2,2,2,1,2,2,1,1,3,1
48,179,0,1,5,0,1,2,2,1,2,1,1,2,0
12,266,0,2,1,2,1,1,1,1,1,1,1,2,0
12,307,0,1,1,4,2,1,2,1,1,1,1,3,1
24,307,0,1,5,7,2,1,1,1,2,1,5,4,1
6,299,266,1,7,0,2,2,2,2,2,1,1,1,0
5,265,0,1,4,7,2,1,2,1,2,1,1,1,0
2,247,265,1,3,7,1,2,1,2,2,1,1,1,0
108,182,0,1,1,5,1,3,1,3,2,1,1,1,0
1,307,0,2,2,5,2,2,2,2,2,1,1,2,0
3,266,265,1,1,2,2,2,2,2,2,1,1,1,0
1,307,0,1,2,0,2,1,1,1,2,1,1,3,1
1,299,0,1,1,3,1,1,2,1,1,1,5,3,1
108,243,0,1,3,0,2,1,2,3,1,1,1,4,1
2,307,0,1,1,2,2,1,2,1,2,1,1,1,0
42,307,0,2,1,2,2,1,3,1,1,1,1,4,1
1,307,0,1,1,2,2,3,1,3,3,1,1,2,0
12,307,0,2,5,0,2,2,2,2,1,1,1,2,0
4,247,266,1,1,0,2,1,1,1,2,1,1,1,0
16,250,0,1,1,0,3,1,2,1,1,1,1,4,1
84,307,195,2,6,0,1,1,1,1,1,1,1,1,0
3,307,0,1,1,0,2,2,1,2,2,1,2,2,0
1,266,0,1,1,0,1,2,1,2,2,1,1,4,1
1,265,265,2,2,6,1,2,2,1,1,1,1,4,1
2,247,266,3,6,0,2,2,1,1,2,1,3,1,0
2,266,0,1,1,6,1,2,1,2,2,1,1,1,0
2,266,266,3,1,2,2,2,1,2,2,1,5,4,1
2,264,0,1,5,0,2,2,2,1,2,1,2,2,0
17,266,0,2,1,2,1,3,1,3,1,1,1,3,1
2,266,0,2,1,4,1,2,1,2,2,1,1,2,0
24,119,0,2,7,0,2,3,2,3,2,1,1,3,1
3,307,0,2,1,5,2,1,1,1,3,1,1,4,1
1,266,0,3,1,4,2,2,1,2,2,1,6,2,0
2,266,0,1,1,0,1,2,2,1,2,1,1,4,1
1,307,307,1,1,7,2,2,1,1,2,1,1,2,0
4,266,0,1,1,2,2,2,1,2,2,1,1,4,1
36,60,128,2,2,7,1,1,1,1,3,1,1,3,1
3,307,0,2,1,5,2,1,1,1,2,1,1,2,0
4,266,0,1,6,7,1,2,1,2,2,1,1,4,1
2,292,265,1,7,0,1,2,2,1,2,1,1,1,0
12,265,264,2,4,7,3,2,3,1,1,1,1,4,1
3,252,277,1,1,7,2,1,2,2,2,1,1,2,0
48,129,0,2,2,5,1,1,1,1,1,1,1,2,0
1,266,306,3,1,7,2,2,1,1,2,1,2,2,0
1,264,0,1,1,7,1,2,3,2,2,1,1,2,0
6,307,0,2,1,2,2,1,1,1,2,1,1,1,0
36,213,39,1,1,5,2,1,3,1,1,1,1,3,1
13,266,276,1,6,0,3,3,1,3,2,1,1,4,1
2,247,265,1,3,5,1,2,2,1,2,1,1,1,0
2,187,307,2,2,7,2,2,1,2,2,1,1,2,0
2,141,20,2,2,0,1,1,1,1,2,1,1,2,0
2,307,307,1,2,0,2,1,2,1,2,1,1,2,0
8,49,0,1,2,7,2,1,1,1,1,1,1,2,0
3,266,0,3,1,6,2,2,1,2,2,1,3,4,1
11,307,0,1,2,7,2,1,1,1,1,1,1,2,0
2,307,0,2,1,2,2,2,1,2,2,1,1,3,1
3,266,0,1,1,6,2,2,1,2,2,1,1,3,1
2,266,0,1,1,2,2,2,1,2,2,1,1,1,0
2,307,0,1,1,2,3,1,1,1,2,1,1,2,0
36,108,0,2,1,6,1,3,3,3,1,1,1,1,0
7,266,0,1,5,7,2,1,1,1,1,1,1,1,0
2,218,307,2,1,2,2,2,1,2,2,1,3,2,0
36,307,0,2,1,0,2,2,1,2,1,1,1,4,1
17,265,0,1,1,2,3,1,2,1,1,1,1,1,0
7,44,307,2,2,5,2,1,2,1,1,1,1,4,1
2,285,264,2,6,7,2,2,3,2,2,1,1,2,0
2,307,0,3,2,7,2,2,2,2,2,1,3,2,0
0,307,307,1,1,7,2,2,1,2,2,1,1,1,0
1,307,0,1,5,0,2,3,2,3,2,1,1,3,1
2,266,0,1,3,4,1,2,1,2,2,1,1,4,1
4,266,0,2,6,0,2,2,1,2,2,1,1,2,0
1,299,0,3,3,6,2,3,2,3,2,1,5,2,0
1,307,0,2,1,2,1,2,2,2,2,1,1,2,0
4,307,0,2,1,4,2,1,2,1,2,1,1,3,1
36,266,0,1,1,2,3,1,1,1,1,1,1,4,1
3,307,307,1,3,0,2,1,1,1,1,1,1,2,0
3,266,0,1,2,3,1,2,1,2,2,1,1,3,1
2,266,0,1,4,7,1,2,1,2,2,1,1,2,0
2,307,0,1,1,2,2,1,1,1,2,1,1,4,1
2,307,0,1,2,7,2,2,1,2,2,1,1,1,0
2,307,307,2,2,7,2,2,2,1,2,1,1,4,1
0,243,243,2,1,5,1,2,1,2,2,1,1,4,1
2,266,0,1,7,0,2,2,1,2,2,1,1,2,0
8,307,0,1,1,2,2,1,2,1,1,1,1,4,1
1,266,0,2,3,6,2,1,1,1,1,1,1,2,0
2,254,0,3,1,4,2,2,2,2,2,1,2,0,0
6,307,0,2,2,5,1,1,1,1,2,1,1,4,1
1,307,0,2,1,2,2,2,2,2,2,1,1,2,0
24,265,0,1,3,7,2,2,1,2,3,1,1,4,1
2,307,0,1,1,2,2,2,1,1,2,1,1,2,0
2,266,0,3,1,6,2,2,1,2,2,1,3,2,0
2,307,0,2,1,2,1,2,1,2,2,1,1,3,1
36,218,307,2,1,6,1,1,3,1,1,1,1,0,0
1,285,285,3,1,6,2,2,3,2,2,1,2,3,1
36,307,0,2,2,0,2,1,1,1,1,1,1,2,0
24,266,0,1,1,7,2,1,1,1,1,1,1,2,0
12,307,0,1,2,7,2,1,1,1,2,1,1,4,1
1,266,0,3,3,4,2,2,1,2,2,1,4,1,0
3,266,265,2,2,4,1,2,1,2,2,1,1,2,0
1,307,0,1,1,0,2,2,2,2,2,1,1,1,0
2,307,0,2,4,0,2,2,2,1,2,1,1,1,0
4,307,0,1,2,0,2,1,1,1,2,1,1,4,1
4,266,0,1,3,5,1,2,1,1,2,1,1,2,0
5,266,0,1,3,5,2,2,1,1,2,1,1,2,0
4,266,0,2,5,0,1,2,1,2,2,1,1,4,1
18,145,0,1,6,7,2,1,3,1,1,1,1,2,0
4,307,0,2,2,0,2,2,1,1,2,1,1,4,1
1,265,0,2,1,2,3,2,2,1,2,1,1,3,1
1,307,0,3,1,2,2,2,2,2,2,1,7,3,1
2,266,0,2,6,7,1,2,1,1,2,1,1,3,1
1,307,307,2,4,0,2,2,1,2,2,1,1,1,0
3,307,0,1,2,7,1,1,1,1,2,1,1,1,0
1,307,0,2,1,7,2,1,1,1,2,1,1,3,1
3,307,0,2,2,0,3,2,1,1,2,1,1,4,1
1,307,0,2,1,0,1,2,1,2,2,1,1,2,0
2,203,307,1,1,2,2,2,2,1,2,1,1,1,0
12,307,307,1,2,7,2,3,2,3,3,1,1,1,0
52,205,0,1,2,5,1,1,2,1,3,1,1,1,0
4,285,265,1,7,0,3,2,3,1,2,1,1,1,0
4,265,0,1,5,0,2,2,1,2,3,1,3,2,0
62,301,0,2,2,0,3,1,2,1,1,1,1,1,0
48,264,285,1,7,0,3,1,3,1,1,1,1,2,0
1,266,0,2,1,6,2,2,1,1,2,1,1,3,1
1,307,307,1,1,2,2,2,2,1,2,1,1,3,1
3,266,265,3,5,6,1,2,2,2,2,1,5,3,1
22,266,0,2,2,3,2,1,1,1,1,1,1,4,1
2,266,0,1,3,5,2,1,1,1,2,1,1,2,0
2,307,0,1,1,2,2,2,1,2,2,1,1,1,0
2,307,0,2,1,0,2,1,1,1,2,1,1,4,1
0,266,266,3,2,3,2,2,1,2,2,1,5,3,1
3,307,307,2,1,7,2,2,1,2,3,1,2,4,1
2,307,0,2,2,7,1,3,1,3,3,1,1,1,0
3,266,0,1,3,4,1,1,1,1,2,1,1,3,1
1,265,264,3,2,3,2,2,2,2,2,1,2,3,1
4,283,243,2,1,0,2,2,2,2,2,1,1,4,1
84,141,0,1,5,0,3,3,2,3,3,1,1,2,0
3,239,307,1,2,0,2,3,1,3,2,1,1,3,1
12,251,262,2,6,0,2,1,2,1,2,1,1,2,0
3,307,0,2,2,0,1,3,1,1,3,1,1,2,0
36,205,205,2,1,6,1,1,3,1,3,1,1,4,1
2,266,266,1,1,7,1,2,1,2,3,1,2,1,0
1,307,0,1,2,0,2,2,1,2,2,1,2,0,0
1,266,0,1,2,3,2,2,1,2,2,1,1,2,0
2,307,0,1,2,0,2,1,1,1,2,1,1,1,0
2,307,0,2,2,7,2,1,2,1,2,1,2,3,1
2,307,307,2,2,0,2,1,2,1,2,1,1,1,0
2,218,307,1,1,3,2,1,2,1,2,1,1,1,0
1,307,0,3,1,2,2,3,2,1,3,1,4,2,0
1,266,0,1,4,0,1,2,1,2,2,1,1,2,0
9,299,0,1,1,2,2,1,1,1,1,1,1,1,0
1,218,0,3,2,3,1,3,2,3,3,1,8,2,0
2,303,266,2,1,2,1,2,1,1,2,1,1,1,0
1,265,0,1,1,7,2,2,2,2,2,1,1,1,0
2,266,0,2,1,7,2,2,1,2,2,1,1,3,1
1,265,0,1,2,3,2,3,2,3,3,1,1,4,1
15,147,0,2,7,0,1,1,2,1,1,1,1,3,1
7,266,0,2,2,3,2,2,1,1,1,1,1,2,0
1,243,0,1,1,2,1,2,1,2,2,1,1,4,1
18,266,0,3,1,4,2,1,1,1,1,1,4,4,1
1,307,307,2,1,7,2,2,1,1,2,1,2,2,0
1,307,0,2,2,7,2,2,2,2,2,1,1,2,0
4,266,0,1,1,3,1,2,1,1,2,1,2,2,0
6,60,0,2,2,7,1,1,1,1,2,1,1,2,0
2,307,307,1,1,2,2,1,1,1,2,1,1,1,0
3,307,0,2,2,7,2,1,2,1,2,1,1,3,1
2,307,0,3,2,5,2,2,1,2,2,1,4,4,1
1,307,0,2,1,2,2,1,1,1,2,1,1,3,1
1,307,0,2,2,5,1,2,1,1,2,1,1,2,0
18,179,179,1,2,0,2,3,3,3,1,1,1,1,0
6,307,0,1,2,0,2,2,1,2,2,1,1,4,1
36,265,0,1,7,0,2,3,2,1,1,1,1,4,1
4,307,0,1,1,0,1,2,1,2,2,1,1,1,0
2,307,0,1,2,7,1,3,1,3,3,1,1,4,1
2,266,0,1,1,7,2,2,1,1,2,1,1,2,0
6,266,0,1,3,0,1,2,1,1,1,1,1,4,1
2,307,0,3,2,4,1,2,1,2,2,1,2,2,0
24,307,0,2,1,5,2,1,1,1,1,1,1,4,1
1,307,307,2,1,2,2,2,1,1,2,1,2,3,1
2,307,0,2,1,5,2,2,2,2,2,1,1,2,0
3,266,266,3,1,2,1,2,1,1,2,1,3,3,1
3,307,0,2,2,0,2,2,1,2,2,1,1,4,1
16,266,0,2,6,7,2,1,1,1,1,1,1,4,1
2,266,0,3,1,4,1,1,1,1,2,1,3,2,0
36,109,0,1,3,0,2,3,3,3,2,1,1,3,1
4,265,0,3,6,7,1,2,2,2,2,1,2,1,0
1,306,299,3,4,6,2,2,1,2,2,1,3,2,0
48,307,0,2,2,0,2,1,1,1,1,1,1,2,0
4,266,0,1,1,7,3,2,1,1,2,1,2,4,1
2,266,266,3,2,5,1,2,1,2,2,1,2,2,0
42,307,0,1,1,7,2,1,2,1,2,1,1,3,1
3,265,299,1,4,5,1,2,2,2,1,1,1,3,1
12,266,265,3,2,3,2,2,1,1,1,1,2,4,1
4,307,109,1,3,0,2,1,2,2,1,1,1,4,1
1,266,0,3,1,2,2,2,1,2,2,1,2,1,0
2,307,0,1,1,2,2,1,2,1,2,1,1,2,0
1,307,307,1,3,0,1,2,1,2,2,1,1,4,1
3,307,307,2,1,2,2,1,2,1,2,1,1,2,0
2,265,0,1,7,0,1,3,2,3,2,1,1,1,0
2,266,0,2,1,0,1,2,1,2,2,1,1,2,0
2,307,0,2,1,4,1,2,3,2,2,1,1,1,0
2,266,0,1,1,2,2,2,2,2,2,1,1,2,0
3,282,0,2,1,2,2,3,3,3,3,1,1,1,0
2,266,0,2,2,3,2,2,1,2,2,1,1,1,0
24,207,0,2,1,2,1,1,2,1,1,1,1,3,1
2,307,0,3,1,0,2,2,1,2,3,1,4,3,1
72,307,0,1,1,0,2,3,2,3,2,1,1,3,1
2,307,0,3,2,5,2,1,1,1,2,1,3,4,1
5,266,0,2,2,3,1,2,1,2,2,1,1,3,1
24,307,307,2,2,7,3,2,1,2,3,1,1,4,1
6,303,250,2,1,2,2,2,1,1,1,1,2,4,1
2,307,0,2,2,0,2,2,1,1,2,1,1,4,1
6,266,0,2,1,7,2,2,1,2,2,1,1,3,1
1,265,0,3,1,2,2,2,2,2,2,1,5,3,1
24,307,0,1,1,2,2,1,2,1,1,1,1,3,1
2,307,307,1,2,0,1,2,1,2,2,1,1,4,1
3,119,307,2,6,0,1,2,2,2,2,1,1,1,0
1,307,0,3,1,2,2,2,1,2,2,1,6,3,1
1,266,0,2,6,0,1,2,1,1,2,1,1,1,0
2,307,307,2,1,7,2,2,2,1,2,1,1,2,0
2,307,0,1,1,7,2,1,2,1,2,1,1,2,0
3,251,299,3,4,5,2,3,1,1,2,1,2,2,0
18,307,0,2,5,0,2,1,2,1,1,1,1,1,0
3,307,307,2,2,7,2,2,2,2,2,1,1,4,1
5,299,247,2,1,6,2,2,2,2,2,1,1,1,0
28,292,0,1,2,0,3,2,2,2,3,1,1,4,1
11,266,0,2,2,6,2,1,1,1,1,1,1,3,1
1,266,265,3,1,2,1,2,1,2,2,1,2,2,0
1,266,0,2,1,6,1,2,1,1,2,1,2,2,0
2,307,0,2,1,7,2,1,1,1,1,1,1,4,1
48,307,0,2,1,5,2,1,2,1,1,1,1,4,1
2,307,0,1,2,7,2,1,1,1,2,1,1,4,1
10,299,0,1,1,7,1,1,1,1,3,1,1,3,1
9,305,305,1,4,7,3,1,2,1,3,1,1,4,1
72,285,0,2,2,0,2,1,3,1,1,1,1,1,0
96,285,292,2,6,7,2,1,2,1,1,1,2,0,0
2,266,0,2,1,0,1,2,1,1,2,1,1,1,0
3,307,0,2,2,5,2,2,1,2,2,1,3,4,1
12,307,0,1,3,0,2,3,2,3,3,1,1,4,1
12,266,0,1,6,0,2,1,1,1,1,1,1,3,1
12,250,266,1,1,0,1,1,1,1,1,1,1,4,1
1,265,0,1,3,5,2,2,2,1,2,1,1,2,0
32,307,0,1,1,2,2,1,1,1,2,1,1,4,1
24,307,0,1,2,0,2,1,2,1,1,1,1,2,0
1,307,0,1,5,7,2,1,1,2,2,1,1,0,0
84,205,0,2,2,3,1,1,1,1,2,1,1,1,0
4,266,0,2,6,7,1,1,1,1,2,1,1,1,0
9,207,0,1,2,3,1,1,2,1,2,1,1,0,0
24,303,285,2,1,2,2,3,3,2,3,1,1,2,0
2,265,0,3,1,3,2,2,2,2,2,1,3,1,0
3,299,0,3,1,3,2,1,1,1,2,1,2,4,1
4,299,0,1,1,2,2,1,1,1,2,1,1,2,0
3,265,0,2,1,4,2,2,2,1,3,1,1,1,0
12,307,0,2,1,2,2,2,2,1,2,1,1,4,1
3,266,0,1,2,6,2,1,1,1,2,1,1,1,0
8,307,0,2,1,7,2,1,1,1,1,1,1,4,1
3,307,0,2,1,2,2,1,1,2,2,1,1,1,0
12,78,141,1,1,2,2,1,1,1,3,1,2,3,1
2,307,307,2,2,4,2,1,1,1,2,1,2,2,0
0,307,0,3,2,5,2,2,1,2,2,1,2,2,0
48,307,0,2,7,0,2,1,1,1,2,1,1,4,1
12,307,0,1,1,3,3,1,2,1,3,1,1,4,1
12,285,0,2,2,5,2,1,2,1,2,1,1,4,1
4,307,0,1,1,7,2,1,1,1,1,1,1,1,0
4,307,0,1,3,0,2,1,1,1,2,1,1,4,1
1,307,0,2,1,2,2,1,2,1,2,1,1,3,1
12,307,0,1,1,2,2,2,1,2,2,1,1,3,1
4,307,0,2,1,7,2,1,1,1,2,1,1,3,1
7,307,307,2,1,0,2,1,1,1,1,1,1,4,1
24,307,0,1,2,0,2,3,2,3,3,1,1,4,1
0,266,266,3,1,2,2,2,1,2,2,1,5,3,1
1,266,0,3,1,2,1,2,1,2,2,1,4,2,0
30,119,0,1,1,6,3,1,2,1,1,1,1,3,1
2,307,307,2,1,2,2,2,2,2,2,1,1,4,1
1,307,0,1,1,2,2,2,2,2,3,1,8,4,1
2,307,0,1,1,2,3,1,1,1,2,1,3,4,1
2,307,0,1,5,0,2,1,2,1,3,1,1,1,0
11,260,0,1,1,6,3,3,2,1,2,1,1,4,1
1,307,307,2,1,2,2,2,2,1,2,1,1,3,1
3,307,0,2,2,0,2,3,1,3,2,1,1,1,0
1,265,299,2,1,6,2,2,1,1,2,1,1,3,1
1,307,0,2,1,2,1,2,2,2,2,1,1,2,0
24,82,0,1,1,0,2,1,2,1,2,1,1,3,1
1,266,0,3,4,6,2,2,1,2,2,1,3,2,0
48,179,0,1,2,0,2,3,1,3,2,1,1,1,0
7,266,266,2,4,7,2,2,1,2,2,1,1,4,1
3,266,266,1,1,2,2,2,1,2,2,1,1,2,0
25,20,0,1,1,2,2,1,1,1,1,1,1,1,0
24,307,0,2,1,0,2,3,2,3,3,1,1,4,1
6,307,0,2,1,0,2,1,1,1,1,1,1,2,0
2,307,141,3,1,2,2,1,2,1,2,1,3,3,1
2,307,0,1,1,2,2,1,2,1,2,1,1,1,0
60,182,0,1,1,5,2,1,1,1,1,1,1,3,1
3,307,307,2,1,7,2,1,1,1,2,1,1,3,1
2,307,0,1,2,0,2,2,1,1,2,1,1,3,1
3,285,265,1,3,0,1,1,2,1,2,1,1,1,0
12,307,18,2,1,7,3,1,1,1,1,1,1,4,1
2,266,0,1,1,6,2,2,1,1,2,1,1,2,0
3,307,0,1,2,7,2,1,2,1,2,1,1,3,1
4,307,0,2,1,2,1,1,2,1,1,1,3,4,1
8,266,0,1,6,7,1,1,1,1,1,1,1,2,0
12,307,0,2,3,5,2,1,2,1,1,1,1,3,1
6,306,0,1,1,7,2,3,2,1,3,1,1,2,0
3,307,0,1,1,2,2,2,1,1,2,1,1,2,0
2,307,0,2,4,0,2,2,2,1,2,1,1,4,1
2,266,0,2,2,7,2,2,1,1,2,1,1,2,0
3,307,0,1,1,7,2,1,1,1,2,1,1,4,1
2,307,0,2,2,7,2,2,1,1,2,1,1,4,1
0,307,0,3,1,2,1,2,1,2,1,1,8,0,0
3,307,0,2,1,2,2,2,2,2,2,1,1,1,0
3,307,0,2,1,0,2,1,2,1,2,1,1,4,1
60,307,0,1,3,0,2,1,2,1,1,1,1,2,0
36,109,307,1,3,0,4,1,2,1,1,1,1,3,1
14,265,0,1,1,5,3,2,2,2,2,1,1,3,1
2,307,0,1,1,7,2,2,2,1,2,1,1,2,0
1,266,0,1,3,7,1,2,1,2,2,1,1,1,0
53,307,307,1,7,0,2,1,2,3,3,1,1,4,1
3,307,0,1,5,0,3,2,1,2,2,1,1,2,0
2,307,0,1,1,7,2,2,1,2,2,1,1,1,0
1,307,307,3,1,2,1,2,1,1,2,1,3,4,1
4,307,0,1,2,0,2,1,2,1,2,1,1,3,1
2,307,0,1,1,2,2,2,1,2,2,1,1,1,0
5,266,266,1,1,0,2,1,1,1,1,1,1,2,0
4,265,0,2,5,0,2,3,2,3,3,1,1,2,0
2,307,0,2,2,3,1,2,1,1,3,1,1,2,0
108,307,307,2,2,0,2,2,2,2,1,1,1,4,1
3,266,0,2,2,0,2,2,1,2,2,1,1,4,1
1,307,0,2,1,2,1,2,2,2,2,1,1,2,0
5,307,0,1,2,7,2,1,2,1,2,1,1,3,1
54,179,0,2,2,0,2,1,2,1,1,1,1,4,1
2,307,0,2,1,2,2,3,1,3,2,1,1,2,0
54,60,0,2,5,7,1,1,1,1,1,1,1,1,0
4,265,0,2,7,0,2,1,2,1,2,1,1,1,0
84,307,0,1,1,2,1,1,1,1,2,1,1,4,1
2,307,0,2,1,7,2,2,1,1,2,1,1,1,0
12,266,0,2,1,7,2,2,1,1,2,1,7,4,1
1,266,0,1,1,7,1,2,1,2,2,1,1,1,0
2,307,0,2,2,5,2,2,1,1,2,1,1,1,0
2,307,0,3,1,2,2,2,1,2,2,1,2,4,1
2,266,0,2,2,6,1,2,1,2,2,1,2,3,1
6,265,0,2,2,6,2,3,3,3,3,1,1,0,0
7,264,265,1,5,0,2,2,2,2,2,1,1,1,0
1,307,307,1,2,0,2,1,2,1,2,1,1,0,0
8,307,0,2,1,0,2,1,1,1,2,1,1,4,1
72,20,0,2,2,4,2,3,1,3,3,1,1,3,1
12,285,0,1,1,7,2,1,2,1,2,1,1,3,1
12,307,0,2,2,0,1,1,1,1,1,1,1,4,1
2,307,0,2,1,0,2,2,1,2,2,1,1,1,0
36,307,0,2,4,7,2,1,1,1,1,1,1,4,1
3,266,266,1,4,6,2,2,1,1,2,1,1,4,1
4,307,0,2,2,7,2,1,1,1,2,1,1,4,1
8,252,0,2,1,4,2,1,2,1,1,1,1,3,1
7,264,0,1,1,7,2,1,2,1,1,1,1,4,1
13,141,0,2,3,0,3,1,1,1,1,1,1,3,1
3,141,307,2,7,0,2,1,2,1,2,1,1,3,1
1,265,0,3,1,2,1,2,2,2,2,1,4,2,0
1,307,0,2,2,6,2,2,1,1,2,1,1,2,0
1,265,0,1,1,0,2,2,2,2,2,1,1,2,0
12,266,0,2,3,6,2,1,1,1,1,1,1,4,1
6,266,0,1,1,0,2,2,1,2,2,1,1,4,1
1,39,141,3,1,2,2,3,2,3,3,1,6,2,0
4,265,0,2,1,3,1,1,2,1,1,1,1,1,0
2,307,0,2,5,7,2,1,2,1,2,1,1,4,1
3,307,0,2,2,0,2,2,2,2,2,1,1,1,0
3,307,0,2,1,2,2,2,1,2,2,1,1,2,0
3,218,195,2,1,6,2,1,2,1,1,1,1,1,0
3,103,307,2,1,6,3,2,2,2,2,1,1,2,0
18,307,0,1,2,0,3,1,1,1,1,1,1,3,1
12,265,299,1,1,2,2,3,2,3,3,1,1,2,0
1,307,0,2,1,2,2,2,2,2,2,1,1,3,1
1,265,0,2,2,5,2,2,2,2,2,1,1,1,0
1,307,0,2,2,5,2,2,1,1,2,1,1,1,0
1,265,265,1,1,7,2,2,2,2,2,1,1,1,0
3,307,0,2,1,7,2,2,1,2,2,1,1,3,1
1,307,307,2,2,0,2,2,1,2,2,1,1,2,0
4,307,0,1,1,7,1,1,1,2,2,1,1,4,1
2,266,0,2,1,7,1,2,1,2,2,1,1,2,0
7,249,257,3,1,2,2,2,1,2,2,1,5,4,1
4,265,0,1,3,0,2,1,2,1,2,1,1,3,1
4,264,0,1,1,0,1,2,3,1,2,1,1,0,0
6,103,307,2,1,0,3,1,2,1,2,1,1,4,1
1,299,0,3,1,4,1,2,1,2,2,1,2,1,0
24,307,0,2,2,0,2,2,2,3,1,1,1,4,1
3,265,0,2,6,7,2,3,2,1,3,1,2,3,1
1,299,0,1,2,4,1,2,1,2,2,1,1,2,0
2,266,0,1,3,0,1,2,1,1,2,1,1,2,0
48,69,0,2,2,3,1,1,3,3,3,1,1,2,0
24,307,0,2,1,0,2,1,1,1,1,1,1,4,1
4,299,0,3,4,6,2,2,2,2,2,1,2,3,1
2,307,307,2,2,0,2,2,1,1,2,1,1,2,0
12,266,0,2,7,0,2,1,1,1,1,1,1,3,1
2,307,218,1,2,7,2,2,1,1,2,1,1,1,0
2,307,0,2,2,0,2,1,1,1,2,1,1,2,0
3,307,0,2,2,6,2,1,1,1,2,1,2,2,0
72,232,0,2,2,6,2,1,2,1,1,1,1,3,1
12,266,0,3,1,7,2,2,1,2,2,1,2,4,1
1,266,0,2,1,2,1,2,1,1,2,1,6,2,0
16,252,0,2,3,7,3,1,2,1,1,1,1,4,1
3,307,0,1,2,0,2,2,2,1,2,1,1,3,1
48,307,111,1,2,0,2,3,1,3,3,1,1,4,1
60,205,0,1,3,5,1,3,2,3,1,1,1,3,1
10,266,0,2,4,0,2,1,1,1,1,1,1,3,1
1,266,0,2,5,6,2,2,1,1,2,1,1,3,1
16,264,0,1,6,0,3,1,3,1,3,1,1,4,1
1,265,0,3,1,5,1,2,2,2,2,1,2,3,1
25,195,0,1,6,7,2,1,3,1,2,1,1,1,0
2,307,0,3,2,7,2,2,1,2,2,1,5,1,0
2,307,307,2,1,2,2,1,1,1,3,1,3,3,1
4,266,0,2,1,0,2,2,1,1,1,1,1,1,0
3,307,307,2,1,2,2,1,2,1,2,1,1,4,1
3,266,0,3,2,5,1,3,1,1,1,1,7,3,1
3,307,0,1,2,0,2,2,2,3,3,1,1,4,1
3,307,0,3,1,2,2,2,1,1,2,1,2,3,1
24,307,0,2,2,0,2,3,2,3,3,1,9,4,1
5,266,299,1,3,4,1,2,1,2,2,1,1,2,0
2,264,266,2,5,0,2,2,2,2,2,1,1,1,0
2,266,299,2,2,4,2,2,1,1,2,1,1,1,0
2,202,307,1,1,2,2,1,2,1,1,1,1,4,1
2,264,264,3,1,6,2,3,3,3,3,1,2,3,1
1,307,0,1,1,2,2,2,1,2,2,1,1,1,0
4,307,0,1,1,2,3,1,2,1,1,1,3,4,1
4,266,0,2,2,7,1,3,1,1,2,1,1,2,0
3,266,266,3,1,0,1,1,1,1,2,1,2,3,1
12,307,0,2,4,7,2,1,1,1,1,1,1,4,1
2,266,0,2,1,4,2,2,1,2,2,1,6,4,1
5,266,0,1,4,7,2,1,1,1,1,1,1,4,1
18,264,264,2,2,6,3,2,3,1,2,1,1,3,1
12,111,0,2,1,0,4,1,1,1,2,1,1,3,1
2,265,0,2,1,2,2,2,2,2,2,1,1,3,1
28,285,0,2,4,0,2,1,3,1,2,1,1,2,0
3,307,0,2,2,0,2,1,1,1,2,1,1,3,1
12,266,266,3,1,4,2,1,1,1,1,1,2,2,0
2,266,0,1,3,7,1,2,2,1,2,1,1,2,0
5,266,0,1,6,7,1,2,1,1,2,1,1,3,1
2,307,307,2,1,2,2,1,1,1,2,1,1,2,0
4,307,0,2,5,0,2,2,2,1,2,1,1,4,1
41,307,0,1,2,3,2,2,1,1,1,1,1,2,0
1,266,266,2,1,4,2,2,1,2,2,1,2,3,1
1,307,0,1,1,0,2,2,1,1,2,1,4,2,0
54,266,0,1,3,4,2,1,1,1,1,1,1,4,1
5,265,0,2,1,4,2,3,1,3,2,1,1,4,1
3,265,265,3,1,5,2,2,2,2,2,1,3,3,1
2,265,265,2,6,7,1,3,2,1,3,1,1,3,1
30,205,169,1,7,0,2,1,2,1,1,1,1,4,1
32,303,0,2,1,3,2,1,1,1,1,1,1,2,0
2,299,266,2,1,6,1,1,1,1,2,1,1,1,0
1,265,266,3,3,0,1,2,1,2,2,1,3,2,0
72,141,109,3,3,4,3,1,1,1,1,1,2,2,0
1,307,0,2,1,7,2,1,1,1,2,1,1,2,0
24,307,109,2,3,0,2,1,2,1,1,1,1,3,1
1,307,0,2,1,2,2,2,1,1,2,1,1,2,0
6,265,0,1,2,0,1,2,3,2,2,1,1,2,0
6,307,0,2,2,0,2,1,1,1,1,1,1,4,1
2,307,307,2,2,0,1,2,2,1,1,1,1,4,1
27,76,0,2,1,7,3,1,1,1,2,1,1,4,1
24,179,218,1,2,0,1,1,2,1,2,1,1,3,1
2,266,0,1,1,0,2,2,1,2,2,1,1,2,0
2,266,0,1,1,7,2,1,1,1,2,1,1,2,0
3,307,307,1,1,2,3,1,1,1,2,1,1,2,0
1,307,0,3,2,4,2,2,2,2,2,1,9,2,0
2,307,0,2,1,2,2,3,1,3,2,1,1,3,1
4,307,189,1,1,2,2,3,1,3,2,1,1,3,1
3,254,254,3,1,6,1,2,1,2,2,1,2,4,1
2,141,0,2,1,0,3,3,1,3,3,1,1,2,0
12,76,76,1,1,7,2,2,1,2,2,1,2,3,1
60,39,16,2,1,7,2,1,2,1,1,1,1,1,0
0,307,0,2,1,2,2,3,2,3,3,1,5,2,0
1,266,0,2,2,7,3,2,1,1,2,1,1,2,0
24,307,0,2,5,0,2,3,2,3,3,1,9,4,1
5,195,0,1,6,0,1,1,1,1,2,1,1,2,0
2,307,0,1,1,5,2,2,2,2,2,1,4,4,1
5,265,266,3,5,6,2,2,2,2,2,1,3,3,1
2,307,0,1,1,2,2,2,1,2,2,1,2,2,0
12,307,44,1,1,2,2,3,1,3,2,1,1,2,0
12,307,0,2,1,7,1,1,1,1,1,1,1,3,1
3,266,0,1,1,0,1,2,1,1,2,1,1,3,1
1,307,0,2,1,2,2,2,1,2,2,1,2,3,1
60,307,0,2,1,2,2,1,1,1,1,1,1,4,1
3,307,0,1,2,0,2,1,1,1,2,1,1,1,0
13,307,0,2,1,0,1,1,1,1,1,1,1,4,1
1,266,0,3,3,6,1,3,1,3,2,1,3,3,1
3,266,0,2,1,2,2,2,1,1,2,1,1,3,1
2,307,307,2,2,0,2,1,2,1,2,1,1,3,1
24,307,0,1,4,7,2,3,1,3,3,1,1,4,1
1,307,0,3,1,7,1,2,2,2,2,1,4,2,0
4,242,0,2,5,7,2,1,2,1,2,1,1,2,0
6,273,0,1,3,0,2,2,2,2,2,1,1,4,1
2,266,0,2,2,7,1,2,1,2,2,1,1,2,0
1,265,0,1,7,0,2,2,2,2,2,1,1,1,0
1,266,0,3,2,6,1,2,1,2,2,1,2,3,1
4,266,0,1,1,7,2,2,1,2,2,1,1,1,0
12,285,0,1,1,7,2,1,2,1,1,1,2,1,0
1,266,0,1,5,0,2,2,1,2,2,1,3,4,1
60,307,0,1,1,0,2,1,1,1,1,1,1,2,0
4,265,0,3,1,2,2,2,2,2,2,1,2,1,0
2,266,0,2,3,7,2,2,1,1,2,1,1,1,0
2,307,307,3,1,2,2,3,2,3,3,1,3,4,1
1,307,0,1,5,0,1,2,2,2,2,1,1,3,1
3,266,0,1,1,7,2,2,1,1,2,1,1,4,1
4,307,0,1,1,0,3,1,2,1,1,1,1,1,0
2,307,0,3,2,5,2,2,2,2,2,1,2,3,1
2,266,0,1,3,0,2,2,1,1,2,1,1,1,0
2,266,0,1,4,7,1,2,1,1,2,1,1,3,1
78,20,0,1,2,5,2,2,2,1,2,1,1,4,1
12,265,0,1,1,7,2,1,2,1,2,1,1,2,0
9,179,0,1,2,0,1,2,1,1,1,1,2,2,0
3,266,0,1,1,0,1,2,1,1,2,1,1,2,0
21,266,265,2,1,0,2,2,2,2,2,1,1,4,1
10,197,307,2,7,0,2,3,1,3,3,1,2,2,0
1,265,0,1,1,4,2,2,2,2,2,1,1,2,0
12,307,0,2,2,7,2,1,1,1,3,1,1,4,1
1,307,0,2,1,2,2,2,2,2,2,1,2,2,0
3,307,0,1,5,0,2,1,1,1,2,1,1,4,1
12,173,0,2,1,7,2,1,1,1,2,1,1,1,0
3,307,0,1,2,7,2,1,1,1,1,1,1,2,0
6,266,0,1,4,7,2,2,2,1,1,1,1,3,1
3,264,0,1,1,7,2,2,3,1,2,1,1,2,0
31,264,0,2,1,4,2,1,3,1,1,1,1,2,0
2,266,0,1,6,0,2,2,1,2,2,1,1,3,1
2,307,0,2,1,7,2,1,2,1,2,1,1,3,1
2,266,0,2,1,2,2,2,1,1,3,1,1,2,0
2,266,0,1,3,4,2,1,1,1,2,1,1,2,0
12,292,0,1,6,7,2,1,1,1,1,1,1,3,1
5,265,0,2,2,4,2,1,2,1,2,1,1,3,1
7,141,0,2,1,2,2,2,1,1,1,1,1,3,1
108,169,0,2,6,7,1,3,2,3,1,1,1,2,0
1,265,0,2,1,6,2,2,2,2,2,1,1,2,0
2,78,307,2,1,2,2,1,1,1,2,1,1,3,1
4,141,0,2,5,0,3,1,2,1,2,1,1,2,0
24,307,0,2,5,0,2,1,3,1,1,1,1,4,1
7,266,0,2,1,7,2,3,1,3,2,1,1,1,0
2,307,0,2,1,2,2,2,1,2,2,1,1,3,1
48,82,0,1,1,2,2,1,1,1,1,1,1,0,0
2,307,0,1,1,7,2,2,1,1,2,1,1,4,1
1,307,0,1,2,0,1,2,1,2,2,1,1,3,1
4,307,0,2,2,7,3,2,1,2,2,1,2,4,1
2,266,0,3,7,0,1,2,1,2,2,1,3,4,1
24,266,0,2,1,7,2,1,1,1,1,1,1,3,1
3,307,0,1,2,7,2,2,2,1,2,1,1,3,1
1,266,0,2,4,0,2,2,1,2,2,1,1,1,0
4,307,0,1,2,7,2,2,1,1,3,1,1,2,0
2,266,0,1,2,7,2,2,1,1,2,1,1,2,0
24,179,0,1,2,0,1,3,2,3,2,1,1,3,1
2,307,0,3,1,2,2,1,1,1,3,1,3,2,0
5,266,285,3,1,2,1,1,1,1,1,1,2,3,1
72,205,307,2,2,5,1,3,2,3,3,1,1,2,0
8,266,0,1,1,5,2,1,1,1,1,1,2,4,1
2,307,0,1,5,7,2,2,1,1,2,1,1,3,1
4,103,0,3,1,2,3,1,2,1,3,1,2,3,1
36,179,0,2,1,7,1,3,2,3,3,1,1,2,0
3,265,0,1,3,7,2,2,2,1,2,1,1,4,1
4,207,307,2,5,0,2,1,2,1,1,1,1,2,0
2,307,307,1,1,2,2,2,1,1,2,1,1,4,1
1,307,0,1,1,2,2,2,1,2,2,1,4,4,1
2,307,0,3,2,4,2,2,1,2,3,1,2,3,1
2,307,307,1,1,2,2,1,2,1,2,1,1,1,0
7,265,0,2,6,0,1,1,2,1,1,1,1,3,1
14,307,0,1,1,2,2,1,2,1,1,1,1,4,1
1,307,0,2,1,2,2,2,2,1,2,1,1,3,1
5,251,265,2,1,7,2,2,2,2,2,1,1,1,0
24,266,0,1,1,0,2,2,1,2,1,1,1,4,1
24,307,44,2,2,0,3,1,1,1,1,1,1,3,1
60,266,0,2,6,7,2,3,2,3,3,1,1,2,0
3,307,0,3,1,4,2,2,2,2,2,1,2,2,0
2,307,0,2,4,5,2,2,1,1,2,1,1,1,0
2,307,0,1,2,7,2,1,1,1,2,1,1,2,0
1,307,0,2,5,7,2,2,1,2,2,1,2,1,0
78,218,205,1,1,7,2,3,2,3,3,1,1,4,1
1,265,264,1,3,7,2,2,2,2,2,1,1,1,0
1,265,0,2,2,5,1,1,1,1,2,1,1,1,0
4,307,0,1,2,0,2,1,2,1,2,1,1,4,1
12,307,0,1,2,0,2,3,2,3,3,1,1,2,0
2,265,0,2,4,0,1,2,2,1,3,1,1,3,1
4,307,307,3,2,5,2,2,1,2,2,1,5,3,1
2,307,307,3,1,2,2,2,2,2,2,1,9,4,1
24,266,0,2,6,0,1,1,2,1,2,1,1,1,0
2,307,307,1,1,2,2,1,1,1,2,1,1,2,0
1,307,0,2,1,2,2,2,2,2,2,1,2,2,0
3,266,0,2,6,7,2,2,1,2,2,1,1,1,0
4,307,307,1,2,5,2,1,1,1,2,1,1,3,1
3,307,0,3,1,2,2,2,1,2,2,1,4,3,1
8,265,266,3,2,6,2,1,1,1,1,1,3,4,1
2,265,0,2,1,7,2,2,2,2,2,1,1,3,1
1,307,0,2,2,7,2,2,1,2,3,1,1,2,0
36,266,0,2,1,4,2,2,1,2,2,1,1,4,1
5,307,0,1,5,7,2,1,2,1,2,1,1,2,0
24,266,0,3,1,3,1,2,1,2,1,1,6,4,1
1,264,285,3,1,7,2,2,2,2,2,1,4,1,0
18,145,0,1,2,7,1,1,2,1,1,1,1,1,0
4,292,266,3,4,5,2,1,2,1,2,1,2,3,1
12,307,0,2,1,0,2,1,1,2,3,1,1,4,1
4,307,0,2,5,0,2,1,2,1,2,1,1,3,1
3,265,0,1,7,0,2,2,2,2,2,1,1,2,0
6,266,266,1,4,0,2,2,1,2,2,1,1,2,0
2,265,0,2,7,0,1,3,2,3,3,1,1,1,0
2,307,0,1,2,0,2,1,1,1,2,1,1,2,0
24,264,0,1,1,0,2,1,3,1,1,1,1,1,0
2,42,205,2,1,7,1,1,2,1,2,1,1,1,0
2,307,307,3,1,4,2,2,1,2,2,1,5,4,1
1,266,0,3,1,4,1,1,1,1,1,1,9,2,0
4,266,241,1,1,0,2,1,1,1,2,1,1,3,1
12,266,0,1,1,7,2,1,1,1,1,1,1,1,0
3,299,0,1,1,0,2,3,1,3,3,1,1,2,0
3,299,265,2,1,2,2,2,2,1,2,1,1,4,1
8,307,0,2,2,0,2,1,1,1,1,1,1,4,1
9,299,266,2,2,3,2,2,1,2,2,1,1,3,1
4,307,218,2,2,7,2,2,2,2,2,1,1,4,1
0,266,0,2,1,0,1,2,1,2,2,1,1,2,0
16,265,266,3,3,4,2,1,2,1,2,1,3,2,0
12,266,266,1,3,7,2,1,1,1,1,1,2,4,1
5,266,0,1,1,0,2,1,1,1,2,1,1,3,1
4,266,299,1,1,6,2,1,1,1,2,1,1,3,1
2,307,0,1,2,0,2,2,2,3,2,1,1,2,0
28,276,0,3,4,6,4,1,3,1,2,1,2,4,1
14,260,247,1,3,7,1,2,3,2,2,1,1,2,0
12,266,266,1,7,0,2,2,1,1,2,1,1,4,1
3,266,0,3,1,2,2,1,1,1,2,1,3,2,0
1,299,0,3,2,6,1,2,1,2,2,1,5,3,1
3,307,307,3,1,2,2,1,1,1,2,1,5,4,1
2,307,0,1,2,5,2,1,2,1,2,1,1,2,0
1,103,152,1,6,0,2,2,2,1,2,1,1,2,0
1,307,0,1,2,0,2,1,1,1,2,1,1,3,1
24,266,0,2,1,4,3,1,1,1,1,1,2,4,1
2,266,0,3,2,3,1,2,2,2,2,1,3,2,0
3,307,307,2,1,2,2,1,2,1,2,1,4,1,0
3,307,0,3,1,2,2,2,1,1,2,1,4,4,1
2,266,0,2,1,2,1,1,1,1,2,1,5,2,0
60,205,218,1,5,7,1,1,2,1,1,1,1,3,1
48,207,0,2,6,0,1,1,2,1,1,1,1,2,0
2,265,0,3,1,4,2,2,2,3,3,1,2,4,1
1,266,266,3,1,6,2,2,1,1,3,1,5,4,1
4,265,0,1,6,7,2,2,2,2,2,1,1,3,1
2,307,0,1,1,0,2,2,1,2,2,1,3,0,0
5,266,0,2,3,0,2,1,1,1,2,1,1,1,0
2,179,218,2,2,7,2,2,2,2,2,1,1,2,0
1,307,0,2,5,0,2,2,2,2,2,1,1,1,0
14,266,0,2,1,2,2,2,1,2,1,1,1,4,1
2,307,0,2,2,0,2,2,2,1,2,1,1,4,1
1,266,0,3,4,7,1,2,1,2,2,1,2,1,0
7,266,0,1,1,0,1,1,1,1,1,1,1,4,1
60,266,0,1,4,7,2,1,1,1,1,1,1,3,1
2,264,265,1,1,7,1,1,2,1,2,1,1,2,0
9,307,0,2,2,0,1,2,1,2,2,1,2,4,1
2,265,0,2,1,4,2,2,2,2,2,1,1,3,1
2,307,0,2,1,2,2,2,1,2,2,1,2,1,0
2,266,0,1,6,7,2,1,1,2,2,1,1,1,0
2,292,265,2,2,5,2,2,2,2,2,1,1,2,0
24,307,0,2,1,0,2,1,2,1,2,1,1,3,1
2,307,0,2,1,2,2,1,2,1,2,1,1,2,0
2,307,0,2,1,2,2,2,1,2,2,1,1,4,1
12,307,0,2,2,5,2,1,1,1,1,1,1,4,1
36,128,0,1,2,7,2,1,1,1,2,1,1,4,1
1,307,0,2,2,0,2,2,1,2,2,1,1,4,1
12,266,0,1,7,0,2,1,1,1,1,1,1,4,1
12,292,266,1,2,5,3,2,1,2,2,1,1,2,0
3,266,0,1,4,0,1,2,1,2,2,1,1,1,0
1,299,266,3,4,5,2,2,1,2,2,1,2,1,0
3,307,0,3,5,7,1,1,1,1,2,1,5,4,1
1,307,0,3,1,2,1,1,1,1,2,1,3,3,1
4,264,285,2,1,3,1,2,3,1,2,1,1,4,1
5,247,292,3,5,0,2,2,2,2,3,1,3,4,1
48,299,0,1,1,2,3,1,1,1,2,1,1,2,0
13,307,0,2,1,2,2,1,1,1,1,1,1,2,0
4,266,0,3,3,6,2,2,1,1,2,1,9,4,1
3,266,0,1,1,0,2,1,1,1,2,1,1,3,1
24,307,0,2,1,2,2,1,1,1,1,1,1,2,0
3,264,285,1,4,0,2,2,3,1,2,1,1,2,0
2,307,0,1,2,3,2,3,1,3,2,1,5,4,1
8,265,0,2,1,2,2,1,2,1,2,1,1,2,0
1,307,0,2,2,7,3,2,1,2,2,1,1,0,0
3,307,0,2,2,7,2,3,1,3,2,1,1,3,1
9,285,264,1,1,3,3,2,3,2,2,1,2,4,1
1,265,0,3,2,4,1,2,2,1,2,1,5,3,1
37,111,307,1,1,2,4,1,1,1,1,1,1,1,0
8,307,0,1,3,0,3,1,1,1,3,1,1,4,1
8,288,265,2,3,7,2,2,2,1,2,1,1,2,0
60,69,0,1,1,2,2,1,2,1,1,1,1,2,0
40,250,0,2,1,0,2,3,2,1,2,1,1,4,1
6,292,266,1,3,0,2,2,2,2,2,1,1,2,0
18,213,307,1,7,0,2,1,2,1,1,1,1,2,0
36,292,302,2,1,2,2,2,1,1,2,1,2,4,1
1,307,0,3,1,2,2,2,1,2,2,1,6,2,0
3,307,0,1,2,0,2,1,1,1,2,1,1,3,1
3,141,109,2,3,5,2,3,1,1,2,1,1,0,0
12,265,0,2,1,0,3,3,2,3,3,1,1,3,1
3,293,265,1,3,6,1,2,3,2,2,1,1,1,0
12,266,0,1,7,0,3,1,1,1,1,1,1,2,0
2,307,307,1,1,7,2,2,1,2,2,1,1,1,0
1,266,254,2,1,2,2,2,1,1,2,1,1,3,1
2,307,0,3,2,5,2,3,1,1,2,1,5,4,1
2,307,0,2,5,0,2,1,2,1,2,1,1,2,0
15,307,0,1,1,2,2,1,1,1,1,1,1,4,1
1,15,307,2,5,0,2,2,1,2,2,1,1,1,0
2,307,0,3,1,2,2,2,2,2,2,1,3,3,1
13,307,0,2,1,2,2,3,1,3,1,1,1,4,1
12,266,292,2,2,5,3,1,2,1,2,1,2,3,1
2,307,0,1,2,0,2,2,1,2,2,1,1,2,0
2,307,307,3,2,4,1,2,1,2,3,1,6,4,1
15,265,0,2,7,0,2,2,2,1,2,1,1,2,0
2,265,0,2,3,6,2,1,2,1,2,1,1,3,1
2,266,0,1,2,5,2,2,1,2,2,1,1,3,1
36,307,141,2,5,0,2,2,1,1,1,1,1,2,0
3,241,242,1,6,7,1,2,1,1,2,1,1,2,0
9,265,0,2,4,7,3,2,1,1,1,1,1,3,1
5,307,307,3,1,2,2,1,2,1,1,1,9,4,1
9,307,0,1,2,0,2,1,2,1,1,1,1,3,1
2,266,0,2,2,3,2,2,1,1,2,1,1,3,1
2,266,292,1,1,7,2,2,1,2,2,1,1,2,0
2,266,0,2,1,3,1,2,1,1,2,1,1,2,0
3,224,307,1,1,2,2,2,2,1,2,1,1,1,0
4,266,0,2,6,7,1,2,1,1,2,1,1,2,0
2,307,0,2,1,0,2,2,1,1,2,1,1,3,1
20,292,264,3,1,2,2,1,3,1,2,1,5,1,0
1,307,0,2,1,7,2,2,2,2,2,1,1,1,0
2,307,189,1,1,2,2,2,1,2,2,1,2,2,0
1,265,0,2,5,0,1,2,2,2,2,1,1,1,0
14,266,0,1,1,7,3,2,1,2,2,1,1,4,1
5,265,0,2,2,7,2,1,2,1,2,1,1,2,0
1,283,0,3,1,6,2,2,1,2,2,1,2,1,0
12,75,307,2,2,7,2,3,1,3,1,1,1,2,0
12,266,247,2,1,2,3,1,1,1,1,1,1,4,1
2,285,0,2,3,0,2,2,3,1,2,1,1,1,0
6,307,0,1,6,0,2,3,1,3,3,1,1,4,1
72,20,20,1,1,2,2,1,2,1,2,1,1,3,1
12,307,0,2,5,7,2,2,1,2,1,1,1,4,1
108,307,0,1,4,7,2,1,1,1,1,1,1,2,0
2,307,0,2,1,2,2,1,1,1,2,1,1,4,1
8,266,0,2,7,0,2,3,1,3,3,1,1,2,0
2,307,307,3,1,2,2,2,2,2,2,1,3,4,1
0,218,307,2,1,7,2,1,2,1,2,1,1,3,1
19,179,0,1,2,3,2,1,2,1,2,1,1,1,0
2,307,307,1,1,0,2,2,1,2,2,1,1,1,0
3,265,0,1,3,4,1,3,2,3,3,1,1,1,0
24,109,0,2,4,5,2,2,2,2,1,1,1,1,0
2,285,264,2,1,2,2,2,3,1,2,1,1,1,0
3,265,0,1,1,7,1,2,2,2,2,1,1,1,0
2,266,0,3,1,2,2,2,1,2,2,1,2,0,0
12,307,0,2,2,4,1,1,1,1,1,1,1,4,1
1,266,0,2,1,7,2,2,1,2,2,1,1,4,1
10,307,0,1,1,0,2,1,1,1,3,1,1,4,1
4,306,266,1,1,7,3,2,1,1,2,1,1,2,0
2,265,0,2,2,4,1,2,2,2,2,1,2,1,0
2,265,0,3,1,6,2,2,2,2,2,1,9,4,1
60,141,307,1,1,2,2,2,2,2,2,1,1,4,1
8,141,0,1,4,0,3,1,1,1,2,1,1,2,0
2,266,256,2,2,0,3,2,1,2,2,1,3,1,0
3,266,0,2,1,3,2,1,1,1,2,1,1,3,1
2,307,189,1,1,0,3,2,1,2,2,1,2,0,0
15,307,307,1,2,0,2,1,1,1,1,1,1,4,1
3,307,0,1,2,4,2,1,1,1,3,1,1,4,1
1,307,307,1,5,0,2,2,2,1,2,1,1,2,0
5,265,0,2,2,5,1,2,2,2,2,1,1,2,0
2,307,0,2,1,7,2,2,2,2,2,1,1,1,0
108,266,0,1,1,2,2,3,1,3,1,1,1,4,1
6,266,0,1,7,0,2,1,1,1,1,1,1,4,1
3,307,141,3,1,2,2,3,1,3,3,1,3,3,1
4,266,0,2,2,3,1,2,1,2,2,1,1,3,1
1,307,0,2,1,2,2,2,2,1,2,1,2,2,0
3,307,0,1,2,0,2,3,2,3,3,1,1,0,0
4,307,0,2,1,2,2,1,1,1,2,1,3,4,1
2,307,0,1,1,2,2,1,1,1,2,1,1,4,1
36,141,0,1,5,0,2,1,1,1,2,1,1,1,0
1,307,0,2,1,2,2,2,3,2,2,1,1,2,0
1,307,26,2,1,2,3,1,2,1,2,1,1,2,0
1,307,0,1,1,2,2,3,1,1,2,1,1,2,0
2,264,265,1,6,7,1,2,2,1,2,1,1,2,0
1,265,0,3,1,5,2,2,2,2,2,1,2,2,0
2,266,265,1,2,7,2,2,2,1,2,1,2,3,1
1,266,0,1,1,6,2,3,1,3,3,1,1,1,0
10,297,0,2,6,0,2,1,2,1,1,1,1,2,0
6,266,0,1,2,7,1,1,1,1,1,1,1,4,1
4,307,0,2,2,3,2,1,2,1,2,1,1,1,0
3,299,0,2,6,0,2,2,2,1,2,1,1,2,0
24,307,307,2,1,0,2,1,2,1,1,1,1,4,1
2,265,0,1,6,0,1,3,2,3,3,1,2,2,0
36,299,0,2,1,3,2,1,1,1,1,1,3,4,1
3,307,307,3,1,2,2,2,2,2,2,1,6,4,1
3,307,307,3,1,2,2,2,1,2,2,1,6,3,1
4,266,0,1,1,0,2,2,1,2,2,1,1,1,0
7,307,14,1,1,5,2,1,2,1,1,1,1,3,1
1,265,0,2,1,7,1,2,2,1,2,1,1,4,1
12,141,103,3,1,5,2,1,2,3,1,1,2,2,0
4,307,0,2,3,4,2,1,1,1,2,1,1,2,0
24,307,0,2,2,7,2,1,1,1,1,1,1,4,1
5,299,0,1,3,7,2,1,1,1,2,1,1,2,0
3,266,266,2,1,6,1,2,1,2,2,1,1,2,0
3,266,0,1,1,6,2,1,1,1,2,1,1,2,0
17,266,0,1,4,0,2,1,1,1,2,1,1,4,1
1,265,0,2,6,0,1,2,2,2,2,1,3,3,1
24,285,0,1,3,4,3,3,3,3,3,1,1,0,0
3,307,0,2,1,2,2,2,2,1,2,1,1,4,1
55,266,0,1,4,7,3,1,1,1,1,1,3,4,1
3,266,0,2,6,7,2,2,1,2,2,1,1,1,0
1,307,0,1,1,2,2,2,1,1,2,1,4,2,0
60,169,205,2,2,3,1,1,2,1,2,1,1,2,0
3,307,0,3,1,0,2,2,1,2,2,1,3,2,0
5,243,0,2,3,4,2,3,1,3,2,1,1,4,1
1,266,0,3,3,5,1,2,1,2,2,1,2,1,0
3,307,307,2,7,0,2,2,1,2,2,1,1,3,1
2,307,0,2,1,4,2,2,1,1,2,1,1,1,0
2,307,307,2,1,7,2,2,2,1,2,1,1,1,0
5,266,0,2,3,7,1,2,1,2,2,1,1,4,1
4,218,307,1,5,0,2,1,1,1,1,1,1,3,1
1,307,0,2,1,2,2,3,1,3,2,1,1,2,0
1,307,0,2,2,0,2,1,1,1,2,1,1,3,1
2,276,299,2,2,5,2,2,3,2,2,1,1,1,0
2,307,0,2,1,2,1,1,2,1,2,1,1,3,1
2,307,307,2,1,2,2,2,2,1,2,1,1,2,0
17,283,0,2,2,3,2,1,1,1,2,1,1,4,1
1,307,0,3,1,2,2,2,1,1,2,1,4,2,0
2,307,0,2,5,7,2,2,2,2,2,1,1,1,0
36,266,0,1,2,7,3,1,1,1,1,1,1,1,0
48,307,307,1,2,0,2,1,2,1,2,1,1,4,1
6,128,307,2,2,7,2,1,2,1,1,1,1,3,1
2,292,252,1,2,5,2,2,1,1,2,1,1,2,0
3,307,0,2,1,2,2,1,1,1,2,1,1,3,1
9,285,265,1,3,4,2,2,2,1,2,1,1,2,0
2,266,0,1,4,7,1,2,1,2,2,1,1,3,1
0,307,0,1,1,2,2,1,2,1,2,1,2,1,0
96,109,0,1,3,0,3,1,3,1,1,1,1,2,0
5,307,0,3,1,2,2,3,1,3,3,1,2,3,1
36,307,0,2,5,0,3,1,1,1,1,1,1,4,1
3,285,0,2,1,3,2,2,3,1,2,1,1,4,1
3,265,0,1,3,7,1,2,2,2,2,1,1,1,0
48,266,0,1,6,7,2,1,1,1,1,1,1,2,0
3,307,0,1,2,0,2,1,1,1,2,1,1,3,1
1,266,0,2,2,0,1,2,1,1,2,1,6,1,0
5,266,0,1,1,7,1,1,2,1,2,1,1,3,1
0,266,0,3,6,0,1,2,1,2,2,1,3,3,1
1,201,218,3,6,0,2,2,2,3,2,1,7,4,1
2,307,0,1,1,2,2,2,1,2,2,1,1,1,0
4,249,266,3,2,0,2,2,1,2,2,1,4,4,1
12,307,0,2,5,7,2,1,1,1,1,1,1,3,1
18,266,0,2,1,2,2,1,2,1,1,1,1,4,1
3,266,0,1,1,0,2,3,1,1,2,1,1,2,0
2,265,0,2,6,7,1,2,2,1,2,1,1,2,0
2,307,141,1,2,7,2,2,2,2,2,1,1,1,0
2,307,0,3,1,4,2,2,1,2,2,1,6,2,0
2,266,0,2,1,4,2,2,1,2,2,1,2,1,0
24,307,0,2,1,5,2,1,1,1,1,1,1,4,1
12,266,0,2,1,4,2,2,1,2,2,1,1,4,1
24,292,299,2,4,7,2,1,1,1,1,1,1,3,1
4,307,307,1,2,0,2,1,2,1,2,1,1,2,0
2,266,0,3,2,6,2,2,1,2,2,1,2,2,0
10,76,307,2,1,7,2,1,1,1,1,1,1,4,1
18,307,0,2,1,2,3,3,2,3,3,1,1,3,1
5,288,266,2,4,6,2,2,1,1,2,1,1,2,0
24,307,0,1,2,0,2,3,2,3,1,1,1,4,1
3,307,0,3,2,6,2,1,1,1,2,1,2,4,1
1,307,0,2,2,0,2,2,1,2,2,1,1,2,0
2,266,0,2,4,6,1,3,1,3,3,1,3,3,1
8,307,0,2,1,7,2,1,1,1,1,1,1,2,0
2,307,0,2,1,2,2,3,1,3,2,1,1,3,1
17,264,0,2,1,0,2,1,3,1,2,1,1,1,0
1,307,152,3,1,2,2,2,1,2,2,1,6,3,1
1,307,0,3,1,2,1,1,2,1,2,1,4,3,1
6,299,0,1,6,0,2,2,1,1,2,1,1,4,1
5,266,0,1,1,0,2,2,1,1,2,1,1,1,0
4,265,0,1,6,7,2,2,2,2,2,1,1,1,0
4,307,0,2,2,0,2,1,1,1,1,1,1,4,1
3,266,0,1,1,2,1,2,2,2,2,1,1,2,0
4,299,299,3,1,0,2,2,2,2,2,1,3,4,1
1,307,0,3,1,2,2,3,2,3,2,1,6,3,1
1,307,307,3,1,2,2,2,2,2,2,1,5,4,1
2,307,0,1,3,0,2,2,1,1,1,1,1,3,1
1,266,0,3,1,2,1,2,1,2,2,1,5,1,0
2,307,0,1,7,0,2,3,1,1,2,1,1,3,1
18,20,307,2,2,7,2,1,1,1,1,1,1,0,0
1,266,0,2,2,5,2,2,1,2,2,1,1,3,1
2,307,0,2,2,7,2,1,1,1,2,1,2,1,0
2,307,78,2,1,2,2,1,1,1,1,1,1,4,1
30,307,0,1,1,2,2,3,1,3,3,1,1,3,1
2,265,0,1,1,7,1,2,2,1,2,1,1,3,1
12,264,264,1,1,0,2,2,3,2,3,1,1,1,0
12,307,0,2,2,7,2,2,2,1,1,1,1,2,0
2,266,0,2,1,7,2,2,1,2,2,1,1,2,0
96,78,0,1,1,0,3,1,1,1,2,1,1,4,1
8,307,0,1,3,5,2,1,1,1,2,1,1,3,1
2,307,0,3,2,5,2,1,1,1,2,1,2,3,1
2,266,0,1,2,3,2,1,2,1,2,1,1,2,0
12,283,0,2,2,5,1,1,1,1,1,1,1,4,1
4,266,266,2,1,3,2,2,2,2,2,1,1,3,1
1,266,0,2,7,0,1,3,1,1,2,1,1,1,0
24,266,0,1,2,7,2,1,1,1,2,1,1,3,1
0,265,0,2,7,0,1,2,2,1,2,1,1,1,0
2,218,307,1,2,5,2,2,1,1,2,1,1,2,0
3,218,205,1,1,2,1,1,2,1,2,1,1,1,0
1,266,0,1,1,5,2,2,1,2,2,1,1,2,0
1,307,307,1,2,0,2,1,1,1,2,1,1,3,1
2,307,0,1,5,0,2,1,2,1,2,1,1,3,1
1,109,200,1,3,0,2,2,2,2,3,1,1,1,0
4,266,0,1,1,6,2,1,1,1,2,1,1,2,0
3,264,0,2,2,6,2,2,3,1,2,1,1,2,0
1,307,0,2,2,7,2,2,1,2,2,1,1,0,0
5,266,0,2,2,3,1,1,2,1,2,1,1,4,1
6,307,0,2,1,3,1,2,2,2,2,1,1,4,1
4,200,307,2,2,0,1,3,1,3,3,1,1,2,0
5,307,0,2,2,7,2,2,1,2,2,1,1,1,0
4,265,265,1,1,7,2,2,2,1,2,1,1,4,1
1,266,0,1,1,6,1,2,1,2,2,1,1,2,0
3,265,0,1,5,7,1,2,2,2,2,1,1,1,0
5,266,0,2,3,0,2,2,1,2,2,1,1,1,0
2,266,0,1,1,2,1,2,1,2,2,1,1,1,0
1,307,0,2,1,3,2,2,2,1,2,1,1,1,0
1,307,0,3,7,0,3,2,2,2,2,1,2,3,1
3,213,307,2,1,7,2,3,1,1,2,1,3,2,0
12,307,0,1,2,0,3,1,2,1,3,1,1,4,1
48,307,0,2,1,2,2,1,1,1,1,1,2,3,1
8,307,0,2,1,0,2,1,2,1,1,1,1,4,1
2,307,150,1,1,2,2,1,1,1,2,1,2,2,0
1,307,0,1,3,0,1,2,1,2,3,1,1,4,1
24,49,0,3,2,7,2,1,1,1,1,1,2,1,0
3,307,0,2,2,0,3,1,2,1,2,1,1,3,1
2,307,0,2,5,0,2,3,2,1,2,1,1,4,1
2,213,307,2,1,7,1,2,2,2,2,1,3,1,0
36,205,307,1,1,5,1,3,1,3,3,1,1,1,0
4,254,266,2,1,2,2,1,1,1,1,1,1,2,0
2,307,0,2,1,7,1,2,1,1,2,1,1,4,1
2,265,0,1,2,0,3,2,2,1,3,1,1,0,0
36,307,307,1,6,0,1,3,2,3,1,1,2,3,1
2,307,0,2,1,2,2,3,1,3,2,1,1,2,0
84,128,0,2,2,7,2,1,1,1,1,1,1,3,1
12,266,0,1,2,0,2,1,1,3,1,1,1,4,1
7,307,75,3,1,5,1,1,1,1,2,1,2,4,1
3,307,0,2,2,5,2,2,2,2,2,1,3,4,1
2,307,0,3,1,0,2,2,2,3,2,1,6,2,0
12,307,0,2,2,7,1,1,1,1,1,1,1,4,1
0,265,0,3,1,0,1,2,2,2,2,1,3,1,0
42,307,0,2,1,2,1,1,1,1,1,1,1,4,1
6,289,0,1,1,2,2,3,1,3,2,1,1,1,0
60,109,0,1,3,5,3,1,3,1,1,1,1,1,0
4,265,0,2,1,2,2,1,2,1,3,1,1,1,0
2,266,0,2,3,0,1,2,1,1,2,1,1,2,0
2,307,307,2,2,7,2,2,1,2,2,1,1,2,0
2,266,0,2,1,7,2,2,1,2,2,1,1,3,1
5,289,303,2,3,6,2,1,1,1,2,1,1,2,0
5,70,18,1,5,7,2,1,1,1,1,1,1,3,1
0,307,0,2,1,7,2,2,1,1,2,1,1,2,0
1,307,0,2,1,2,3,2,1,2,2,1,1,2,0
5,266,254,2,1,2,1,2,1,1,1,1,1,3,1
2,247,265,1,1,6,1,2,2,1,2,1,1,1,0
0,266,266,3,1,2,2,2,1,2,2,1,5,2,0
3,266,0,2,6,7,2,2,2,1,2,1,1,1,0
24,307,0,1,3,0,2,1,2,1,2,1,1,4,1
6,102,0,2,1,2,1,2,1,2,2,1,1,3,1
1,39,0,2,1,5,2,2,2,2,2,1,1,1,0
24,266,0,2,1,2,3,1,2,1,1,1,1,1,0
1,245,0,2,1,7,2,3,1,3,3,1,1,4,1
1,307,0,1,1,7,2,2,2,2,2,1,1,1,0
36,75,307,2,2,0,1,3,2,3,3,1,1,4,1
5,266,0,3,7,0,2,2,1,1,2,1,2,3,1
3,266,0,2,4,7,2,2,1,2,2,1,1,3,1
6,152,307,1,1,2,1,2,1,1,2,1,1,4,1
19,285,0,2,1,6,3,1,3,1,2,1,1,1,0
2,285,265,1,7,0,2,2,3,1,2,1,1,2,0
1,307,0,1,2,3,2,2,1,2,2,1,1,4,1
0,307,0,2,1,2,1,2,1,2,2,1,1,1,0
3,265,0,3,1,3,1,1,2,1,2,1,5,2,0
4,76,0,2,1,7,2,2,1,2,2,1,1,4,1
2,307,0,2,1,2,2,1,2,1,2,1,1,1,0
1,266,0,3,1,6,2,2,1,2,2,1,5,2,0
1,307,0,3,1,5,2,3,1,3,3,1,2,4,1
24,266,0,2,1,2,2,1,1,1,2,1,1,4,1
15,266,0,1,3,7,3,1,1,1,1,1,1,3,1
5,307,0,1,1,2,3,2,1,2,2,1,1,4,1
4,218,307,3,4,5,2,1,1,1,2,1,2,3,1
12,285,285,1,7,0,2,1,1,2,3,1,1,4,1
3,266,0,2,2,6,2,1,1,1,2,1,1,2,0
48,195,0,1,5,7,1,1,2,1,1,1,1,2,0
8,307,307,2,7,0,2,1,1,1,1,1,1,2,0
2,307,0,2,1,2,2,1,1,1,2,1,1,1,0
18,307,117,2,1,3,2,1,1,1,1,1,1,4,1
4,265,0,2,1,4,3,2,2,2,3,1,1,2,0
6,265,0,1,1,2,2,2,2,1,1,1,1,2,0
2,307,0,2,1,2,2,3,1,3,3,1,2,2,0
1,266,0,3,1,4,1,2,1,2,2,1,3,4,1
9,307,0,2,2,0,2,1,1,2,1,1,1,4,1
2,266,0,1,6,0,2,2,1,1,2,1,2,0,0
2,307,307,2,2,0,2,2,2,1,2,1,1,1,0
12,307,0,2,4,0,2,1,1,1,1,1,1,4,1
5,307,0,2,4,7,2,2,2,1,2,1,1,4,1
36,285,0,2,1,2,2,2,3,2,1,1,1,2,0
15,266,0,1,1,2,2,2,1,2,2,1,1,2,0
1,307,307,1,5,0,2,2,2,2,2,1,1,1,0
36,307,0,1,2,0,2,1,1,1,1,1,1,4,1
12,307,0,1,2,7,1,2,1,1,2,1,1,2,0
22,265,0,2,1,0,2,1,2,1,1,1,1,4,1
1,307,307,1,2,0,2,2,2,1,2,1,1,2,0
1,307,0,2,1,7,2,2,1,2,2,1,1,2,0
48,205,179,1,7,0,1,1,1,1,2,1,1,4,1
2,266,266,3,1,3,2,2,1,2,2,1,5,2,0
2,307,0,2,1,0,2,2,2,2,2,1,1,2,0
2,307,0,2,1,0,2,2,2,2,2,1,1,2,0
2,307,0,2,1,2,2,2,2,2,2,1,1,1,0
4,266,0,1,3,7,1,2,1,1,2,1,1,3,1
38,307,0,2,1,0,1,1,2,1,1,1,1,4,1
48,307,0,1,1,2,2,1,2,1,1,1,1,2,0
0,299,0,3,1,5,2,2,1,2,2,1,3,1,0
6,179,0,2,2,5,2,1,1,1,2,1,1,1,0
26,152,0,2,2,0,1,1,2,1,2,1,1,4,1
1,307,0,3,1,2,3,2,1,2,2,1,4,1,0
60,265,264,3,1,4,2,1,2,1,1,1,2,4,1
6,307,0,2,1,2,2,1,1,1,1,1,1,3,1
24,307,0,2,2,0,2,3,1,3,3,1,1,1,0
12,251,285,1,1,6,3,3,2,3,3,1,1,1,0
3,266,0,2,4,6,2,1,1,1,1,1,1,4,1
96,179,147,2,7,0,1,1,2,1,3,1,1,2,0
1,266,0,3,1,2,1,2,1,2,2,1,3,1,0
1,307,307,2,1,2,2,1,2,1,2,1,1,2,0
10,265,0,1,4,7,3,1,2,1,2,1,1,3,1
1,206,189,1,1,5,1,2,2,2,2,1,1,2,0
6,189,0,1,1,3,3,1,1,1,1,1,1,4,1
2,266,0,2,7,0,2,2,1,2,2,1,1,1,0
4,307,0,1,1,7,2,1,1,1,2,1,1,4,1
18,266,0,1,1,0,3,1,1,1,2,1,1,4,1
2,266,0,2,7,0,2,1,1,1,2,1,1,3,1
3,307,0,3,1,0,2,1,1,1,2,1,3,3,1
1,307,0,1,1,2,2,2,2,1,2,1,1,2,0
2,266,0,2,1,0,2,1,1,1,2,1,1,2,0
12,307,0,2,1,3,2,1,2,1,1,1,1,3,1
9,307,307,1,1,0,2,2,2,1,2,1,1,2,0
12,292,265,1,1,7,2,2,2,2,2,1,1,3,1
24,307,0,1,2,7,2,3,1,3,3,1,1,4,1
2,307,0,3,1,2,2,2,1,2,2,1,7,4,1
2,307,0,1,1,2,2,2,1,2,2,1,2,1,0
5,265,0,1,4,7,2,1,1,1,2,1,1,3,1
10,307,0,1,1,0,2,1,1,2,3,1,1,3,1
1,265,0,1,1,6,2,2,2,2,2,1,1,3,1
2,148,0,1,1,2,2,2,1,2,2,1,1,1,0
2,299,266,1,3,0,3,2,2,1,2,1,1,1,0
3,265,265,3,1,2,2,2,2,2,2,1,2,2,0
2,173,307,3,1,2,2,2,1,2,2,1,3,2,0
6,266,0,2,2,0,2,1,1,1,2,1,1,2,0
12,195,307,1,2,0,1,1,1,1,2,1,1,4,1
2,266,0,3,5,6,1,2,1,2,2,1,5,2,0
4,307,0,2,1,0,2,2,1,1,2,1,1,4,1
1,307,0,1,1,2,2,2,1,1,2,1,1,3,1
4,266,0,1,1,0,2,2,1,2,2,1,1,3,1
2,88,307,2,2,7,2,3,1,3,2,1,1,3,1
12,75,307,2,1,2,2,1,2,1,3,1,3,3,1
1,265,0,2,1,0,1,2,2,2,2,1,1,1,0
1,307,307,2,1,2,2,2,2,2,2,1,1,3,1
3,265,0,3,1,2,2,2,2,2,2,1,2,1,0
12,247,0,1,2,0,2,1,2,1,2,1,1,3,1
2,266,0,2,1,4,2,2,1,1,2,1,4,2,0
7,283,292,1,5,7,2,3,1,1,1,1,1,2,0
1,254,0,2,1,4,3,2,2,2,2,1,1,1,0
2,266,265,2,6,7,2,2,1,2,2,1,1,1,0
48,205,0,2,2,5,2,1,2,1,2,1,1,1,0
2,307,0,2,1,2,2,3,1,3,2,1,1,0,0
1,307,307,2,1,4,1,2,2,2,2,1,1,1,0
2,266,0,2,1,2,2,1,1,1,2,1,1,2,0
5,265,0,2,1,4,2,2,2,1,1,1,1,1,0
1,307,0,2,2,7,2,1,1,1,2,1,1,3,1
5,266,0,2,7,0,2,1,1,1,1,1,1,2,0
2,307,0,2,1,2,2,2,2,1,2,1,1,2,0
1,266,0,2,1,4,1,2,1,2,2,1,1,4,1
36,109,307,1,3,0,2,1,2,1,1,1,1,3,1
6,307,307,3,1,2,2,3,2,3,3,1,5,4,1
27,307,0,2,2,7,2,1,2,1,1,1,1,4,1
1,307,0,3,1,2,2,2,1,2,2,1,4,1,0
6,307,0,2,2,0,2,1,1,1,1,1,1,2,0
36,266,0,1,1,2,2,1,1,1,1,1,1,4,1
2,307,0,3,2,5,3,1,1,1,2,1,6,4,1
7,266,0,1,1,6,2,1,1,1,1,1,1,2,0
2,265,0,2,2,7,2,2,1,2,2,1,1,1,0
64,109,0,1,2,3,3,1,2,1,2,1,1,2,0
2,307,307,1,2,7,2,1,1,1,2,1,1,2,0
24,264,265,2,2,6,1,2,2,2,2,1,5,1,0
60,307,0,2,1,0,2,1,2,1,1,1,1,2,0
72,307,14,2,1,2,2,1,3,1,1,1,1,4,1
2,265,0,1,1,7,2,1,2,1,2,1,1,2,0
2,307,307,3,2,4,2,1,1,1,2,1,2,4,1
108,179,0,2,7,0,1,1,3,1,1,1,1,2,0
48,307,0,2,5,7,2,1,1,1,1,1,1,4,1
0,266,0,1,1,7,2,2,1,2,2,1,1,3,1
2,307,307,2,2,0,2,1,2,1,2,1,1,2,0
2,307,0,1,2,0,2,2,1,1,2,1,1,2,0
14,285,0,2,6,0,2,1,2,1,2,1,1,0,0
2,307,0,2,1,2,2,1,2,1,2,1,1,2,0
2,307,0,2,1,2,2,1,1,1,2,1,1,2,0
1,266,0,1,5,7,1,2,1,2,2,1,1,4,1
3,295,0,1,7,0,1,3,1,3,3,1,1,2,0
12,292,265,3,1,2,2,1,2,1,1,1,4,2,0
1,307,0,1,2,7,2,3,2,3,3,1,1,1,0
24,231,0,1,7,0,1,3,3,1,3,1,1,3,1
3,307,307,1,1,0,2,2,1,2,2,1,1,1,0
2,307,0,2,3,0,2,2,1,2,2,1,1,3,1
2,307,307,3,1,2,2,1,2,1,2,1,3,3,1
2,266,0,2,6,7,2,2,1,1,2,1,1,1,0
96,109,0,1,3,0,3,1,3,1,1,1,1,2,0
2,265,0,1,1,7,1,2,2,2,2,1,3,2,0
60,24,0,1,2,0,2,3,2,1,2,1,1,2,0
6,266,0,1,4,7,2,1,1,1,1,1,1,4,1
2,307,0,2,1,2,2,2,1,2,2,1,1,3,1
1,303,0,2,1,2,1,2,2,2,2,1,1,0,0
1,292,0,2,2,5,2,2,1,2,2,1,4,2,0
1,141,307,1,1,7,2,2,1,2,2,1,1,1,0
4,265,0,2,7,0,2,2,2,2,2,1,1,1,0
1,307,218,2,1,7,2,2,1,2,2,1,1,2,0
17,117,307,2,3,0,2,1,1,1,1,1,1,3,1
3,307,0,2,2,7,2,2,2,2,2,1,1,2,0
3,292,0,1,7,0,2,2,1,2,2,1,1,3,1
0,307,0,1,1,0,1,3,1,3,3,1,1,4,1
2,266,0,1,2,3,2,2,1,2,2,1,1,1,0
4,266,0,3,2,4,1,1,1,1,2,1,3,2,0
3,266,299,1,1,2,1,2,1,2,1,1,1,1,0
2,266,0,2,2,6,2,2,1,2,2,1,1,2,0
4,265,266,1,1,4,2,2,2,1,2,1,4,2,0
5,266,0,1,3,7,1,2,1,2,2,1,1,4,1
12,266,0,2,6,0,1,3,1,1,2,1,1,4,1
4,266,0,1,4,7,2,1,1,1,1,1,1,4,1
4,266,0,2,1,7,1,1,2,1,2,1,1,0,0
3,266,0,2,1,4,1,2,2,2,2,1,1,4,1
6,254,0,2,2,4,2,2,1,2,1,1,1,2,0
24,307,0,1,2,7,2,3,3,3,3,1,1,2,0
2,307,0,2,1,0,2,2,1,1,2,1,1,2,0
4,266,0,2,1,2,2,2,1,1,2,1,1,0,0
4,266,0,2,1,0,2,2,1,2,2,1,1,1,0
36,301,266,2,1,2,2,1,1,1,1,1,1,3,1
12,266,0,2,1,2,2,1,2,1,1,1,1,3,1
2,254,0,2,1,4,1,2,1,2,2,1,1,4,1
9,285,264,2,2,4,1,1,3,1,2,1,1,2,0
3,266,0,1,4,7,2,2,1,2,2,1,1,2,0
2,307,0,1,2,7,2,2,1,2,2,1,1,1,0
2,307,0,2,1,0,1,2,1,2,2,1,1,2,0
7,266,0,2,6,7,2,2,1,2,3,1,2,4,1
31,307,0,2,1,2,2,1,2,1,1,1,2,2,0
3,26,307,1,1,2,2,1,1,1,2,1,1,1,0
18,218,307,1,5,7,2,1,2,1,2,1,1,4,1
7,292,266,1,2,5,2,1,1,1,1,1,1,2,0
2,265,0,1,3,4,1,2,2,1,2,1,1,2,0
12,266,0,1,6,0,2,2,1,2,2,1,1,2,0
60,307,147,2,7,0,2,1,3,1,2,1,1,2,0
2,76,0,1,1,7,3,1,1,1,2,1,1,1,0
2,307,307,1,2,0,2,1,2,1,2,1,1,1,0
2,307,0,1,1,0,2,1,1,1,2,1,1,2,0
2,266,0,2,1,3,1,1,1,1,2,1,1,3,1
24,5,307,2,3,5,2,1,2,1,1,1,1,4,1
12,218,0,2,5,0,1,1,3,1,1,1,1,3,1
1,277,299,1,1,2,2,2,1,1,2,1,1,2,0
6,266,0,1,7,0,2,1,1,1,2,1,1,1,0
6,266,0,2,1,2,2,1,2,1,1,1,1,1,0
10,39,159,2,1,7,2,1,2,1,1,1,1,3,1
3,307,0,1,2,0,2,2,1,2,2,1,1,1,0
1,307,0,2,2,3,1,1,1,2,2,1,1,4,1
1,266,0,2,2,5,2,2,1,1,3,1,1,1,0
12,266,0,3,1,3,1,2,1,2,2,1,5,1,0
2,307,307,2,2,0,2,1,2,1,2,1,1,1,0
2,307,0,2,2,0,2,3,1,3,3,1,1,4,1
2,266,0,3,1,4,1,2,1,2,2,1,3,1,0
14,265,265,2,4,6,2,2,2,1,2,1,1,2,0
2,266,0,1,1,2,3,1,1,1,2,1,1,4,1
2,307,307,2,2,7,2,1,2,1,2,1,1,3,1
6,266,299,2,6,0,2,3,1,3,3,1,1,2,0
60,213,0,2,2,3,2,1,3,1,2,1,1,3,1
1,266,0,1,1,5,1,2,1,2,2,1,1,3,1
4,103,189,1,1,2,2,3,1,3,2,1,1,2,0
8,307,0,2,3,0,2,1,1,1,1,1,1,2,0
24,307,117,2,3,5,2,1,1,1,1,1,1,4,1
22,76,0,2,2,7,2,1,1,1,1,1,1,0,0
2,307,0,1,2,3,2,1,2,1,2,1,1,2,0
7,109,0,1,3,0,3,1,2,1,1,1,1,1,0
2,266,299,3,2,3,1,2,1,2,2,1,2,2,0
2,218,307,2,1,2,2,2,1,1,2,1,1,3,1
1,266,292,2,5,6,2,2,2,2,2,1,1,0,0
3,307,0,2,1,5,2,2,1,2,2,1,1,2,0
2,307,0,2,2,3,2,2,2,2,2,1,3,4,1
2,141,307,2,1,0,3,2,2,2,2,1,1,3,1
12,307,0,2,2,3,2,3,2,1,3,1,1,2,0
3,102,307,2,1,2,2,2,2,2,2,1,1,2,0
4,307,0,2,1,2,2,1,1,1,2,1,1,2,0
15,299,299,2,4,0,2,1,1,2,2,1,3,1,0
2,266,0,1,4,7,2,2,1,1,2,1,1,1,0
14,299,0,1,3,0,2,3,1,3,1,1,1,4,1
4,266,0,2,1,2,2,2,1,1,2,1,1,2,0
60,179,0,2,2,0,1,1,2,1,1,1,1,3,1
1,70,307,2,2,5,2,2,1,2,2,1,1,1,0
24,266,0,1,1,7,2,1,1,1,1,1,1,1,0
2,307,307,2,1,2,2,2,1,2,2,1,2,4,1
6,102,307,2,1,0,2,3,1,3,2,1,1,1,0
24,109,0,2,3,0,2,1,2,1,2,1,1,0,0
48,103,307,2,1,2,3,1,1,1,1,1,1,2,0
1,307,307,1,1,0,2,2,2,1,2,1,1,1,0
1,307,307,2,2,7,2,2,2,1,2,1,1,1,0
12,266,0,2,1,7,2,3,1,3,3,1,1,2,0
3,307,307,2,2,0,2,1,2,1,2,1,1,3,1
36,44,307,1,1,2,3,1,1,1,1,1,1,3,1
17,265,0,2,7,0,3,3,2,3,2,1,1,1,0
6,307,307,1,1,0,2,2,1,2,2,1,1,3,1
14,265,0,1,1,5,3,1,2,1,2,1,1,1,0
3,266,0,2,3,4,1,2,1,2,2,1,1,3,1
3,307,0,2,2,0,2,2,1,2,2,1,1,2,0
1,285,0,3,1,2,2,2,3,2,3,1,4,1,0
1,141,307,1,1,2,2,2,1,1,2,1,1,3,1
2,266,0,3,1,4,2,2,1,2,2,1,4,3,1
4,307,0,1,1,7,1,1,1,1,2,1,1,4,1
12,292,0,2,2,5,2,1,2,1,2,1,1,3,1
2,266,0,3,1,2,2,2,1,1,2,1,3,2,0
1,283,0,2,4,7,1,2,1,2,2,1,1,1,0
12,266,0,1,4,0,2,1,1,1,3,1,1,3,1
36,189,0,1,1,5,3,1,1,1,1,1,1,2,0
32,178,0,1,2,4,2,1,2,1,1,1,1,1,0
3,307,0,2,1,7,1,3,2,3,3,1,1,1,0
14,307,0,2,2,5,1,1,1,1,1,1,1,3,1
48,128,0,1,2,7,1,1,1,1,2,1,1,3,1
15,243,243,3,1,6,2,1,2,1,1,1,2,3,1
24,276,0,1,1,6,3,3,3,3,3,1,1,3,1
2,307,0,3,1,2,2,3,2,3,3,1,6,2,0
1,173,307,2,1,2,2,2,1,2,2,1,7,2,0
4,307,0,1,1,7,2,1,1,1,2,1,2,3,1
48,119,0,2,1,7,2,1,2,1,1,1,1,2,0
2,307,0,2,2,0,2,1,1,1,2,1,1,3,1
1,307,0,1,2,0,2,2,1,2,2,1,1,4,1
2,266,0,2,1,2,1,2,1,2,2,1,1,2,0
3,307,0,2,1,7,2,1,1,1,2,1,1,3,1
2,266,0,2,1,2,2,2,2,1,2,1,1,2,0
1,307,0,3,1,2,1,2,2,2,2,1,6,4,1
2,266,0,1,1,2,1,2,1,2,2,1,1,2,0
72,205,0,1,2,5,1,1,2,1,1,1,1,2,0
7,265,0,1,2,7,3,2,2,3,2,1,1,2,0
5,265,266,1,3,4,2,3,2,3,3,1,1,2,0
24,307,0,1,2,6,3,1,3,1,2,1,1,0,0
36,307,0,2,2,7,2,1,2,1,2,1,1,4,1
1,265,0,3,3,7,1,2,2,2,2,1,5,4,1
1,307,0,2,1,2,2,2,2,2,2,1,1,2,0
24,117,307,2,2,0,2,1,1,1,1,1,1,4,1
17,307,0,2,5,0,3,1,1,1,1,1,1,3,1
1,266,0,3,1,4,2,2,1,1,2,1,4,2,0
3,307,0,3,5,0,2,1,1,1,1,1,3,4,1
4,285,266,1,5,7,1,1,1,1,2,1,1,1,0
2,307,0,2,1,2,2,1,1,1,2,1,1,4,1
3,266,0,2,1,7,2,1,1,1,2,1,1,2,0
1,307,307,1,1,2,2,2,2,1,2,1,1,1,0
2,307,0,1,1,7,2,2,1,2,2,1,1,1,0
3,141,307,2,1,0,3,1,1,1,2,1,1,1,0
10,307,307,1,2,0,2,2,1,2,2,1,1,2,0
3,307,0,2,1,2,2,1,2,1,2,1,1,2,0
2,307,0,2,7,0,2,2,1,2,2,1,1,2,0
6,266,0,1,1,2,2,2,2,2,2,1,1,4,1
8,141,0,2,3,0,3,1,1,1,2,1,1,2,0
8,307,0,1,4,5,3,1,1,1,1,1,1,4,1
3,307,0,1,1,2,3,2,1,2,2,1,5,4,1
2,307,0,1,1,2,2,1,1,1,2,1,1,3,1
2,266,299,1,1,7,2,1,1,1,2,1,1,3,1
12,266,0,2,1,4,2,2,1,2,2,1,6,2,0
3,266,0,3,1,6,2,2,1,2,2,1,5,3,1
1,265,0,2,3,5,2,2,2,2,2,1,1,2,0
2,299,264,1,1,7,2,2,3,2,2,1,1,3,1
6,292,285,1,2,7,2,2,3,2,2,1,1,3,1
1,299,0,1,6,0,2,2,2,2,2,1,1,2,0
48,205,0,1,1,7,1,3,2,1,2,1,1,3,1
0,307,307,3,2,7,2,3,1,3,3,1,2,4,1
4,299,0,1,4,7,2,1,1,1,3,1,1,3,1
2,300,0,1,4,0,1,1,1,1,1,1,1,2,0
2,307,307,2,5,0,2,1,2,1,2,1,1,1,0
48,307,307,2,1,2,2,3,2,3,3,1,9,4,1
4,266,0,1,1,2,2,2,2,2,2,1,1,4,1
60,266,0,1,3,7,2,1,1,1,1,1,1,3,1
4,251,292,3,1,0,2,1,1,1,2,1,2,1,0
2,307,0,1,2,5,2,2,1,1,2,1,1,2,0
24,307,0,1,2,0,3,1,1,1,1,1,1,4,1
2,265,0,2,1,4,1,2,2,1,2,1,1,1,0
2,266,0,1,4,7,1,2,1,2,2,1,1,3,1
1,266,0,3,2,6,1,2,1,2,2,1,2,3,1
1,299,0,2,1,2,1,2,1,1,2,1,1,1,0
36,266,292,2,2,0,3,1,2,1,1,1,2,4,1
2,307,0,2,2,7,2,1,2,2,2,1,1,4,1
5,266,0,1,1,0,2,3,1,3,2,1,1,4,1
3,307,307,1,2,0,3,2,1,2,3,1,1,2,0
2,307,0,2,1,2,2,2,2,2,2,1,1,3,1
24,103,307,2,1,2,2,1,1,1,2,1,1,4,1
12,307,0,2,1,7,2,3,3,3,3,1,1,4,1
3,266,0,1,1,0,2,2,1,2,2,1,1,2,0
1,307,0,3,1,2,2,2,1,2,2,1,9,2,0
1,307,0,1,1,2,2,3,1,1,2,1,1,2,0
3,264,251,1,5,6,2,1,2,1,2,1,1,0,0
2,307,0,1,1,2,1,2,1,2,2,1,1,1,0
4,307,0,2,1,0,2,1,1,1,2,1,1,1,0
2,265,0,2,1,6,2,2,2,1,2,1,1,3,1
2,266,0,1,1,7,1,2,1,2,2,1,1,1,0
3,266,0,1,1,7,2,3,1,1,3,1,1,1,0
84,240,0,1,3,6,1,1,3,1,1,1,1,2,0
6,266,0,2,6,0,2,1,1,1,1,1,1,1,0
24,243,0,2,1,2,3,3,2,3,3,1,1,1,0
2,307,0,1,1,7,2,1,1,1,2,1,1,2,0
9,20,119,1,2,7,3,1,2,3,3,1,1,1,0
9,307,0,1,2,0,2,1,2,1,2,1,1,4,1
3,266,0,2,1,7,2,3,1,3,3,1,1,4,1
5,266,0,2,1,7,2,1,1,1,2,1,1,4,1
12,292,267,2,6,0,3,3,1,3,2,1,5,2,0
1,254,254,3,1,2,1,2,2,2,2,1,5,4,1
3,266,0,3,1,5,1,2,1,2,2,1,3,1,0
30,307,141,1,3,0,2,1,1,1,1,1,1,2,0
24,307,0,1,2,0,2,3,2,3,3,1,1,4,1
0,266,266,3,2,3,1,1,2,1,2,1,4,3,1
1,266,266,3,1,7,2,1,1,1,2,1,2,0,0
14,266,0,2,6,0,2,1,1,1,1,1,1,4,1
2,307,0,1,1,2,2,2,1,2,2,1,1,2,0
1,307,307,3,2,5,2,2,1,2,2,1,2,2,0
24,228,0,2,2,4,2,1,1,1,1,1,1,2,0
3,266,0,2,1,3,1,2,1,2,3,1,1,4,1
5,307,0,1,1,2,2,2,1,2,2,1,1,3,1
1,307,307,3,1,2,2,2,2,1,2,1,4,4,1
2,265,0,2,1,7,2,2,2,2,2,1,1,1,0
1,307,0,3,1,2,2,2,2,2,2,1,8,4,1
1,307,0,3,1,2,2,2,1,2,1,1,9,2,0
2,299,0,1,3,7,2,2,1,1,2,1,1,0,0
3,141,0,2,1,0,3,1,1,1,3,1,1,1,0
3,307,0,2,2,7,2,1,2,1,2,1,1,3,1
4,266,0,2,2,0,2,2,1,1,2,1,1,3,1
5,266,0,3,1,2,2,1,2,1,2,1,5,3,1
1,307,307,3,1,0,1,2,1,2,2,1,2,3,1
2,307,0,1,2,0,2,2,2,1,2,1,1,1,0
6,266,0,2,6,7,1,2,1,1,2,1,1,4,1
4,285,0,2,1,2,1,3,2,1,3,1,1,1,0
2,285,265,2,1,3,2,2,2,1,2,1,1,1,0
2,117,307,2,1,2,2,2,1,1,2,1,1,1,0
3,266,266,1,1,6,2,1,1,1,2,1,1,3,1
2,307,0,3,1,4,2,2,1,2,2,1,3,3,1
3,307,0,1,1,2,2,1,1,1,2,1,1,2,0
5,265,0,2,3,7,2,2,2,1,2,1,1,4,1
3,266,0,3,4,7,2,2,1,2,2,1,3,3,1
1,266,266,3,1,4,2,2,1,2,3,1,3,3,1
28,241,0,3,7,0,2,2,1,2,2,1,4,3,1
6,266,0,1,2,5,2,2,1,2,3,1,1,2,0
1,266,265,2,6,0,2,1,2,1,2,1,1,1,0
3,266,0,1,4,7,2,1,1,1,2,1,1,2,0
2,243,0,2,6,0,2,2,1,2,2,1,1,1,0
2,307,0,2,2,0,2,1,2,1,2,1,1,2,0
1,299,0,3,2,5,2,2,1,2,3,1,3,1,0
5,266,0,1,1,2,1,1,2,1,2,1,1,4,1
2,247,303,2,1,2,2,2,2,1,2,1,1,2,0
2,241,264,2,5,6,2,2,3,1,2,1,1,1,0
1,266,0,3,1,6,1,2,1,2,2,1,3,1,0
1,307,0,1,7,0,2,2,3,2,2,1,1,1,0
4,307,0,1,1,0,2,1,1,1,2,1,1,4,1
2,307,0,2,2,0,2,1,1,1,2,1,1,1,0
24,307,0,1,1,4,2,3,2,3,3,1,1,4,1
2,307,0,2,2,0,2,2,1,2,2,1,1,2,0
2,266,0,1,1,7,2,1,1,1,2,1,1,3,1
4,307,0,2,2,5,1,1,1,1,3,1,1,4,1
7,306,306,1,1,2,2,2,1,1,2,1,1,2,0
1,307,141,3,2,0,2,2,1,2,2,1,2,1,0
22,205,0,2,5,7,2,1,1,1,2,1,1,1,0
36,306,0,2,1,7,1,2,1,1,1,1,1,2,0
2,307,307,3,1,7,2,1,2,1,3,1,2,4,1
2,266,265,2,1,6,2,2,1,2,2,1,1,1,0
12,265,0,1,1,0,3,2,2,2,3,1,1,3,1
10,307,0,1,1,2,2,1,1,1,1,1,1,4,1
24,283,0,1,1,6,2,1,1,1,3,1,1,4,1
2,264,0,1,6,7,1,3,3,3,3,1,1,0,0
2,307,0,1,1,2,2,2,1,2,2,1,1,2,0
108,128,0,2,2,7,1,1,2,1,1,1,1,1,0
2,307,307,2,7,0,2,1,2,1,2,1,1,3,1
3,266,0,2,1,7,2,3,2,1,2,1,1,2,0
2,307,0,1,1,0,2,2,1,1,2,1,1,1,0
14,285,0,1,3,7,2,3,2,3,3,1,1,4,1
4,307,0,1,2,5,3,2,1,1,3,1,1,1,0
3,265,0,2,1,7,2,2,2,2,2,1,2,1,0
2,307,307,2,2,0,2,2,1,1,2,1,1,2,0
2,307,307,3,1,2,2,2,1,2,3,1,3,3,1
2,307,0,1,1,0,2,2,1,1,2,1,1,3,1
1,307,0,1,2,0,2,1,2,1,2,1,1,1,0
2,266,266,1,2,5,2,1,1,1,2,1,1,1,0
48,179,0,2,7,0,2,3,2,1,3,1,1,2,0
18,254,254,3,1,3,2,3,3,3,3,1,3,4,1
2,266,0,2,2,0,1,1,1,1,2,1,1,2,0
1,266,0,1,2,7,1,2,2,2,2,1,1,2,0
2,307,0,2,2,0,2,2,1,2,2,1,1,0,0
3,307,0,2,1,7,2,1,1,1,2,1,1,2,0
2,307,103,2,1,2,2,3,1,3,3,1,1,2,0
1,307,0,1,5,0,2,3,2,3,2,1,1,3,1
3,266,0,1,3,7,2,1,1,1,1,1,1,3,1
1,307,0,3,1,2,2,1,2,1,1,1,3,1,0
2,265,0,2,4,7,2,2,2,2,2,1,1,3,1
2,299,0,1,6,0,1,2,1,2,2,1,1,1,0
1,307,0,2,1,2,2,2,1,1,2,1,1,4,1
1,307,307,3,1,2,2,2,2,2,2,1,6,3,1
6,141,307,2,1,0,2,1,2,3,3,1,1,3,1
24,307,307,3,5,7,1,2,2,2,2,1,4,4,1
1,266,266,3,1,4,1,2,1,2,2,1,3,2,0
18,266,0,2,1,3,2,3,1,3,2,1,1,4,1
2,265,266,2,3,6,1,2,2,2,2,1,2,3,1
10,307,0,1,1,2,2,2,2,2,1,1,1,2,0
5,266,0,2,1,2,1,1,1,1,1,1,1,3,1
1,307,0,3,2,5,2,1,1,1,1,1,2,2,0
3,307,307,2,2,0,4,1,1,1,2,1,6,2,0
12,303,0,2,2,5,2,2,1,2,1,1,1,2,0
5,307,0,2,4,0,2,1,1,1,3,1,1,2,0
3,266,0,2,1,4,2,2,1,2,2,1,1,2,0
96,205,0,2,5,0,2,1,2,1,1,1,1,3,1
2,265,264,1,1,2,2,3,2,1,2,1,2,2,0
0,248,296,1,1,6,2,1,2,1,1,1,1,4,1
2,307,307,2,1,2,2,2,1,1,2,1,1,4,1
1,285,0,2,1,0,1,1,2,1,2,1,1,2,0
2,266,0,2,1,4,1,2,1,1,2,1,1,3,1
24,141,307,2,2,0,3,1,1,1,3,1,1,4,1
31,299,0,2,1,2,3,1,1,1,1,1,1,4,1
6,266,0,2,1,2,2,2,1,1,1,1,1,2,0
2,266,0,2,1,7,2,1,2,1,2,1,1,2,0
2,60,0,3,1,3,2,1,1,1,2,1,2,1,0
3,266,0,1,1,5,1,2,1,2,2,1,1,1,0
2,266,0,3,4,6,1,2,1,2,2,1,2,3,1
36,307,0,1,2,0,2,1,1,1,1,1,2,4,1
1,307,0,3,1,5,2,3,1,3,3,1,4,4,1
4,307,0,2,1,2,2,2,2,2,3,1,1,4,1
2,265,299,2,1,7,2,2,2,2,2,1,1,4,1
38,26,0,1,1,2,2,1,1,1,1,1,1,1,0
4,307,0,1,4,7,2,1,1,1,2,1,2,2,0
3,299,292,1,5,6,2,2,1,1,2,1,1,0,0
12,265,0,2,1,2,2,3,2,3,3,1,1,4,1
2,307,0,2,3,0,2,3,1,1,2,1,1,3,1
4,254,266,2,1,3,2,2,1,2,2,1,1,4,1
21,189,307,2,2,5,2,2,1,2,2,1,1,0,0
1,307,0,2,2,0,2,2,1,2,2,1,3,4,1
1,266,0,1,1,2,3,2,2,1,3,1,1,2,0
12,299,0,1,1,6,2,2,1,1,2,1,1,4,1
2,266,0,3,1,7,1,2,1,1,2,1,2,2,0
1,307,307,2,2,0,2,2,1,2,2,1,1,1,0
72,266,0,1,6,0,2,1,1,1,1,1,1,3,1
8,299,0,2,1,3,2,1,2,2,1,1,1,4,1
14,307,103,2,1,2,2,1,2,1,1,1,1,1,0
12,265,264,2,6,0,2,3,2,3,2,1,2,4,1
1,307,0,3,1,2,2,2,1,2,2,1,6,2,0
4,266,0,2,3,7,1,1,1,1,2,1,1,1,0
36,195,0,2,1,7,1,1,1,1,1,1,1,4,1
12,218,39,1,2,5,2,3,2,3,3,1,1,2,0
8,266,0,2,5,7,2,1,2,1,2,1,1,3,1
3,266,0,1,1,7,2,2,2,1,2,1,1,0,0
4,266,0,2,1,0,1,2,1,2,2,1,1,2,0
2,307,0,1,1,2,2,3,1,3,2,1,1,1,0
20,179,0,2,5,0,2,3,2,3,3,1,1,1,0
2,265,0,1,1,7,2,2,2,1,2,1,1,2,0
60,289,0,1,6,0,3,1,2,1,1,1,1,2,0
5,266,0,1,1,7,1,1,1,1,2,1,1,3,1
12,266,0,1,3,7,2,2,1,2,2,1,1,4,1
1,266,0,2,1,5,2,2,1,2,2,1,2,1,0
15,266,0,1,6,7,3,1,1,1,1,1,2,4,1
2,266,0,3,2,6,1,2,1,1,2,1,5,3,1
1,307,0,2,1,2,2,1,1,1,2,1,1,3,1
46,109,0,1,3,4,3,1,2,1,2,1,1,1,0
48,213,307,2,1,2,2,1,2,1,3,1,1,1,0
6,265,0,3,1,6,1,2,2,1,1,1,3,4,1
3,265,292,3,1,2,1,2,2,2,3,1,2,3,1
6,141,307,1,2,0,2,3,1,1,1,1,1,1,0
10,307,0,1,1,2,3,3,1,3,3,1,1,4,1
1,266,0,3,1,3,1,2,1,2,2,1,2,2,0
2,266,0,2,1,2,1,2,1,2,2,1,1,3,1
1,307,0,1,1,2,2,2,3,2,2,1,1,2,0
2,254,243,3,3,7,2,2,2,1,2,1,2,4,1
1,299,266,2,1,2,2,2,2,2,2,1,1,1,0
4,266,0,1,7,0,1,2,1,2,2,1,1,4,1
1,307,0,1,2,7,2,2,2,2,2,1,1,2,0
24,264,0,2,1,2,2,1,3,1,2,1,1,2,0
3,307,0,2,2,0,2,2,1,2,2,1,1,4,1
2,266,0,1,3,7,2,2,2,1,2,1,1,1,0
5,266,265,2,2,7,1,2,1,2,2,1,1,3,1
21,205,0,1,2,5,1,1,3,1,2,1,1,2,0
2,266,0,1,1,7,3,2,1,2,2,1,4,2,0
2,266,0,3,1,5,1,1,1,1,2,1,2,3,1
4,307,0,2,2,7,2,2,1,1,2,1,1,4,1
1,189,307,2,1,2,2,1,1,1,2,1,1,0,0
2,307,0,2,2,0,2,2,1,1,2,1,1,3,1
2,307,0,1,1,0,2,2,2,2,2,1,1,4,1
12,266,0,2,2,5,2,2,1,2,2,1,1,0,0
11,266,0,1,1,6,2,1,1,1,1,1,1,0,0
2,307,307,2,1,2,2,2,1,2,2,1,3,3,1
1,307,307,2,1,0,2,2,2,2,2,1,2,4,1
1,266,0,2,1,0,2,3,1,3,3,1,1,3,1
3,307,0,2,2,7,1,2,1,1,3,1,3,4,1
2,299,0,2,2,5,2,2,2,2,2,1,1,1,0
15,265,0,3,1,3,2,2,2,3,3,1,2,2,0
108,307,0,1,2,3,2,3,2,3,3,1,1,4,1
5,141,307,2,3,0,2,1,1,1,2,1,1,1,0
5,285,0,2,1,6,2,2,1,2,2,1,1,4,1
3,307,0,2,1,2,2,2,1,1,3,1,1,3,1
2,307,0,1,2,5,2,2,1,2,2,1,1,1,0
7,283,0,2,1,2,2,1,1,1,2,1,1,3,1
2,265,0,2,1,7,1,2,2,2,2,1,1,1,0
1,266,299,2,6,0,1,1,1,1,2,1,1,3,1
12,266,0,1,2,5,2,1,1,1,1,1,1,3,1
2,307,0,2,1,2,2,3,1,3,2,1,1,2,0
10,266,0,1,1,7,2,2,1,2,1,1,1,2,0
10,307,0,2,2,0,2,1,1,1,1,1,1,3,1
1,307,26,1,1,2,3,1,2,1,2,1,1,2,0
3,266,0,3,1,6,1,2,1,2,2,1,2,4,1
2,266,0,2,6,0,2,2,1,2,2,1,1,3,1
2,307,0,1,1,2,2,2,2,2,2,1,1,3,1
2,307,0,3,2,0,2,2,1,2,2,1,2,3,1
15,265,0,3,1,4,2,2,2,1,2,1,3,3,1
1,266,0,1,1,6,1,2,2,2,2,1,1,2,0
3,265,0,2,1,3,1,2,2,1,2,1,1,3,1
3,307,0,1,2,0,2,2,2,2,2,1,1,3,1
34,307,0,2,1,2,2,1,1,1,1,1,1,4,1
2,307,0,2,2,0,1,2,1,2,2,1,1,4,1
2,266,0,1,1,7,2,2,1,1,2,1,1,1,0
84,307,0,2,2,0,2,1,1,1,1,1,1,4,1
24,307,0,1,1,2,2,1,2,1,2,1,1,3,1
2,266,0,3,6,7,2,1,1,1,2,1,3,0,0
2,307,307,2,2,0,1,3,1,3,3,1,1,4,1
2,266,0,3,1,2,2,2,1,2,2,1,4,2,0
3,265,0,1,2,7,1,1,2,1,3,1,1,0,0
2,266,0,1,3,5,1,3,1,1,3,1,1,2,0
12,299,247,1,1,2,2,1,1,1,1,1,1,2,0
1,266,0,3,2,4,1,3,1,3,3,1,3,3,1
1,266,0,2,3,5,2,1,1,1,2,1,2,2,0
12,242,252,3,1,0,2,1,3,1,2,1,2,0,0
4,307,0,1,1,3,3,1,1,1,2,1,1,1,0
1,307,0,3,1,2,2,1,2,1,2,1,5,1,0
36,266,292,3,6,7,2,1,2,1,1,1,3,4,1
2,307,0,2,2,0,2,2,1,1,2,1,8,3,1
4,307,307,2,2,0,2,1,1,1,2,1,1,3,1
10,307,0,1,7,0,2,1,1,1,1,1,1,4,1
3,218,0,1,3,5,2,2,1,1,2,1,1,1,0
2,307,0,1,1,7,2,2,2,2,2,1,1,2,0
1,307,307,2,1,2,2,2,2,1,2,1,1,1,0
12,299,0,2,2,3,2,1,1,1,1,1,1,3,1
0,243,266,3,3,6,2,2,1,2,2,1,4,4,1
36,205,0,1,2,5,2,3,2,1,2,1,1,2,0
1,243,0,1,6,0,2,2,1,2,2,1,1,1,0
2,265,0,2,2,4,1,2,2,2,2,1,1,2,0
9,307,0,2,1,2,2,1,1,1,1,1,1,2,0
2,307,307,1,5,0,2,1,1,1,2,1,1,4,1
1,266,0,1,1,7,1,2,1,2,2,1,1,3,1
2,307,0,2,2,4,2,3,1,3,3,1,1,4,1
12,266,266,1,3,7,2,2,1,2,1,1,2,4,1
1,307,0,2,1,2,2,1,1,1,2,1,2,2,0
1,266,0,2,3,5,2,2,1,2,2,1,1,2,0
72,20,0,2,2,4,2,1,2,1,3,1,1,3,1
3,307,0,2,2,7,2,1,1,1,2,1,1,2,0
60,50,307,1,5,6,3,1,1,1,1,1,1,4,1
1,307,307,1,3,0,2,1,2,1,2,1,1,3,1
3,31,307,2,1,0,2,3,1,3,2,1,1,2,0
1,307,0,2,2,0,2,2,1,2,2,1,1,3,1
2,307,0,1,2,0,2,1,2,1,2,1,1,2,0
7,307,0,1,5,7,2,1,1,1,1,1,1,4,1
7,254,266,2,1,2,3,3,1,3,3,1,1,2,0
16,247,0,2,6,0,2,2,2,1,2,1,2,2,0
1,266,266,3,2,3,1,2,1,2,2,1,6,1,0
2,307,0,2,2,0,2,3,2,3,3,1,1,3,1
3,307,0,2,1,0,2,1,1,1,2,1,1,3,1
36,69,0,2,1,7,1,1,2,1,1,1,1,3,1
1,285,254,2,1,3,2,1,3,1,2,1,1,3,1
12,266,0,1,4,0,2,2,1,1,1,1,1,1,0
2,20,307,2,1,2,2,1,1,1,2,1,1,3,1
2,266,0,1,1,3,3,2,1,2,2,1,3,4,1
2,141,307,2,5,0,2,1,2,1,2,1,6,1,0
6,307,0,1,1,2,2,1,1,1,1,1,1,2,0
2,307,0,1,5,0,2,1,1,1,2,1,1,2,0
72,307,0,3,2,0,3,3,1,3,3,1,4,4,1
2,307,0,1,1,2,2,2,2,2,2,1,1,2,0
30,103,307,2,1,2,2,2,2,2,2,1,1,3,1
2,307,0,1,7,0,2,1,1,3,3,1,1,1,0
2,266,0,1,7,0,2,2,1,2,2,1,1,1,0
3,195,0,1,6,7,1,1,2,1,2,1,1,1,0
5,300,299,1,1,2,2,2,1,2,2,1,2,4,1
7,292,0,1,7,0,3,2,2,1,3,1,1,4,1
7,306,0,2,1,7,2,1,2,1,1,1,1,2,0
12,266,0,2,1,7,2,2,1,1,1,1,1,4,1
3,265,0,1,2,5,1,2,2,2,1,1,1,1,0
1,307,0,1,1,0,2,2,1,2,2,1,1,1,0
2,307,307,1,2,0,2,1,2,1,2,1,1,2,0
4,205,218,3,2,7,1,1,2,1,1,1,2,3,1
4,307,0,1,1,0,3,1,2,1,2,1,1,3,1
1,218,307,2,1,3,2,2,1,2,2,1,1,1,0
10,292,0,3,1,2,3,2,2,2,3,1,3,1,0
1,307,0,2,1,2,2,2,1,2,2,1,1,2,0
2,218,307,1,1,2,2,3,1,3,2,1,1,2,0
7,266,266,3,3,6,2,3,1,3,3,1,2,1,0
2,307,0,1,1,2,2,3,1,3,2,1,1,2,0
1,266,0,2,6,0,1,2,1,2,2,1,1,3,1
12,306,0,1,1,7,1,3,1,3,3,1,1,4,1
24,179,0,1,5,0,2,1,2,1,2,1,1,1,0
12,185,307,2,1,2,1,3,1,3,1,1,1,3,1
3,266,0,2,1,6,1,2,1,1,2,1,1,3,1
5,266,0,2,1,0,1,1,1,1,2,1,1,4,1
12,266,0,2,3,7,2,2,2,2,2,1,1,2,0
2,266,0,2,1,2,2,1,1,1,2,1,2,3,1
1,307,307,3,2,0,3,2,1,2,2,1,3,3,1
2,307,0,2,1,2,2,1,2,1,2,1,2,3,1
2,307,0,2,2,0,2,2,1,2,2,1,4,3,1
12,307,0,2,2,0,2,1,1,1,1,1,1,2,0
4,307,0,1,2,0,2,1,1,1,2,1,1,1,0
3,265,0,2,6,7,1,1,2,1,2,1,1,1,0
18,266,0,2,2,0,2,3,1,1,1,1,1,2,0
1,307,0,3,2,5,2,2,2,2,2,1,3,2,0
27,307,0,2,2,7,2,1,1,1,1,1,1,4,1
60,265,265,2,1,4,2,1,2,1,1,1,2,2,0
2,266,0,2,3,5,1,2,1,1,2,1,1,2,0
5,307,307,1,4,0,3,1,1,1,1,1,1,4,1
2,265,266,1,6,7,2,2,2,1,2,1,1,2,0
1,307,0,2,2,7,2,2,2,2,2,1,1,2,0
1,307,0,2,1,2,2,2,1,1,2,1,1,2,0
1,307,307,3,2,4,3,2,1,2,2,1,3,0,0
2,307,0,1,1,0,1,1,1,1,3,1,1,2,0
4,266,0,2,3,4,1,2,1,2,2,1,1,2,0
4,266,0,1,1,7,2,2,1,2,2,1,1,3,1
2,307,0,2,1,2,2,2,1,2,2,1,1,0,0
3,264,0,1,1,2,2,2,2,2,2,1,1,4,1
3,303,266,2,1,3,2,1,2,1,2,1,1,2,0
19,128,0,1,1,2,2,1,1,1,2,1,1,4,1
12,299,0,2,2,3,1,1,1,1,1,1,1,3,1
1,266,0,2,2,3,2,2,1,2,2,1,1,2,0
7,266,0,2,3,4,2,3,1,3,3,1,1,4,1
2,266,266,3,1,6,2,2,2,2,2,1,4,3,1
4,213,307,2,2,7,2,1,2,1,1,1,1,3,1
1,307,0,1,1,2,2,3,2,3,3,1,1,3,1
3,265,264,3,1,2,3,1,2,1,2,1,6,4,1
2,264,265,1,1,2,2,2,2,1,2,1,1,1,0
24,109,0,3,3,0,3,1,2,1,2,1,2,2,0
4,205,179,2,1,7,1,1,2,1,2,1,1,1,0
7,288,266,2,7,0,2,2,1,1,2,1,1,2,0
8,266,265,3,1,5,2,2,2,2,2,1,2,4,1
16,173,10,2,2,7,3,3,1,1,1,1,1,2,0
5,307,0,2,2,5,2,2,2,2,2,1,1,4,1
1,307,307,2,1,2,2,2,1,2,2,1,1,3,1
1,264,266,1,2,3,3,2,1,2,2,1,1,3,1
3,141,307,2,2,0,2,3,1,3,2,1,1,3,1
2,299,0,2,1,6,2,2,1,2,2,1,2,2,0
2,307,0,2,2,7,2,2,1,2,2,1,1,2,0
1,307,307,3,1,2,2,2,1,2,2,1,5,2,0
8,195,179,2,5,0,2,1,2,1,1,1,1,3,1
4,307,307,1,5,0,2,1,1,1,1,1,1,4,1
60,205,0,1,5,0,1,3,3,3,2,1,1,3,1
4,266,265,2,3,7,2,1,1,1,2,1,1,2,0
1,307,0,2,2,7,2,2,1,2,2,1,1,3,1
2,266,0,1,6,0,2,1,1,1,2,1,1,3,1
3,307,0,2,1,2,2,1,1,1,2,1,1,2,0
24,266,0,2,1,2,2,2,1,2,2,1,1,3,1
48,173,307,2,2,0,2,2,1,2,2,1,1,4,1
10,247,0,1,1,3,1,1,1,1,1,1,1,2,0
1,307,0,2,1,0,2,2,2,2,3,1,1,1,0
2,249,295,1,6,7,2,2,1,2,2,1,1,3,1
3,266,0,2,1,4,2,1,1,1,2,1,1,2,0
0,307,0,3,1,2,2,2,2,3,2,1,6,3,1
4,266,0,1,1,2,1,2,1,1,2,1,1,1,0
2,266,0,2,1,4,1,2,1,2,2,1,2,4,1
2,265,0,2,5,0,1,2,2,1,2,1,1,2,0
1,266,0,2,2,7,2,3,1,3,2,1,1,3,1
1,188,189,1,1,2,2,2,2,1,2,1,2,1,0
3,266,264,3,1,6,3,1,2,1,2,1,4,3,1
3,307,307,3,1,0,1,1,1,1,2,1,2,3,1
36,189,0,2,1,2,2,2,1,1,1,1,1,1,0
2,307,0,1,1,2,2,1,2,1,2,1,1,3,1
4,266,0,1,1,4,1,2,1,2,2,1,2,4,1
8,265,299,2,1,2,2,1,2,1,2,1,1,4,1
5,266,0,1,7,0,2,3,2,3,3,1,1,2,0
1,266,0,3,1,3,2,2,2,2,2,1,4,4,1
2,307,0,2,1,2,2,2,2,2,2,1,1,2,0
2,266,0,1,1,2,1,2,1,1,2,1,5,2,0
15,307,0,1,2,5,2,1,1,1,1,1,1,3,1
3,200,0,3,1,5,2,2,1,1,2,1,4,2,0
4,307,307,2,1,6,2,1,2,1,3,1,2,3,1
12,307,0,2,7,0,2,3,3,3,3,1,1,3,1
18,152,307,1,1,2,2,1,1,1,1,1,1,4,1
1,307,0,1,1,2,2,2,2,2,2,1,1,3,1
2,307,307,2,1,0,2,1,2,1,2,1,1,2,0
2,307,307,1,1,7,2,2,2,1,2,1,1,2,0
5,247,266,1,1,7,3,1,1,1,2,1,1,1,0
8,307,307,2,2,3,2,2,2,1,2,1,1,4,1
3,266,0,2,2,3,1,2,1,2,2,1,1,4,1
16,307,0,1,5,0,2,1,1,1,1,1,1,4,1
36,218,0,1,7,0,2,3,3,1,2,1,1,2,0
3,307,0,2,5,0,2,2,3,1,2,1,1,1,0
84,205,0,1,2,7,2,3,2,3,3,1,1,2,0
3,266,0,2,1,4,2,2,1,1,1,1,1,2,0
3,265,0,3,1,4,2,2,2,2,2,1,2,4,1
4,307,0,2,1,2,2,2,1,2,3,1,1,3,1
2,307,0,1,1,2,2,2,1,1,2,1,1,1,0
4,266,0,1,3,7,2,2,1,1,2,1,1,1,0
36,205,0,1,2,7,1,2,2,2,2,1,1,3,1
6,283,0,2,2,0,1,1,1,1,1,1,1,4,1
2,265,0,2,7,0,2,2,2,2,2,1,1,1,0
1,265,0,3,1,2,1,2,2,2,2,1,4,2,0
4,307,307,2,5,0,1,1,1,1,3,1,1,4,1
20,307,0,1,1,2,2,3,1,3,3,1,2,3,1
2,266,0,1,1,7,2,2,1,2,2,1,2,1,0
2,78,0,3,1,7,2,2,1,2,2,1,2,1,0
2,266,0,1,1,7,2,2,1,1,2,1,1,1,0
36,307,0,2,2,0,2,3,1,3,2,1,1,4,1
2,307,0,2,2,0,2,3,1,3,3,1,3,4,1
12,266,266,3,5,6,2,3,1,3,3,1,7,2,0
8,254,0,2,1,3,1,1,1,1,1,1,1,1,0
12,266,0,2,1,2,2,1,1,1,2,1,4,2,0
2,283,0,1,2,5,1,2,1,2,2,1,1,1,0
12,307,0,1,1,0,2,3,2,1,3,1,1,4,1
2,307,0,2,2,5,2,2,1,1,2,1,1,3,1
5,266,0,2,5,0,3,1,1,1,2,1,1,2,0
3,265,0,1,4,0,1,2,2,2,2,1,1,1,0
4,266,0,2,2,3,2,2,1,2,2,1,2,3,1
12,307,0,1,1,0,2,2,1,2,2,1,1,3,1
4,307,0,2,2,0,2,1,2,1,1,1,1,2,0
32,179,0,1,5,0,1,1,2,1,2,1,1,2,0
7,141,307,3,1,7,2,1,1,1,1,1,2,3,1
1,307,0,2,1,7,2,2,1,3,3,1,1,3,1
3,307,0,2,2,7,2,1,2,1,2,1,1,2,0
3,265,0,1,1,6,2,2,2,1,2,1,1,3,1
2,307,0,2,2,7,2,2,1,2,3,1,3,4,1
10,266,0,1,2,0,2,1,1,1,1,1,1,4,1
29,307,307,2,1,0,2,1,2,1,1,1,2,4,1
1,307,0,2,1,2,2,2,1,2,2,1,2,3,1
48,266,0,2,1,7,3,1,1,1,1,1,1,2,0
0,266,266,3,1,6,2,2,1,2,2,1,5,4,1
1,307,0,1,1,2,2,2,1,1,2,1,1,1,0
1,266,265,3,1,4,1,2,2,2,2,1,2,3,1
2,307,0,1,1,0,2,3,1,3,3,1,1,4,1
12,266,265,1,1,7,2,1,2,1,2,1,1,2,0
0,307,0,2,2,0,2,2,1,2,1,1,1,3,1
30,152,0,2,1,3,1,1,1,3,2,1,1,3,1
2,307,0,1,2,0,2,1,2,1,2,1,1,4,1
3,307,0,1,1,2,2,1,1,1,2,1,1,4,1
6,307,0,1,2,5,2,1,1,1,1,1,1,4,1
6,266,0,2,2,0,1,1,1,1,1,1,1,3,1
2,307,0,2,3,5,2,1,1,1,2,1,1,2,0
2,266,254,1,6,7,1,2,1,2,2,1,1,1,0
3,307,0,1,5,0,2,3,1,1,2,1,1,2,0
12,253,0,1,1,7,2,1,1,1,1,1,1,4,1
12,307,0,1,1,0,2,2,1,2,2,1,1,4,1
6,60,0,2,2,0,1,1,1,1,2,1,1,3,1
2,307,0,1,1,2,2,2,1,2,2,1,1,2,0
5,307,0,2,2,0,2,3,2,1,2,1,1,2,0
3,76,307,1,1,3,3,2,1,1,2,1,1,2,0
2,265,0,2,6,0,1,2,2,2,2,1,1,3,1
4,307,0,3,2,5,3,2,1,2,2,1,6,4,1
12,307,0,1,2,0,2,3,1,3,3,1,1,2,0
2,266,0,3,1,2,1,2,2,1,2,1,2,3,1
8,307,141,1,1,2,2,3,1,3,1,1,1,2,0
5,266,266,2,2,6,1,1,1,1,2,1,1,2,0
2,266,266,2,1,7,2,2,1,1,2,1,5,4,1
10,307,307,2,1,2,2,2,1,2,2,1,1,4,1
3,266,0,1,4,7,2,2,1,1,2,1,1,4,1
12,266,0,2,1,7,2,2,2,1,1,1,1,4,1
5,299,264,1,4,7,2,2,3,2,2,1,1,3,1
11,266,0,1,4,0,2,1,1,1,1,1,1,2,0
1,289,265,3,6,0,1,2,2,2,2,1,4,4,1
1,307,0,2,1,7,3,2,1,2,2,1,1,3,1
2,307,0,2,2,0,2,2,1,1,2,1,1,2,0
2,307,0,3,1,2,2,2,1,2,2,1,2,0,0
2,307,307,2,2,0,2,2,2,1,2,1,1,3,1
5,264,0,2,6,7,2,1,2,1,2,1,1,1,0
3,218,0,1,1,0,3,1,3,1,2,1,1,4,1
5,299,266,1,3,7,2,2,1,1,2,1,1,3,1
2,307,307,2,1,2,3,3,1,3,3,1,3,2,0
1,307,307,3,2,3,2,2,2,2,2,1,6,3,1
12,307,0,2,2,0,2,1,1,1,1,1,1,4,1
2,266,0,1,2,5,2,2,1,1,2,1,1,3,1
4,303,265,2,2,5,2,1,2,1,2,1,1,2,0
6,307,0,2,2,0,2,2,1,2,1,1,1,2,0
2,265,0,1,1,4,3,2,2,1,2,1,1,3,1
6,266,0,1,1,0,2,1,1,1,2,1,1,4,1
2,307,0,2,2,0,2,2,1,2,3,1,5,4,1
2,307,0,1,1,2,2,2,1,2,2,1,1,3,1
2,266,0,1,1,5,2,2,1,2,2,1,1,4,1
2,307,0,1,2,3,2,2,1,1,2,1,1,1,0
12,265,0,2,2,0,2,2,2,1,2,1,1,1,0
8,266,0,2,2,0,2,1,1,1,1,1,1,3,1
3,266,292,2,2,5,1,3,1,3,3,1,1,2,0
4,265,0,1,1,7,2,2,2,2,2,1,1,3,1
1,218,0,2,1,2,2,2,1,2,2,1,2,1,0
2,266,0,2,1,0,1,2,1,2,2,1,1,1,0
78,205,0,1,3,7,1,1,1,1,1,1,1,0,0
24,178,0,1,7,0,1,1,3,1,2,1,1,2,0
9,266,0,2,1,0,2,2,1,2,2,1,1,3,1
12,307,0,1,1,4,2,2,1,1,2,1,1,2,0
3,266,0,1,1,3,2,2,1,1,2,1,4,2,0
2,266,0,1,1,2,2,2,1,2,2,1,1,1,0
2,266,0,1,2,7,2,2,1,2,2,1,1,3,1
3,307,218,1,3,5,2,2,2,1,2,1,1,1,0
3,307,78,2,1,2,3,1,1,1,1,1,1,3,1
4,285,265,2,7,0,2,2,3,1,2,1,1,1,0
1,307,307,3,1,2,1,2,2,2,2,1,5,4,1
3,299,0,2,1,2,1,2,1,1,2,1,1,2,0
2,266,266,3,3,7,1,2,1,2,2,1,5,1,0
80,299,0,2,1,6,2,1,1,2,1,1,1,2,0
2,307,0,1,2,7,2,2,1,1,2,1,1,1,0
72,179,0,1,2,5,1,1,2,1,1,1,1,2,0
2,307,0,3,2,0,2,2,1,2,2,1,2,4,1
2,265,0,1,1,5,2,2,2,2,2,1,1,1,0
1,265,265,2,4,5,2,2,2,2,2,1,1,3,1
2,307,0,2,2,0,1,2,1,2,2,1,1,4,1
9,266,0,1,1,4,2,2,2,2,2,1,1,4,1
2,307,0,2,1,2,2,3,1,3,2,1,1,2,0
2,307,0,2,1,2,2,3,1,3,2,1,1,2,0
3,266,0,2,2,7,1,2,1,3,3,1,1,4,1
7,307,103,2,1,2,2,1,2,1,1,1,1,2,0
2,307,307,3,5,7,2,2,1,1,1,1,5,2,0
2,307,307,2,2,3,2,3,1,3,3,1,1,4,1
12,307,0,2,2,7,2,3,2,3,3,1,1,4,1
12,307,307,2,2,0,2,1,2,1,1,1,1,3,1
4,307,0,1,5,0,3,2,2,2,2,1,1,1,0
1,307,0,2,2,0,2,2,2,2,2,1,1,1,0
1,307,0,3,1,2,2,3,1,3,2,1,8,2,0
3,264,266,1,1,6,2,2,2,2,2,1,1,1,0
3,307,0,2,1,2,2,2,1,2,2,1,1,1,0
4,307,0,1,2,0,2,3,1,1,3,1,1,3,1
1,307,0,3,1,2,2,1,1,1,2,1,2,1,0
7,103,307,1,2,7,3,1,2,1,2,1,1,1,0
9,218,307,2,1,2,2,1,2,1,1,1,1,4,1
2,266,0,2,6,7,2,1,1,1,2,1,1,4,1
24,283,283,2,7,0,2,1,1,1,2,1,1,4,1
14,307,0,1,3,0,3,1,2,1,1,1,1,4,1
3,78,307,2,1,2,2,1,1,1,1,1,1,3,1
3,307,0,3,1,0,2,2,1,2,2,1,2,2,0
2,307,307,2,7,0,2,1,2,1,2,1,1,2,0
1,307,0,2,2,0,2,2,1,2,2,1,1,3,1
11,307,0,2,2,3,3,1,2,1,3,1,1,3,1
5,103,75,2,1,2,2,3,1,3,2,1,1,2,0
2,266,0,2,1,2,2,2,1,2,2,1,1,3,1
12,307,0,2,2,3,2,1,2,1,1,1,1,4,1
6,262,266,3,2,3,2,2,1,2,3,1,4,4,1
2,307,307,2,3,0,2,1,2,1,2,1,1,1,0
1,307,0,2,1,2,2,3,1,3,2,1,1,3,1
4,299,266,2,1,6,2,2,1,2,2,1,1,1,0
1,307,307,1,1,2,2,2,2,1,2,1,1,3,1
4,307,307,2,1,7,2,1,1,1,2,1,1,4,1
4,266,0,2,5,6,2,3,1,3,2,1,1,4,1
4,307,0,2,4,0,2,3,1,1,3,1,1,4,1
10,266,252,1,1,7,2,2,1,2,2,1,1,3,1
36,179,0,1,1,6,1,1,1,1,1,1,1,2,0
3,307,0,1,1,4,2,2,1,1,3,1,1,3,1
48,141,0,1,5,0,3,1,1,1,1,1,1,2,0
2,26,307,1,1,2,3,1,1,1,2,1,1,3,1
3,265,0,1,1,2,2,2,2,1,2,1,3,2,0
96,280,0,1,7,0,3,1,3,3,3,1,1,1,0
1,307,0,1,1,2,2,3,1,3,2,1,1,3,1
3,266,0,1,1,7,2,1,1,1,2,1,1,1,0
3,266,0,2,1,4,2,2,1,2,2,1,1,0,0
3,307,141,3,1,0,2,2,1,2,2,1,3,4,1
1,307,0,2,2,0,2,2,1,2,2,1,1,1,0
4,307,0,2,1,0,2,2,1,2,2,1,1,4,1
2,307,307,3,2,0,2,3,2,3,3,1,5,4,1
1,307,0,3,1,2,1,2,1,2,3,1,6,4,1
3,307,0,2,2,7,2,3,1,3,2,1,1,2,0
12,266,0,2,2,5,1,2,1,1,1,1,1,2,0
2,307,0,1,1,0,2,2,2,2,2,1,1,2,0
6,265,0,1,4,7,2,1,2,1,2,1,1,4,1
12,307,0,2,4,0,2,1,2,1,2,1,1,3,1
5,266,0,2,1,3,2,3,1,3,1,1,1,0,0
3,266,0,2,1,2,2,2,1,2,2,1,2,2,0
2,307,0,2,2,0,2,1,1,1,2,1,1,1,0
36,70,0,1,1,2,3,1,2,1,1,1,1,4,1
24,213,205,1,2,7,2,3,3,3,3,1,1,1,0
6,266,0,1,4,0,1,2,1,1,2,1,1,2,0
2,307,0,1,3,5,2,2,1,1,2,1,1,2,0
3,307,0,2,1,2,2,1,1,1,2,1,1,2,0
1,307,0,2,2,3,1,2,2,2,2,1,1,2,0
1,265,0,2,7,0,1,2,2,1,2,1,1,1,0
2,150,307,3,1,2,2,1,1,1,2,1,6,4,1
12,265,0,2,7,0,2,2,2,1,1,1,1,3,1
2,266,0,2,1,7,1,2,1,1,2,1,1,1,0
2,266,0,3,1,2,1,3,1,3,3,1,4,3,1
1,299,0,2,3,4,2,2,2,2,2,1,5,2,0
48,266,0,2,4,0,2,1,1,1,1,1,1,4,1
5,266,0,2,1,3,2,1,1,1,1,1,1,4,1
48,243,0,1,2,5,1,1,1,1,1,1,1,4,1
10,307,0,2,1,4,1,1,1,1,1,1,1,3,1
2,307,218,2,2,0,2,1,2,1,2,1,1,1,0
4,307,0,2,6,0,2,1,1,1,2,1,1,1,0
3,285,265,1,5,0,1,2,3,1,2,1,1,4,1
12,307,141,2,7,0,2,3,1,3,1,1,1,3,1
0,266,0,3,1,3,2,2,1,2,2,1,4,0,0
6,307,0,2,2,0,2,1,1,1,1,1,1,4,1
12,179,179,2,2,5,1,3,2,3,3,1,1,2,0
3,307,0,2,2,5,2,2,2,2,2,1,1,4,1
36,75,0,1,1,2,2,1,1,1,3,1,1,1,0
2,307,0,2,1,5,2,2,1,2,2,1,1,1,0
5,266,0,2,1,3,2,1,1,3,2,1,3,1,0
3,307,0,2,1,7,2,2,2,1,2,1,1,4,1
1,265,0,2,3,7,2,2,2,2,2,1,1,1,0
3,307,0,2,1,7,2,2,1,2,2,1,1,3,1
2,307,307,1,1,0,2,1,2,1,2,1,1,2,0
3,299,266,2,1,7,2,2,1,2,2,1,2,1,0
8,266,266,2,7,0,2,2,1,2,2,1,2,4,1
1,307,0,2,2,7,2,3,1,3,2,1,1,3,1
2,265,0,3,1,6,2,2,2,2,2,1,4,1,0
24,141,307,1,5,0,3,2,1,1,2,1,1,4,1
3,307,0,2,7,0,2,1,2,1,2,1,1,4,1
72,213,0,1,7,0,2,2,2,2,2,1,1,4,1
2,307,307,1,1,7,1,2,1,1,2,1,1,4,1
42,78,0,1,1,0,3,1,1,1,2,1,1,2,0
60,207,0,2,5,0,1,3,3,3,1,1,1,0,0
2,307,0,2,1,4,2,1,1,1,2,1,1,2,0
12,109,307,3,1,2,2,3,2,3,2,1,3,3,1
1,307,0,1,5,0,2,1,1,1,1,1,1,0,0
6,294,0,1,1,6,1,1,1,1,1,1,1,4,1
10,266,0,2,2,5,2,2,1,2,1,1,1,3,1
0,307,307,3,1,2,3,3,1,3,3,1,2,1,0
2,307,307,2,1,0,2,2,2,2,2,1,1,1,0
24,307,0,2,1,0,2,1,1,1,1,1,1,4,1
27,307,307,2,2,7,2,2,2,2,2,1,1,3,1
6,247,266,2,1,2,2,2,1,2,2,1,2,2,0
60,205,0,2,1,7,2,3,2,3,1,1,1,2,0
6,60,0,2,2,0,1,2,1,2,2,1,1,3,1
8,265,0,2,4,6,1,1,2,1,2,1,1,3,1
1,307,0,2,2,0,2,3,1,3,2,1,1,2,0
1,266,0,3,1,7,2,2,2,2,2,1,2,2,0
1,307,189,2,1,2,2,2,1,1,2,1,1,1,0
28,266,266,1,1,6,2,1,1,1,1,1,1,0,0
12,307,0,2,7,0,2,3,1,3,3,1,1,4,1
2,307,0,3,1,2,2,1,1,1,2,1,9,3,1
24,292,0,1,2,7,2,1,2,1,1,1,1,3,1
1,283,0,1,3,7,2,2,1,1,2,1,4,3,1
73,285,285,2,2,5,2,1,3,1,1,1,1,3,1
24,189,0,2,1,2,4,1,1,1,1,1,1,1,0
12,266,0,3,1,7,2,1,1,1,1,1,2,4,1
2,266,0,2,2,6,1,2,1,2,2,1,1,3,1
3,307,0,1,3,5,2,2,1,2,2,1,1,3,1
11,266,0,2,7,0,2,1,1,1,1,1,1,4,1
2,307,0,2,5,0,2,2,2,1,2,1,1,2,0
5,264,0,2,6,0,2,2,2,1,2,1,1,3,1
4,265,0,2,5,0,2,1,2,1,2,1,1,4,1
14,265,0,2,4,5,2,1,2,1,2,1,1,4,1
1,266,0,2,1,7,2,2,1,1,2,1,1,1,0
2,266,0,1,1,4,1,2,1,2,2,1,1,2,0
3,307,307,1,2,0,2,1,1,3,1,1,1,4,1
3,266,0,2,7,0,2,2,1,2,2,1,1,3,1
3,307,0,1,1,2,2,3,1,3,3,1,1,4,1
2,307,307,1,7,0,2,2,1,1,2,1,1,2,0
52,49,0,1,1,2,2,1,1,1,1,1,1,3,1
4,266,0,2,1,7,1,2,1,2,2,1,1,4,1
2,307,0,2,7,0,2,3,2,3,3,1,1,4,1
4,265,0,1,4,0,2,3,2,3,3,1,1,2,0
12,307,0,2,7,0,2,1,1,1,1,1,1,4,1
2,103,307,2,1,2,2,3,2,3,2,1,1,3,1
18,307,0,2,2,7,2,3,1,3,3,1,1,4,1
6,307,70,2,3,0,3,1,3,1,1,1,1,2,0
4,266,0,1,1,2,1,2,1,2,2,1,1,2,0
2,307,307,2,2,7,2,2,2,2,2,1,1,2,0
24,266,292,3,1,5,2,1,1,1,1,1,5,1,0
1,307,307,2,2,0,2,1,2,1,2,1,1,3,1
16,266,0,1,5,0,1,2,2,2,2,1,1,1,0
3,307,0,2,2,5,2,1,1,1,2,1,1,2,0
8,307,0,1,2,0,2,1,1,1,1,1,1,2,0
9,173,307,1,2,5,2,1,1,1,2,1,1,4,1
108,301,251,1,3,0,3,1,1,1,1,1,1,2,0
1,307,0,3,2,5,2,2,1,2,2,1,9,3,1
2,265,0,1,1,0,2,2,2,1,2,1,1,2,0
14,307,72,2,1,2,2,3,2,3,1,1,1,1,0
12,266,0,1,6,7,2,1,1,1,1,1,1,4,1
2,141,307,1,2,7,2,2,2,2,2,1,1,1,0
3,265,0,2,2,4,2,2,2,2,2,1,2,2,0
2,266,0,2,2,4,2,2,1,2,2,1,3,1,0
1,266,0,1,6,7,1,2,1,2,2,1,1,1,0
16,105,0,2,1,2,2,1,2,1,1,1,1,1,0
1,307,0,2,1,2,2,2,2,2,2,1,1,2,0
2,265,0,1,3,7,2,2,2,1,2,1,1,2,0
4,307,0,2,2,0,2,1,1,1,2,1,1,3,1
72,141,0,2,5,0,3,1,2,1,1,1,1,3,1
4,307,0,3,1,5,2,1,2,1,2,1,5,4,1
2,307,0,3,1,2,2,2,1,2,2,1,6,1,0
3,266,266,1,1,2,2,1,1,3,2,1,4,3,1
1,307,0,1,1,2,2,2,2,2,2,1,1,2,0
1,307,0,2,2,0,2,2,1,1,2,1,1,3,1
3,76,307,1,1,7,2,1,1,1,3,1,1,1,0
2,266,0,2,1,7,2,2,1,1,2,1,1,2,0
7,307,0,2,2,0,2,1,1,1,1,1,1,4,1
12,266,0,1,2,7,2,2,2,2,2,1,1,4,1
48,218,205,2,7,0,2,1,3,1,2,1,1,2,0
2,307,0,3,1,2,2,2,1,1,2,1,3,2,0
2,292,0,1,1,7,2,2,1,2,2,1,1,1,0
25,265,0,3,1,2,1,2,2,1,2,1,9,4,1
12,264,0,2,1,6,2,3,3,3,3,1,1,3,1
1,307,307,2,1,2,2,2,1,1,2,1,3,2,0
2,307,0,1,7,0,2,1,1,1,2,1,1,2,0
1,266,0,3,1,5,1,2,1,2,2,1,2,1,0
6,307,0,1,1,0,2,2,1,1,2,1,1,3,1
4,241,266,1,1,2,1,2,1,2,3,1,1,4,1
12,307,0,1,1,2,2,3,2,3,3,1,1,4,1
2,307,0,2,1,3,2,2,1,1,2,1,1,3,1
36,109,0,2,2,3,3,1,2,1,2,1,1,1,0
3,307,0,2,1,2,3,3,1,3,3,1,2,4,1
5,265,0,1,3,7,3,3,2,1,2,1,1,3,1
9,266,0,1,2,0,1,1,1,1,1,1,2,3,1
1,307,307,2,2,7,2,2,2,1,2,1,1,2,0
1,265,241,2,3,5,2,2,2,1,2,1,1,3,1
1,307,0,2,2,7,2,3,1,3,3,1,1,1,0
8,307,0,2,2,0,1,2,1,1,2,1,1,3,1
12,251,243,1,6,7,1,3,1,3,3,1,1,3,1
3,266,0,1,1,6,2,2,1,1,2,1,1,3,1
10,65,65,2,5,0,3,1,2,1,1,1,1,1,0
2,307,0,2,1,7,2,1,1,1,2,1,1,3,1
22,300,265,1,3,4,3,1,2,1,1,1,1,4,1
1,307,0,1,2,0,2,2,1,1,2,1,1,4,1
2,265,0,2,1,7,1,2,2,2,2,1,2,3,1
2,266,265,3,1,2,1,2,1,1,2,1,5,2,0
14,266,0,3,1,2,2,2,2,2,2,1,4,4,1
4,307,0,3,1,3,2,1,1,1,2,1,4,2,0
1,307,307,1,2,0,2,2,1,2,2,1,1,3,1
4,266,0,2,3,7,1,1,1,1,1,1,1,3,1
6,266,0,2,1,2,1,1,1,1,1,1,3,4,1
2,307,0,1,2,7,1,1,1,1,2,1,1,1,0
48,307,307,1,2,0,1,1,1,1,1,1,1,3,1
28,169,0,1,5,0,1,1,3,1,3,1,1,1,0
2,264,266,3,1,7,2,2,2,2,2,1,5,2,0
2,266,0,3,1,2,1,2,1,3,2,1,3,1,0
48,251,0,2,4,5,2,3,2,1,1,1,6,1,0
3,266,0,1,6,7,1,1,1,1,1,1,1,4,1
108,205,0,3,2,7,1,1,2,1,1,1,2,1,0
2,299,0,1,2,4,2,2,1,1,2,1,1,2,0
5,251,0,1,1,7,2,2,1,2,3,1,1,3,1
17,265,0,2,1,4,2,1,2,1,2,1,1,4,1
24,307,0,1,1,2,2,1,1,1,1,1,1,4,1
3,307,0,2,2,7,2,2,1,1,2,1,1,2,0
1,265,265,2,1,0,1,2,2,2,2,1,1,4,1
4,266,0,1,1,0,2,2,2,2,2,1,1,3,1
1,266,0,1,1,2,1,2,1,1,2,1,4,2,0
9,265,0,1,1,6,2,2,2,2,2,1,1,1,0
1,266,299,2,3,6,2,2,1,2,2,1,2,3,1
2,307,20,2,1,2,2,2,1,1,2,1,1,2,0
6,287,0,1,3,7,2,2,2,1,2,1,1,1,0
1,265,0,3,1,7,1,2,2,2,2,1,5,1,0
2,307,0,2,1,2,2,1,1,1,2,1,1,3,1
1,307,0,3,5,7,1,2,2,2,2,1,2,4,1
1,299,0,1,1,5,1,2,1,2,2,1,1,3,1
4,265,0,3,1,5,1,1,2,1,2,1,3,4,1
9,76,0,2,1,7,3,3,1,3,1,1,1,1,0
8,307,0,2,1,2,2,1,1,1,1,1,1,2,0
3,0,266,3,1,4,1,2,1,1,2,1,3,2,0
36,307,0,1,1,2,2,1,2,1,2,1,1,4,1
24,189,0,1,1,0,4,1,2,1,1,1,1,2,0
1,307,307,2,1,2,2,3,2,2,3,1,1,4,1
1,266,0,1,1,4,2,2,1,1,2,1,3,1,0
16,266,0,1,1,7,2,1,1,1,1,1,2,4,1
3,307,0,2,5,0,2,2,1,1,2,1,1,4,1
24,307,0,2,2,0,3,1,1,1,1,1,1,4,1
3,307,0,1,1,3,2,2,1,2,2,1,1,3,1
4,78,307,2,1,5,2,1,1,1,1,1,1,3,1
2,265,265,3,1,6,1,2,2,2,2,1,3,1,0
4,266,0,1,1,6,2,2,2,2,2,1,2,4,1
10,264,0,2,3,6,2,3,3,3,3,1,1,0,0
5,266,0,1,6,7,2,2,1,1,2,1,1,3,1
3,266,0,1,2,5,1,2,1,1,2,1,1,2,0
1,265,0,2,1,2,2,3,2,3,3,1,1,2,0
2,266,299,2,1,6,2,2,1,1,2,1,1,2,0
3,307,0,1,2,7,3,2,1,1,2,1,1,2,0
2,307,0,1,1,7,2,1,2,1,2,1,1,3,1
1,307,103,1,1,2,1,3,1,3,3,1,2,1,0
12,265,0,1,7,0,2,3,2,3,3,1,1,1,0
3,307,0,1,2,0,2,1,2,1,2,1,1,4,1
33,141,0,2,2,0,2,1,1,3,2,1,1,2,0
6,195,218,1,5,6,2,1,2,1,2,1,1,4,1
2,307,307,3,1,2,2,2,1,2,2,1,6,4,1
24,266,0,1,3,4,1,3,1,1,2,1,1,4,1
1,266,265,1,3,7,2,2,1,2,2,1,1,1,0
2,265,0,2,1,4,2,2,2,2,2,1,2,1,0
2,307,307,2,1,2,2,1,2,1,2,1,1,1,0
2,307,0,1,1,2,2,2,1,3,2,1,1,2,0
9,187,307,2,2,7,2,1,2,1,2,1,1,4,1
4,307,0,2,2,0,2,1,1,1,1,1,1,3,1
5,265,0,2,6,0,1,1,2,1,1,1,1,2,0
1,243,283,2,1,6,2,3,1,3,2,1,3,1,0
2,266,0,3,1,4,1,2,1,2,2,1,3,3,1
2,292,265,1,5,7,2,2,2,2,2,1,3,3,1
1,307,307,2,2,0,2,2,2,1,2,1,1,2,0
2,265,292,3,1,2,2,2,2,1,2,1,5,2,0
3,292,295,2,2,7,1,3,1,3,3,1,1,2,0
24,60,179,3,2,7,1,1,2,1,1,1,4,2,0
2,307,307,3,1,5,2,2,2,1,2,1,5,4,1
12,307,0,2,3,5,2,1,1,1,1,1,1,4,1
36,155,155,2,4,7,2,2,2,1,2,1,1,2,0
2,266,0,1,1,0,1,2,1,1,2,1,1,1,0
24,141,307,1,2,0,3,1,1,1,1,1,1,4,1
1,307,0,2,1,2,2,3,1,3,2,1,1,3,1
2,265,0,2,6,7,2,1,2,1,2,1,2,2,0
60,205,0,1,7,0,1,3,3,3,1,1,1,2,0
8,307,0,2,2,0,2,1,1,1,1,1,1,4,1
2,218,307,2,1,3,2,2,2,2,2,1,2,3,1
3,307,0,2,2,0,2,2,1,2,2,1,1,1,0
24,20,307,2,1,3,2,3,1,3,3,1,1,1,0
8,265,0,2,4,5,2,2,2,1,2,1,1,4,1
6,265,0,1,4,7,2,1,2,1,1,1,1,3,1
18,75,307,2,1,7,1,3,3,3,2,1,1,2,0
12,307,0,1,2,0,2,1,2,1,1,1,1,2,0
4,307,307,2,1,2,2,1,2,1,2,1,1,4,1
4,307,0,2,1,2,2,1,1,1,2,1,1,1,0
2,305,0,1,7,0,2,2,1,1,2,1,2,3,1
4,298,0,2,4,5,1,2,1,2,2,1,1,0,0
3,307,0,2,2,0,3,2,1,1,2,1,1,3,1
1,307,307,3,1,2,2,2,1,2,2,1,3,2,0
1,307,0,2,1,0,2,2,2,1,2,1,1,1,0
2,266,0,2,1,2,1,2,1,1,2,1,1,1,0
24,252,0,2,2,3,2,1,2,1,2,1,1,3,1
108,266,0,1,5,7,2,1,1,1,1,1,1,3,1
1,266,0,1,1,7,1,2,2,2,2,1,1,2,0
7,266,0,2,1,7,1,1,1,1,1,1,1,4,1
1,307,0,2,1,2,2,1,1,1,2,1,1,3,1
1,265,0,1,1,7,1,2,1,1,2,1,1,1,0
6,307,0,1,3,4,2,2,1,2,2,1,1,4,1
2,266,0,2,1,2,1,2,1,2,2,1,1,2,0
24,119,213,1,7,0,3,1,2,1,1,1,1,3,1
2,307,0,2,1,2,2,2,2,2,2,1,1,2,0
1,242,243,3,1,2,1,1,2,1,3,1,2,4,1
1,307,307,1,2,7,2,2,2,1,2,1,1,1,0
6,249,0,2,4,7,2,2,1,2,2,1,1,4,1
8,213,213,2,2,5,1,2,2,2,1,1,1,4,1
8,307,0,2,5,0,2,1,2,1,1,1,1,2,0
2,307,0,1,5,7,2,1,1,1,2,1,1,2,0
2,307,307,3,1,2,2,1,2,1,2,1,4,3,1
36,292,0,1,2,7,2,2,1,1,2,1,1,1,0
24,307,307,2,1,2,2,1,2,1,1,1,1,3,1
1,307,307,2,1,2,2,2,1,2,2,1,1,3,1
3,307,0,2,2,0,2,1,2,1,2,1,1,3,1
5,292,0,2,7,0,2,2,2,1,2,1,1,1,0
24,265,0,3,1,2,1,2,2,2,2,1,6,2,0
4,15,307,1,1,2,2,1,3,1,1,1,1,4,1
2,307,0,2,2,5,2,2,1,2,2,1,2,3,1
1,307,307,2,5,0,1,2,2,2,2,1,3,4,1
1,265,285,3,1,6,1,2,2,1,2,1,3,1,0
2,202,307,1,2,5,3,2,1,2,2,1,1,1,0
3,266,0,2,1,7,1,2,1,2,2,1,1,4,1
1,266,0,1,4,7,2,2,1,1,2,1,1,2,0
2,152,307,1,1,2,1,3,1,1,2,1,1,3,1
2,265,0,1,7,0,2,2,2,2,2,1,1,1,0
2,264,265,1,1,2,2,2,2,1,2,1,1,3,1
24,266,0,2,7,0,2,1,2,1,1,1,1,4,1
1,307,0,1,1,2,2,2,2,2,2,1,1,3,1
108,60,0,2,4,7,2,3,1,3,3,1,1,2,0
1,307,0,1,1,2,2,2,2,2,2,1,1,3,1
6,266,0,1,2,3,2,3,1,2,2,1,1,4,1
9,307,39,1,1,7,2,1,1,1,1,1,1,3,1
8,307,0,1,2,7,2,1,2,1,1,1,1,1,0
3,299,0,1,2,0,2,3,1,3,3,1,1,2,0
3,265,0,3,2,0,2,2,2,1,2,1,2,4,1
4,281,295,2,1,6,2,1,1,1,1,1,1,1,0
2,265,0,1,4,7,2,2,2,1,2,1,1,4,1
2,266,0,1,6,0,2,2,1,1,2,1,1,1,0
2,266,0,1,6,7,2,2,1,1,2,1,1,3,1
6,307,78,2,1,2,2,1,1,1,1,1,1,4,1
4,307,103,2,1,2,3,1,2,1,2,1,1,3,1
3,266,0,2,6,7,1,2,2,1,2,1,1,0,0
3,307,0,2,1,2,1,1,2,1,1,1,1,3,1
1,307,0,2,1,7,2,2,1,1,2,1,1,1,0
5,265,0,1,3,4,2,1,2,1,2,1,1,3,1
1,265,265,3,1,4,2,3,2,3,3,1,4,2,0
2,307,0,2,2,0,2,1,1,1,2,1,1,3,1
4,266,0,2,1,6,1,2,1,2,2,1,2,3,1
36,307,0,1,2,0,2,2,1,2,1,1,1,4,1
4,266,0,2,3,6,1,1,1,1,2,1,1,2,0
12,265,299,1,6,7,2,2,2,2,2,1,1,1,0
3,307,0,1,1,0,2,2,1,2,2,1,1,2,0
3,141,192,2,2,7,3,1,1,1,2,1,1,3,1
2,307,0,1,2,0,2,1,1,1,2,1,1,2,0
7,307,0,2,2,0,1,2,1,2,2,1,1,4,1
3,266,0,3,1,6,1,2,1,2,2,1,2,1,0
5,307,0,2,1,0,2,1,1,1,2,1,1,3,1
12,285,0,2,4,6,2,2,3,2,2,1,1,0,0
1,266,0,1,6,7,2,1,1,1,2,1,1,2,0
1,213,307,3,2,5,2,2,2,2,2,1,7,2,0
2,307,0,2,1,2,2,2,1,2,2,1,4,2,0
6,188,0,2,3,0,2,1,1,1,1,1,1,3,1
2,307,0,2,1,2,2,1,2,1,2,1,1,3,1
5,266,0,2,1,4,2,1,1,1,1,1,1,4,1
1,307,0,2,1,2,2,2,2,1,2,1,1,2,0
91,205,0,2,2,7,1,1,2,1,1,1,1,2,0
18,205,0,2,6,7,1,3,3,3,3,1,1,2,0
19,78,0,2,1,2,3,1,1,1,1,1,1,2,0
2,299,0,3,4,6,1,2,2,2,2,1,2,2,0
12,265,0,1,4,5,2,1,2,1,1,1,1,2,0
2,307,0,2,1,2,2,1,2,1,3,1,1,4,1
5,266,0,3,1,7,1,2,1,1,2,1,4,4,1
2,265,0,2,1,0,2,2,2,1,2,1,1,3,1
5,307,0,1,1,0,2,2,3,2,2,1,1,4,1
1,266,0,3,1,4,1,2,1,1,2,1,3,3,1
1,307,0,3,1,2,2,2,2,1,2,1,2,2,0
2,141,307,1,2,3,3,1,2,1,2,1,1,3,1
4,266,0,2,1,2,2,1,1,1,2,1,1,3,1
24,218,103,2,1,2,3,1,2,1,1,1,1,4,1
12,307,0,2,7,0,2,2,1,2,2,1,1,3,1
4,266,0,2,2,3,1,2,1,1,2,1,1,2,0
1,266,0,3,1,7,2,2,2,2,1,1,2,1,0
3,266,0,2,6,0,2,2,1,2,2,1,1,0,0
1,307,0,2,1,2,2,1,2,1,2,1,1,2,0
1,18,307,1,1,0,2,2,2,1,2,1,1,2,0
72,26,0,2,2,0,2,1,2,1,2,1,1,4,1
1,292,265,3,2,5,2,2,2,2,2,1,2,0,0
24,152,0,2,4,0,1,1,1,1,1,1,1,1,0
18,179,0,1,2,3,1,1,2,1,2,1,1,1,0
3,266,0,1,6,0,2,2,1,1,2,1,1,1,0
2,307,0,1,1,2,2,2,2,2,2,1,1,2,0
3,307,0,1,2,4,2,3,2,3,3,1,1,4,1
3,307,307,2,1,0,1,1,2,1,2,1,1,3,1
24,307,0,1,2,5,2,3,1,3,2,1,1,3,1
72,307,0,1,5,7,2,1,2,1,2,1,1,0,0
1,307,0,2,1,2,1,3,1,3,2,1,1,4,1
7,299,0,1,1,0,2,3,2,3,2,1,1,3,1
3,266,0,2,2,5,2,2,1,2,2,1,1,2,0
18,152,307,2,1,2,2,1,1,1,1,1,1,4,1
3,307,307,2,2,0,1,2,1,2,2,1,1,0,0
5,307,0,2,1,2,2,1,1,2,2,1,1,4,1
36,307,0,2,2,0,2,3,1,2,2,1,2,4,1
2,307,0,2,1,2,2,2,1,1,2,1,1,2,0
4,307,0,1,1,2,2,1,2,1,1,1,1,4,1
5,307,0,1,1,0,2,1,1,1,2,1,1,4,1
2,247,0,3,1,3,1,2,2,1,2,1,2,1,0
3,206,109,3,1,6,3,1,2,1,2,1,3,3,1
12,266,0,2,7,0,2,2,1,2,2,1,1,4,1
12,266,0,1,4,0,2,1,1,1,1,1,1,4,1
84,17,0,3,1,3,1,1,2,1,1,1,2,4,1
1,266,0,3,1,6,1,2,1,2,2,1,5,0,0
5,266,266,1,7,0,1,2,1,2,2,1,1,1,0
2,307,307,2,2,7,2,2,2,1,2,1,1,4,1
108,307,0,1,7,0,2,1,1,1,1,1,1,4,1
1,307,307,1,1,2,2,2,2,1,2,1,1,2,0
24,307,0,2,2,0,2,3,1,3,3,1,1,3,1
3,266,0,1,2,7,1,2,2,1,2,1,1,3,1
3,78,307,3,1,2,3,1,1,1,2,1,3,2,0
7,307,0,2,1,7,2,2,2,2,1,1,1,4,1
6,266,0,1,1,7,2,2,1,1,2,1,1,2,0
2,266,0,3,4,5,1,2,1,1,2,1,2,1,0
1,307,307,3,1,2,2,2,1,1,2,1,3,4,1
3,307,0,1,2,5,2,2,1,2,2,1,2,1,0
4,264,0,2,2,4,2,1,3,1,2,1,1,3,1
1,103,307,1,1,2,2,3,2,3,2,1,1,3,1
1,266,0,1,3,4,2,2,1,2,2,1,1,2,0
8,264,0,2,3,4,2,3,3,3,2,1,1,3,1
3,285,282,2,7,0,1,2,3,2,2,1,1,1,0
4,266,0,1,3,7,2,1,1,1,1,1,1,4,1
3,265,0,2,1,6,1,2,2,1,2,1,1,1,0
1,307,307,3,1,7,2,1,1,1,2,1,5,2,0
60,205,0,1,2,7,2,1,2,1,2,1,1,1,0
2,279,0,3,1,6,1,3,1,3,3,1,3,4,1
1,266,0,1,1,2,2,1,1,1,2,1,1,1,0
10,307,0,1,1,5,2,2,2,2,2,1,1,3,1
2,307,0,2,4,0,2,1,1,1,2,1,1,1,0
72,109,0,1,4,5,2,3,2,3,3,1,1,1,0
6,266,266,3,3,0,2,1,1,1,1,1,2,3,1
45,195,205,2,5,7,2,2,2,2,2,1,1,2,0
4,265,279,1,1,0,2,1,2,1,2,1,1,3,1
3,266,0,1,1,7,1,2,1,1,2,1,1,2,0
72,213,103,2,1,0,2,3,2,3,1,1,1,4,1
1,266,0,1,1,7,2,2,1,2,2,1,1,1,0
12,179,0,1,5,0,1,3,2,3,2,1,1,1,0
2,307,0,2,1,5,2,1,1,1,2,1,1,4,1
2,307,0,3,2,5,2,3,1,1,2,1,9,4,1
2,266,266,2,2,7,2,2,1,2,2,1,1,1,0
2,307,307,2,1,0,2,1,1,1,2,1,1,4,1
4,265,0,1,1,2,2,3,2,3,3,1,2,4,1
3,307,0,1,1,2,2,2,2,2,2,1,1,4,1
5,266,0,2,5,7,2,2,1,1,2,1,1,1,0
2,307,0,2,2,0,2,1,1,1,2,1,1,2,0
3,307,0,1,1,2,2,1,1,1,2,1,1,2,0
2,307,0,1,2,0,2,1,1,1,2,1,1,4,1
1,307,307,1,1,2,2,2,2,2,2,1,1,3,1
2,307,0,2,7,0,3,1,1,1,2,1,1,4,1
2,307,0,1,2,3,2,1,1,1,2,1,1,3,1
2,307,307,1,3,0,2,1,2,1,2,1,1,1,0
2,299,299,3,1,2,2,2,1,2,2,1,4,1,0
3,266,266,3,1,2,1,2,2,2,2,1,3,3,1
1,266,266,3,1,7,2,2,1,2,2,1,4,3,1
4,264,285,1,1,0,2,3,3,1,2,1,1,2,0
12,307,0,2,2,0,2,2,2,2,2,1,1,0,0
1,265,0,3,1,4,2,2,1,2,2,1,5,2,0
2,307,0,3,1,2,2,1,1,1,1,1,2,2,0
2,266,254,2,2,0,1,2,1,2,2,1,1,1,0
1,307,0,1,1,2,2,2,2,2,2,1,1,2,0
2,303,0,3,1,2,2,2,1,2,2,1,3,3,1
24,128,0,1,2,7,2,1,1,3,2,1,1,3,1
12,307,0,2,1,0,2,1,2,1,1,1,1,4,1
1,266,0,1,7,0,2,2,1,1,2,1,1,2,0
2,265,0,2,2,0,3,2,2,1,3,1,1,1,0
12,307,109,1,2,3,2,1,2,1,1,1,1,3,1
0,307,0,1,2,0,2,2,1,2,2,1,1,4,1
1,307,307,3,2,0,3,2,1,2,2,1,3,3,1
3,307,0,3,1,7,2,1,2,1,2,1,2,3,1
1,288,271,2,2,7,3,2,3,2,2,1,1,0,0
3,299,265,3,6,0,2,2,2,2,2,1,3,2,0
4,266,0,1,2,7,1,2,1,2,2,1,1,3,1
1,307,307,3,1,3,2,2,2,2,2,1,7,3,1
3,307,0,1,2,0,2,2,2,2,2,1,1,4,1
7,266,0,1,6,7,2,2,1,1,2,1,2,4,1
6,266,0,2,2,4,1,1,1,1,2,1,1,0,0
3,169,0,1,2,5,1,1,2,1,2,1,1,2,0
12,266,0,1,3,0,2,2,1,2,3,1,1,4,1
5,195,207,2,6,7,1,2,1,1,2,1,1,2,0
6,78,307,2,1,2,2,1,1,1,1,1,1,3,1
6,179,147,2,1,2,1,1,1,1,3,1,1,4,1
1,307,0,2,1,0,1,2,1,2,2,1,1,2,0
2,307,0,1,1,2,2,1,2,1,2,1,1,1,0
3,141,307,1,1,7,2,1,2,1,2,1,1,1,0
2,307,0,1,1,2,2,2,1,1,2,1,1,2,0
3,266,0,2,1,7,2,1,1,3,2,1,1,4,1
18,60,0,1,5,7,1,1,1,1,2,1,1,3,1
2,307,0,2,2,7,2,2,1,1,2,1,1,4,1
3,307,0,2,3,0,2,3,1,3,3,1,1,4,1
1,307,0,2,7,0,1,2,1,1,2,1,2,1,0
24,60,0,1,1,2,1,1,1,2,2,1,2,2,0
2,213,307,2,3,5,2,2,2,2,2,1,1,3,1
3,266,0,2,1,3,2,2,1,2,2,1,1,2,0
5,299,0,2,1,6,1,3,1,3,3,1,1,3,1
3,307,0,2,5,7,2,1,1,1,2,1,1,2,0
5,307,0,2,2,3,1,1,1,1,1,1,1,4,1
2,266,0,3,1,2,2,2,2,2,2,1,5,2,0
12,205,0,1,1,7,1,3,2,3,1,1,1,1,0
12,307,0,1,2,5,2,1,1,1,1,1,1,4,1
5,299,0,2,2,0,2,2,1,2,1,1,1,3,1
2,264,276,3,2,6,1,1,2,1,2,1,3,1,0
0,266,0,3,1,2,1,2,1,2,2,1,3,3,1
2,266,0,2,1,6,1,1,1,1,2,1,1,2,0
3,189,307,2,2,5,2,2,1,1,2,1,1,3,1
3,307,307,1,2,7,2,2,2,1,2,1,1,3,1
4,307,0,1,1,2,2,1,2,1,2,1,1,2,0
0,307,0,2,2,7,2,2,2,2,2,1,1,1,0
3,31,307,1,1,0,2,3,1,3,2,1,1,2,0
2,266,0,1,1,0,1,2,1,1,2,1,1,2,0
10,299,266,1,1,3,2,1,2,1,1,1,2,4,1
5,264,0,3,2,4,2,2,3,2,2,1,3,2,0
2,266,0,1,1,7,2,2,1,1,2,1,1,2,0
3,307,189,2,1,2,2,1,1,1,2,1,1,3,1
18,20,76,1,3,7,2,1,1,3,1,1,1,4,1
1,266,0,2,4,7,1,2,1,2,2,1,1,3,1
108,307,0,2,7,0,2,3,1,3,2,1,1,4,1
2,307,0,3,1,2,2,2,1,2,2,1,5,3,1
24,307,0,1,1,2,3,1,2,1,2,1,1,4,1
3,307,0,2,5,0,2,2,1,1,2,1,1,3,1
2,307,0,2,7,0,1,2,1,2,2,1,1,3,1
6,307,0,2,2,0,2,2,1,2,2,1,1,4,1
2,307,0,2,1,0,2,1,1,1,2,1,1,4,1
3,307,0,2,1,2,2,2,1,1,2,1,1,3,1
4,265,266,2,1,0,2,2,2,1,2,1,1,2,0
12,65,0,1,2,0,2,3,3,1,2,1,1,1,0
13,307,0,1,1,4,2,2,1,2,2,1,1,4,1
24,266,265,3,3,5,2,3,1,3,3,1,6,1,0
2,307,0,1,1,2,2,3,1,3,2,1,1,2,0
8,307,0,2,5,0,1,1,1,1,1,1,1,4,1
1,307,0,3,1,2,2,2,2,2,2,1,5,2,0
4,266,0,2,1,7,1,1,1,1,1,1,1,1,0
4,264,0,2,1,2,2,1,3,1,2,1,1,2,0
24,152,0,2,2,0,1,3,1,3,2,1,1,2,0
3,264,266,3,1,4,2,2,2,1,2,1,4,2,0
3,292,0,1,5,7,2,1,1,1,2,1,1,1,0
2,266,0,3,2,7,2,2,1,1,2,1,4,3,1
3,307,307,1,1,2,3,3,1,1,3,1,1,4,1
5,266,0,3,6,0,1,1,1,1,1,1,2,4,1
36,307,0,1,1,7,3,1,3,1,1,1,2,4,1
1,265,0,1,1,2,2,1,2,1,1,1,1,2,0
3,141,17,1,3,5,2,3,1,3,3,1,1,4,1
11,307,307,2,2,7,2,1,1,3,1,1,2,4,1
48,307,0,2,2,7,2,1,1,1,1,1,1,4,1
3,251,254,3,1,2,2,2,2,1,2,1,2,3,1
1,266,0,2,1,2,2,2,1,2,2,1,1,2,0
2,307,307,1,1,2,2,1,2,1,2,1,1,1,0
36,307,0,2,3,0,2,1,1,1,2,1,1,4,1
4,266,0,1,3,0,2,2,2,2,2,1,1,3,1
2,307,0,2,2,4,2,2,1,1,2,1,1,4,1
8,266,266,2,1,2,2,2,1,2,2,1,1,4,1
3,266,0,1,1,7,1,2,1,1,2,1,1,1,0
1,307,0,1,2,0,2,2,1,2,2,1,1,1,0
10,307,0,2,1,3,2,1,1,1,2,1,2,4,1
12,19,0,1,1,2,1,3,1,3,3,1,1,0,0
10,307,0,1,3,0,2,1,2,2,1,1,1,1,0
3,307,0,2,2,6,2,2,1,1,2,1,1,2,0
12,307,0,1,2,3,2,1,1,1,2,1,1,2,0
36,266,0,2,1,2,2,1,2,1,1,1,1,4,1
3,307,0,2,2,7,2,2,1,2,2,1,1,4,1
1,266,285,3,1,6,1,2,2,2,3,1,4,1,0
2,266,0,1,1,4,2,2,1,2,2,1,1,1,0
2,247,242,2,1,2,2,3,2,3,3,1,1,1,0
1,307,0,2,2,0,2,2,3,2,2,1,1,1,0
1,307,0,2,2,5,2,2,1,2,2,1,2,2,0
60,307,0,1,2,5,2,3,2,3,3,1,1,4,1
4,266,241,1,1,0,2,1,1,1,2,1,1,3,1
2,185,0,2,7,0,2,1,2,2,1,1,1,3,1
2,243,0,3,1,6,1,3,1,3,3,1,6,4,1
3,307,0,1,1,2,3,1,1,1,2,1,1,4,1
1,307,141,2,1,0,2,2,2,1,1,1,2,3,1
2,307,0,2,2,7,2,2,1,2,2,1,1,2,0
1,307,0,2,7,0,1,2,1,2,2,1,1,4,1
61,307,307,1,1,2,2,2,2,2,2,1,1,4,1
4,307,0,1,1,2,2,1,2,1,2,1,1,3,1
2,299,0,2,1,7,2,2,1,2,2,1,1,2,0
4,266,265,3,1,6,2,1,2,1,1,1,2,3,1
36,195,0,1,4,5,2,1,2,1,3,1,1,1,0
13,265,0,3,4,6,1,2,2,2,2,1,4,4,1
1,307,0,3,1,6,2,2,1,2,2,1,6,4,1
4,266,0,1,3,7,1,1,2,1,1,1,1,2,0
12,195,0,1,6,0,1,1,2,1,2,1,1,1,0
2,264,266,3,1,7,3,2,2,1,2,1,4,3,1
3,307,0,2,2,0,2,1,2,1,2,1,1,1,0
6,266,0,2,4,7,1,1,1,1,1,1,1,4,1
36,20,0,2,1,2,2,1,1,1,1,1,1,2,0
5,307,0,2,1,2,2,1,1,1,2,1,1,2,0
2,307,0,2,1,2,2,2,1,1,2,1,1,2,0
4,266,303,2,1,2,2,2,1,1,2,1,1,3,1
1,266,0,3,2,3,2,2,1,2,2,1,4,1,0
12,266,0,2,4,6,2,1,1,1,1,1,1,4,1
2,266,0,2,6,7,2,3,1,1,2,1,1,4,1
2,266,0,2,2,5,2,2,1,1,2,1,1,0,0
3,307,0,2,1,0,2,1,1,1,2,1,1,3,1
2,243,0,2,6,0,2,2,1,2,2,1,1,2,0
108,195,0,2,1,0,1,1,1,1,1,1,1,4,1
2,307,0,2,2,5,2,1,2,1,2,1,1,2,0
1,307,0,2,1,7,2,2,2,2,2,1,1,1,0
4,307,0,2,2,7,2,1,1,1,2,1,2,3,1
2,307,0,2,1,2,2,2,2,2,2,1,1,4,1
1,266,0,1,3,7,1,2,1,1,2,1,1,1,0
2,307,0,2,1,0,2,2,1,1,2,1,1,3,1
3,266,0,1,1,6,2,2,1,1,2,1,1,3,1
10,307,0,1,1,2,2,1,1,1,1,1,1,4,1
28,248,264,1,1,0,3,1,3,1,2,1,1,2,0
2,307,0,1,1,0,2,1,1,1,2,1,1,2,0
2,266,0,3,1,3,2,1,2,1,2,1,2,1,0
2,254,0,2,1,2,2,2,1,1,2,1,4,4,1
2,189,307,1,1,2,2,2,2,1,2,1,1,1,0
3,264,0,1,2,0,2,1,3,1,2,1,1,2,0
3,266,0,2,1,2,2,3,1,3,3,1,2,2,0
5,266,264,1,1,7,2,2,1,2,1,1,1,1,0
12,203,0,1,1,2,2,1,3,1,2,1,1,2,0
1,213,307,2,1,2,2,2,1,1,2,1,1,3,1
2,69,98,1,1,2,2,1,2,1,2,1,1,2,0
6,299,0,1,1,6,2,1,2,1,1,1,1,4,1
4,141,0,1,2,3,2,1,2,1,2,1,1,3,1
2,299,266,2,1,6,2,2,1,1,2,1,1,3,1
2,285,266,3,7,0,2,2,2,2,2,1,2,1,0
3,307,0,1,2,0,2,1,2,1,3,1,1,1,0
4,299,0,2,4,7,2,1,1,1,3,1,1,3,1
2,307,0,2,2,0,1,3,1,3,3,1,2,1,0
1,307,0,3,1,2,2,2,1,2,2,1,8,2,0
36,307,0,1,2,0,2,2,2,2,2,1,1,4,1
6,241,0,2,1,3,2,2,2,3,3,1,2,4,1
24,254,0,3,1,3,2,1,1,1,1,1,5,3,1
2,307,0,2,2,5,2,2,2,2,2,1,1,2,0
12,307,0,2,1,2,2,1,1,1,1,1,1,2,0
3,307,0,2,6,0,2,1,1,1,1,1,1,4,1
6,307,141,2,2,0,2,2,1,2,2,1,1,4,1
6,307,307,2,1,2,3,1,1,1,2,1,1,4,1
12,264,0,2,6,0,2,2,3,2,2,1,1,1,0
2,265,299,3,3,5,2,2,2,2,2,1,3,1,0
1,307,0,2,2,0,2,2,1,1,2,1,1,1,0
4,307,0,2,2,0,2,1,3,1,2,1,1,2,0
1,266,0,2,2,6,2,2,1,2,2,1,1,4,1
36,307,307,1,2,7,2,3,1,3,3,1,2,4,1
7,266,266,2,7,0,2,1,1,1,1,1,1,4,1
0,307,0,2,1,2,2,2,1,2,2,1,2,2,0
9,266,0,1,3,0,2,2,1,2,2,1,1,4,1
8,266,0,2,1,2,2,1,1,1,1,1,1,3,1
12,307,119,2,1,7,2,1,1,1,1,1,1,4,1
12,307,0,1,2,5,2,3,1,3,1,1,2,3,1
7,103,103,1,1,4,2,1,2,1,1,1,1,2,0
1,307,0,2,1,2,2,3,1,3,2,1,1,2,0
7,266,266,2,6,7,2,1,1,1,1,1,1,4,1
3,103,307,2,1,2,2,1,2,3,2,1,1,2,0
2,264,0,2,6,7,1,3,3,3,3,1,1,1,0
2,307,307,3,1,2,2,2,1,2,2,1,5,1,0
24,266,0,3,1,3,2,2,1,2,2,1,3,0,0
2,266,0,3,2,6,2,2,1,2,2,1,2,2,0
4,266,265,1,1,0,2,3,1,3,2,1,1,3,1
3,307,0,2,3,5,2,3,2,3,2,1,1,3,1
2,307,0,3,1,2,2,2,2,1,2,1,4,1,0
12,307,0,2,1,2,2,2,2,2,3,1,1,2,0
30,307,0,2,1,3,2,1,1,1,1,1,1,4,1
3,266,0,3,1,7,2,1,1,1,2,1,3,4,1
12,266,0,1,6,7,1,1,1,1,1,1,1,1,0
12,119,103,1,1,2,3,3,2,3,3,1,1,2,0
3,266,0,1,6,7,2,2,1,1,2,1,1,2,0
2,264,265,3,1,2,1,2,2,1,2,1,2,1,0
48,189,0,2,1,2,3,1,2,1,2,1,1,1,0
24,169,0,2,2,5,1,1,3,1,1,1,1,3,1
5,266,0,1,1,6,2,3,1,3,3,1,1,4,1
0,218,218,1,5,0,2,3,3,3,3,1,1,1,0
6,266,0,1,1,0,1,1,1,1,1,1,1,1,0
2,307,218,1,1,2,2,1,2,1,2,1,1,1,0
6,266,0,2,5,7,1,1,1,1,1,1,1,3,1
1,265,0,2,6,7,2,2,2,2,2,1,1,2,0
4,285,266,1,6,0,3,2,2,2,2,1,1,3,1
84,283,0,1,6,7,3,1,1,1,1,1,1,4,1
84,307,195,1,6,7,2,1,2,1,1,1,1,2,0
1,266,0,1,3,5,2,2,1,1,2,1,1,1,0
3,265,265,3,1,2,2,2,2,2,2,1,6,4,1
12,265,266,2,1,2,2,2,2,1,1,1,2,4,1
3,307,0,1,2,0,2,3,2,3,3,1,1,2,0
2,266,299,2,1,3,2,2,1,2,2,1,1,2,0
2,141,0,1,4,5,2,3,2,1,3,1,1,1,0
3,307,0,1,5,0,2,2,1,1,2,1,1,1,0
12,266,0,2,7,0,2,1,1,1,1,1,1,3,1
48,109,0,1,3,0,3,1,2,1,2,1,1,1,0
4,265,0,1,3,0,1,2,2,1,2,1,1,0,0
3,266,0,2,7,0,1,2,1,2,2,1,1,4,1
15,307,0,1,7,0,2,2,1,1,1,1,1,2,0
1,307,0,3,1,2,1,2,1,2,2,1,9,2,0
5,218,0,2,2,7,2,1,3,1,2,1,2,2,0
2,307,0,2,2,7,2,2,2,2,2,1,1,2,0
1,266,0,2,4,5,2,2,1,1,2,1,1,2,0
3,307,0,2,2,0,2,3,2,3,3,1,1,4,1
3,292,0,2,2,7,2,1,2,1,2,1,1,2,0
1,307,0,2,1,2,2,2,1,2,2,1,1,1,0
2,266,0,2,2,0,2,2,1,1,2,1,1,2,0
4,307,0,2,2,7,2,2,1,1,1,1,1,2,0
48,266,0,2,1,2,2,1,1,1,1,1,1,4,1
36,195,0,2,6,7,2,1,2,1,2,1,1,1,0
1,266,0,1,1,7,1,2,1,2,2,1,1,1,0
3,307,0,3,1,5,2,1,1,1,2,1,2,4,1
24,75,228,1,1,2,2,1,2,1,1,1,1,2,0
2,307,0,1,5,0,3,3,1,3,3,1,1,1,0
12,307,0,2,2,0,1,1,2,1,2,1,1,3,1
2,307,0,3,2,3,1,2,1,2,2,1,9,2,0
2,307,0,2,1,0,2,2,1,2,2,1,2,2,0
1,70,307,1,1,2,2,2,1,2,2,1,1,2,0
108,141,0,2,5,0,3,1,1,2,1,1,1,4,1
9,295,0,1,2,7,2,1,1,1,1,1,1,4,1
6,276,0,1,1,0,2,2,2,2,2,1,1,1,0
3,283,283,3,1,3,1,2,1,2,2,1,3,3,1
1,307,307,3,1,2,2,3,1,3,3,1,2,2,0
24,167,0,2,7,0,1,1,3,1,1,1,1,0,0
2,307,0,1,2,5,2,2,2,2,2,1,1,2,0
2,306,265,1,1,7,3,2,2,1,3,1,1,1,0
6,265,0,2,1,2,2,2,2,1,2,1,1,2,0
4,247,0,2,1,4,1,1,1,1,2,1,1,1,0
1,81,307,2,1,2,2,2,1,2,2,1,1,1,0
3,299,0,2,1,2,1,2,1,1,1,1,5,4,1
2,307,0,2,2,7,2,1,2,1,2,1,1,3,1
60,169,0,2,5,0,1,1,2,1,1,1,1,4,1
2,307,0,1,7,0,2,1,1,1,2,1,1,1,0
3,266,0,1,1,0,1,2,1,1,2,1,1,1,0
3,266,0,2,1,2,2,2,1,2,3,1,1,4,1
48,205,0,2,2,5,1,1,3,1,1,1,1,4,1
24,20,0,2,1,2,2,3,1,3,3,1,1,3,1
11,266,0,2,1,0,2,1,1,1,1,1,1,2,0
2,307,0,1,1,2,2,2,2,2,2,1,1,2,0
2,307,0,1,1,0,2,1,1,1,2,1,1,3,1
1,265,0,2,7,0,1,2,2,1,2,1,1,1,0
4,307,307,2,2,0,3,1,1,1,2,1,1,4,1
2,266,0,1,3,7,1,1,1,1,2,1,1,1,0
1,264,0,3,1,3,1,2,2,2,2,1,2,4,1
3,266,0,2,6,7,1,2,1,2,2,1,1,3,1
7,266,0,3,6,7,2,2,1,1,2,1,2,3,1
1,307,0,2,1,7,2,2,1,1,2,1,1,3,1
108,266,0,2,1,2,2,1,1,1,1,1,1,3,1
2,285,264,1,3,4,2,2,3,2,2,1,1,1,0
17,76,307,2,1,7,2,1,1,1,1,1,1,2,0
4,266,0,3,1,2,2,2,2,2,2,1,2,3,1
5,109,307,2,3,0,1,3,2,2,2,1,1,1,0
1,307,0,3,1,5,2,2,1,1,2,1,4,4,1
12,307,103,1,1,2,1,1,1,1,2,1,1,3,1
1,307,0,2,2,0,2,2,1,1,2,1,1,1,0
72,179,0,2,5,0,1,2,1,2,2,1,1,3,1
1,307,0,2,2,0,2,3,1,3,2,1,1,3,1
6,307,307,1,1,2,2,1,1,1,2,1,1,3,1
10,128,0,2,2,7,1,1,1,1,2,1,1,4,1
12,307,141,2,5,7,2,3,1,3,3,1,1,1,0
2,264,265,2,1,6,2,2,2,1,2,1,1,3,1
4,266,0,2,2,4,1,1,1,1,2,1,1,2,0
2,265,0,1,2,3,2,3,1,1,2,1,1,3,1
5,266,0,2,2,4,2,2,1,2,2,1,1,3,1
3,307,0,2,2,0,2,1,1,1,2,1,1,3,1
24,307,0,1,5,0,1,3,1,3,1,1,1,1,0
3,307,307,3,3,5,2,3,1,3,3,1,2,2,0
6,274,0,1,6,7,2,2,1,1,1,1,1,2,0
0,265,0,1,2,3,1,3,2,3,3,1,1,4,1
3,265,0,2,1,2,2,2,2,2,2,1,1,3,1
96,58,0,2,2,7,1,1,1,1,3,1,1,1,0
2,307,0,1,1,7,2,1,1,1,2,1,1,2,0
24,307,0,2,1,7,2,1,1,1,3,1,1,4,1
10,266,0,2,2,3,1,1,1,1,2,1,1,4,1
60,307,0,1,1,0,2,2,2,2,3,1,2,4,1
36,195,307,1,1,7,2,3,2,3,3,1,1,3,1
3,266,0,1,4,7,2,2,1,1,2,1,1,1,0
24,265,0,2,1,7,2,1,2,1,1,1,1,4,1
12,307,0,3,2,0,2,3,2,3,3,1,2,2,0
6,292,265,2,3,7,1,1,1,1,1,1,1,2,0
3,266,0,2,4,7,2,2,1,1,2,1,1,1,0
1,307,26,2,1,2,3,1,2,1,2,1,1,2,0
1,265,0,3,2,3,1,2,2,2,2,1,2,1,0
6,254,0,2,1,2,2,1,1,1,1,1,1,4,1
2,307,307,2,5,0,2,1,2,1,2,1,1,1,0
8,307,0,1,1,2,2,1,1,1,1,1,1,2,0
10,264,0,2,2,7,1,1,3,1,1,1,1,3,1
5,266,0,2,1,2,2,2,1,2,2,1,3,2,0
24,266,0,1,3,7,3,2,1,2,2,1,1,4,1
2,307,0,1,2,7,1,2,1,1,2,1,1,2,0
24,128,307,2,2,5,1,1,2,1,1,1,1,3,1
1,307,0,3,1,2,2,2,1,2,2,1,5,2,0
5,307,307,1,1,0,2,1,2,1,2,1,1,3,1
7,300,0,2,1,3,1,2,2,2,2,1,1,4,1
15,78,307,1,1,2,2,1,1,1,1,1,1,1,0
2,266,265,3,1,6,1,2,2,2,2,1,2,4,1
2,307,307,1,2,0,2,2,2,1,2,1,1,2,0
24,20,307,1,2,7,2,3,1,3,2,1,1,4,1
2,266,0,1,3,5,2,2,1,1,2,1,1,2,0
3,266,0,1,2,3,1,2,1,1,2,1,1,1,0
36,195,0,3,6,0,2,3,1,3,2,1,2,4,1
2,307,0,2,2,0,3,2,2,1,2,1,1,2,0
24,307,0,2,2,0,2,3,2,3,3,1,1,4,1
4,152,307,2,1,2,2,1,1,1,1,1,1,3,1
2,253,264,3,5,6,1,2,2,2,2,1,5,3,1
4,307,0,2,2,7,2,1,1,1,1,1,2,4,1
1,307,0,1,2,0,2,2,2,2,2,1,1,2,0
48,307,0,2,2,0,2,1,2,1,1,1,1,4,1
4,266,0,2,4,7,2,1,2,1,2,1,1,4,1
48,109,0,1,3,0,3,1,2,1,2,1,1,3,1
1,307,0,2,2,0,2,1,1,1,2,1,3,2,0
1,265,0,3,1,0,2,2,2,1,2,1,3,4,1
36,266,0,2,2,5,3,1,1,1,1,1,1,2,0
1,307,0,3,2,7,2,1,1,1,2,1,2,3,1
2,266,0,2,6,0,2,1,1,1,2,1,1,1,0
5,266,0,3,1,6,1,2,1,2,2,1,4,4,1
24,307,0,1,1,5,1,3,2,3,3,1,1,2,0
4,266,0,2,1,6,2,2,1,3,2,1,1,2,0
2,266,0,3,5,7,3,2,1,1,2,1,4,0,0
1,307,0,1,1,2,1,2,2,2,2,1,1,2,0
3,307,0,2,2,4,2,1,1,1,1,1,3,3,1
6,266,0,1,1,7,2,2,1,2,2,1,1,2,0
56,205,0,2,5,7,1,1,3,1,2,1,1,4,1
8,307,0,2,6,7,1,1,1,1,1,1,1,4,1
3,266,0,3,1,0,2,2,1,2,2,1,5,4,1
48,266,292,2,2,6,1,1,1,1,1,1,2,4,1
3,307,0,1,1,0,2,1,1,1,2,1,1,2,0
4,266,299,1,2,3,1,2,1,2,2,1,1,2,0
7,285,264,1,1,2,3,1,3,1,2,1,1,1,0
2,266,0,2,6,0,2,2,1,2,2,1,1,1,0
8,266,0,2,1,4,1,3,1,3,3,1,1,4,1
0,5,0,2,1,2,1,2,1,2,2,1,1,1,0
3,307,0,3,1,2,2,2,1,2,2,1,3,3,1
3,265,0,1,4,6,2,2,2,2,2,1,3,2,0
1,303,299,3,1,3,2,2,1,1,2,1,3,2,0
32,205,0,1,7,0,1,3,3,3,3,1,1,1,0
1,307,0,2,1,2,2,2,2,2,2,1,2,2,0
2,265,0,2,2,6,2,2,2,2,2,1,1,1,0
1,307,0,2,1,2,2,2,1,2,2,1,5,4,1
24,307,0,1,1,2,2,1,1,1,1,1,1,4,1
10,307,0,2,2,0,2,1,1,1,1,1,1,4,1
13,266,0,1,1,2,2,1,1,1,2,1,1,1,0
3,307,0,3,1,2,2,2,1,1,2,1,4,2,0
1,266,292,2,2,5,2,2,1,1,2,1,1,1,0
3,265,285,2,1,4,2,2,2,1,2,1,1,3,1
1,307,0,1,1,2,2,2,1,2,2,1,1,2,0
2,307,0,2,1,2,2,1,1,1,2,1,3,3,1
108,195,0,1,6,7,1,3,1,1,3,1,1,3,1
16,247,0,1,2,7,2,2,2,1,2,1,2,2,0
2,307,307,1,1,2,2,1,1,2,2,1,1,1,0
4,265,0,2,1,2,2,3,2,3,1,1,1,4,1
2,307,307,2,7,0,2,2,1,2,2,1,1,1,0
7,285,268,2,3,4,1,1,3,1,2,1,1,0,0
10,307,0,2,2,7,2,1,1,1,1,1,1,4,1
9,128,0,2,1,2,1,1,1,1,1,1,1,1,0
12,307,0,1,1,0,1,3,1,3,2,1,1,3,1
15,109,0,2,3,0,3,2,3,2,3,1,1,0,0
3,266,0,3,2,0,2,2,1,1,2,1,2,3,1
24,266,299,2,1,2,2,2,1,1,1,1,1,4,1
65,44,0,2,2,3,3,1,1,1,2,1,2,2,0
60,253,0,2,2,3,2,1,3,1,2,1,1,3,1
4,247,266,2,1,2,1,2,2,2,2,1,3,3,1
1,307,0,2,7,0,2,1,1,1,2,1,1,1,0
3,285,266,2,1,3,2,2,2,2,2,1,1,2,0
2,307,0,2,7,0,2,2,1,2,2,1,1,3,1
3,266,0,1,1,2,1,2,1,2,2,1,2,2,0
3,307,0,2,2,0,2,2,2,2,2,1,1,3,1
3,122,187,1,1,7,2,2,3,1,2,1,1,4,1
1,307,189,2,1,3,2,3,2,3,3,1,1,1,0
4,266,0,2,1,0,2,3,1,3,2,1,1,3,1
2,307,307,3,2,4,3,2,2,2,2,1,4,2,0
4,266,0,2,3,7,2,3,2,1,2,1,1,3,1
3,307,0,1,7,0,2,3,1,1,2,1,1,3,1
12,266,0,1,1,2,3,1,1,1,1,1,1,4,1
1,39,218,3,1,5,2,2,1,1,2,1,4,1,0
1,264,299,2,4,6,3,2,2,2,2,1,1,3,1
24,266,299,2,1,2,2,1,1,1,1,1,1,4,1
2,254,0,2,1,2,1,2,2,2,2,1,1,2,0
1,307,307,3,2,5,2,2,1,2,2,1,5,2,0
2,307,141,2,2,7,2,2,2,2,2,1,1,1,0
4,265,0,2,1,6,2,2,2,1,3,1,1,1,0
6,307,0,1,5,0,2,1,1,1,2,1,1,4,1
60,213,307,1,1,7,1,1,2,1,1,1,1,4,1
2,307,0,1,2,3,2,2,1,2,2,1,1,3,1
3,307,307,2,1,2,2,2,2,1,2,1,1,2,0
12,103,0,2,1,2,3,3,2,3,3,1,1,2,0
4,288,285,2,1,7,1,2,3,2,3,1,1,2,0
42,103,307,1,1,0,2,1,2,1,2,1,1,4,1
6,307,0,1,1,0,2,1,1,1,1,1,1,3,1
2,285,264,2,4,7,2,2,3,1,2,1,1,2,0
3,306,0,1,1,7,1,1,1,1,2,1,1,4,1
4,141,307,2,5,0,3,3,2,3,2,1,1,2,0
4,307,0,2,3,5,2,3,1,3,3,1,1,4,1
2,266,0,2,1,2,2,2,2,2,2,1,1,4,1
1,307,0,1,2,5,2,2,1,1,2,1,1,1,0
3,266,0,2,1,2,1,2,1,2,2,1,1,2,0
2,307,0,2,1,2,2,2,1,2,2,1,1,3,1
1,307,307,2,3,5,2,1,2,1,2,1,1,1,0
3,265,0,2,2,4,2,2,2,1,2,1,1,2,0
1,307,0,2,2,7,2,3,1,3,2,1,1,2,0
1,264,266,3,1,2,1,2,2,2,2,1,3,1,0
1,307,0,2,2,3,2,2,1,2,2,1,2,4,1
2,307,0,3,1,2,2,2,1,2,2,1,9,3,1
3,292,0,2,1,2,1,2,1,1,2,1,1,1,0
24,299,0,2,6,0,2,1,1,1,1,1,1,2,0
2,307,0,2,5,0,2,1,1,1,1,1,1,3,1
5,266,303,2,1,3,2,2,1,1,2,1,1,3,1
84,49,0,2,7,0,2,1,1,1,1,1,1,4,1
7,307,0,1,1,7,1,2,1,2,2,1,1,4,1
3,247,243,1,3,4,2,2,1,2,2,1,1,1,0
1,307,0,3,2,5,2,2,1,2,2,1,7,4,1
5,265,254,2,7,0,1,1,2,1,2,1,1,2,0
4,266,264,2,1,4,2,2,3,2,2,1,1,1,0
2,266,265,2,1,6,1,2,2,1,2,1,2,1,0
36,285,264,1,5,0,2,2,3,1,1,1,1,4,1
12,264,285,2,1,2,2,3,3,3,3,1,1,2,0
2,266,0,1,2,7,2,2,1,1,2,1,1,3,1
2,266,0,1,6,7,2,1,1,1,2,1,1,2,0
8,128,0,1,1,2,1,1,1,1,1,1,1,3,1
3,307,0,2,1,7,2,1,1,1,2,1,1,4,1
12,266,0,2,1,7,2,2,2,2,2,1,1,4,1
6,265,0,2,5,7,2,2,2,1,2,1,1,3,1
3,299,0,1,1,6,2,2,1,1,2,1,1,1,0
1,265,305,3,4,6,2,3,3,3,3,1,4,1,0
2,307,0,2,2,0,2,2,1,2,2,1,2,1,0
6,266,0,2,2,7,1,1,1,1,1,1,1,3,1
2,307,307,1,2,3,2,2,2,2,2,1,1,3,1
12,266,264,1,2,7,2,1,2,1,1,1,1,2,0
60,266,266,3,4,7,2,2,1,1,1,1,2,2,0
3,266,0,1,1,7,2,1,1,1,3,1,1,2,0
2,307,0,1,7,0,2,1,1,1,2,1,1,1,0
1,266,0,2,4,7,2,2,1,1,2,1,1,2,0
2,307,0,2,2,0,2,1,2,1,2,1,1,2,0
2,307,0,3,1,2,2,2,2,2,2,1,5,3,1
1,307,307,2,2,6,2,2,1,1,2,1,6,3,1
5,266,0,2,3,4,2,2,1,1,2,1,1,4,1
2,307,307,2,2,0,2,2,1,2,2,1,1,3,1
5,307,0,2,1,2,2,3,1,3,3,1,1,4,1
36,254,0,2,1,4,2,1,2,1,1,1,1,4,1
3,285,247,2,1,4,2,2,1,2,2,1,1,3,1
2,307,0,2,2,5,2,2,1,1,2,1,1,0,0
2,266,266,1,4,0,2,1,1,1,2,1,1,1,0
12,307,0,2,1,2,2,3,1,3,1,1,1,4,1
2,307,0,3,1,2,2,2,1,2,2,1,3,1,0
3,266,0,1,1,6,2,2,1,2,2,1,1,4,1
1,266,0,2,3,4,2,2,1,2,2,1,1,1,0
1,300,0,3,1,6,2,2,2,1,2,1,2,1,0
24,179,205,2,1,2,1,1,3,1,1,1,1,3,1
1,266,0,3,1,4,2,2,1,2,2,1,4,1,0
3,266,0,2,1,4,1,1,1,1,2,1,1,2,0
12,307,70,2,1,2,2,1,2,1,1,1,1,4,1
8,307,0,2,1,3,2,1,2,1,1,1,1,3,1
12,282,0,2,4,7,2,1,2,3,2,1,1,1,0
2,266,0,2,1,7,1,1,1,1,1,1,1,4,1
1,266,0,2,1,3,2,2,1,2,2,1,1,1,0
36,109,0,1,3,0,2,1,2,1,3,1,1,2,0
53,266,0,1,1,6,2,1,2,1,1,1,1,2,0
3,307,0,2,2,0,2,1,1,1,2,1,1,3,1
3,266,0,1,3,5,2,2,1,1,2,1,1,1,0
1,206,189,1,1,2,1,2,1,2,2,1,1,1,0
4,266,266,2,6,7,1,2,1,2,2,1,1,1,0
24,307,0,1,1,2,2,1,1,1,2,1,1,3,1
5,179,0,1,2,0,1,1,2,1,2,1,1,1,0
2,307,307,3,1,2,2,1,1,1,3,1,4,4,1
48,109,0,2,3,0,3,1,3,1,1,1,1,3,1
1,266,0,1,1,6,2,3,1,1,2,1,1,1,0
24,307,0,1,1,2,2,1,1,1,1,1,1,2,0
3,299,265,2,1,2,1,2,2,1,2,1,1,1,0
1,265,294,2,6,0,2,2,2,2,3,1,1,1,0
2,307,0,3,1,2,2,2,2,2,2,1,3,2,0
3,307,0,1,2,7,2,1,2,1,2,1,1,1,0
3,266,0,1,1,0,2,2,1,2,2,1,1,4,1
5,266,0,2,1,2,1,2,1,2,2,1,1,1,0
24,264,0,2,1,7,2,1,3,1,2,1,1,1,0
1,265,0,2,2,5,1,2,2,2,2,1,1,1,0
2,266,284,2,2,6,1,2,1,2,2,1,1,4,1
15,307,0,2,1,2,2,1,2,1,1,1,1,4,1
24,307,307,2,2,0,2,3,2,3,3,1,1,3,1
60,207,307,2,3,5,2,1,2,1,1,1,1,2,0
2,307,0,2,1,0,1,1,1,1,2,1,1,1,0
60,69,0,1,3,5,2,1,3,1,1,1,1,1,0
1,307,307,1,2,0,2,2,2,1,2,1,1,2,0
2,243,0,2,1,4,2,2,1,2,2,1,1,1,0
3,277,0,3,1,2,2,2,1,2,2,1,4,1,0
1,307,0,2,1,2,2,2,2,2,2,1,1,3,1
36,60,0,1,2,0,1,1,1,1,2,1,1,1,0
2,266,265,2,2,4,1,3,2,3,1,1,2,2,0
60,307,0,2,1,2,3,1,1,1,1,1,1,3,1
7,265,265,1,6,7,2,1,2,1,1,1,1,3,1
24,265,0,1,1,0,2,2,2,2,2,1,1,1,0
3,307,307,3,1,2,2,2,2,2,2,1,6,4,1
3,266,0,2,1,0,1,2,1,1,2,1,1,1,0
6,266,0,3,4,6,2,3,2,3,1,1,3,4,1
2,218,0,3,1,2,2,2,1,2,2,1,2,1,0
1,307,0,2,5,0,2,2,1,2,2,1,1,2,0
12,307,0,1,1,7,2,3,2,3,3,1,1,1,0
1,307,307,2,5,0,2,2,2,2,2,1,1,2,0
3,265,254,2,1,4,2,2,2,1,2,1,1,4,1
1,266,0,1,4,7,2,2,2,2,2,1,2,4,1
5,307,0,1,2,7,2,2,1,1,1,1,4,4,1
3,307,0,2,2,7,1,3,1,3,3,1,1,3,1
2,307,0,2,2,0,2,1,2,2,2,1,1,4,1
2,307,0,2,1,2,2,2,1,1,2,1,1,2,0
3,307,0,1,1,2,2,2,1,2,2,1,2,2,0
3,307,176,1,1,2,3,1,1,1,2,1,2,4,1
2,276,285,2,1,6,2,2,2,1,2,1,1,2,0
1,307,0,2,1,0,2,2,1,2,2,1,1,3,1
3,307,0,2,2,4,2,1,1,1,1,1,1,4,1
4,307,0,1,1,0,2,2,1,1,2,1,1,3,1
3,299,0,3,4,6,2,3,1,3,3,1,4,3,1
6,307,0,2,1,2,1,1,1,1,2,1,1,4,1
2,307,0,1,7,0,2,1,1,1,2,1,2,2,0
2,307,0,1,1,2,2,1,1,1,3,1,1,1,0
1,307,0,3,1,2,2,3,1,3,3,1,5,1,0
2,307,0,2,5,0,2,2,1,2,2,1,1,2,0
6,265,0,3,1,4,2,1,1,1,1,1,2,4,1
24,307,0,1,5,0,2,1,1,1,1,1,1,2,0
2,307,0,1,5,0,2,1,2,1,2,1,1,1,0
2,266,0,1,1,6,2,2,1,2,2,1,2,4,1
84,266,0,1,1,2,3,2,1,1,1,1,1,4,1
2,307,0,2,1,2,2,1,1,1,2,1,1,2,0
1,307,0,1,1,2,1,2,1,2,3,1,1,2,0
2,307,0,1,1,2,2,2,1,2,2,1,1,3,1
6,266,0,2,1,2,2,2,1,2,2,1,1,2,0
12,264,265,1,1,7,3,1,2,1,1,1,1,4,1
17,266,0,3,2,6,2,2,2,2,2,1,4,4,1
2,307,0,2,3,7,2,2,1,2,2,1,1,3,1
36,266,303,2,1,2,2,1,1,1,1,1,1,4,1
2,266,0,1,1,7,1,2,1,1,2,1,1,3,1
48,266,266,1,7,0,2,3,1,3,3,1,1,2,0
4,306,306,1,1,7,3,1,1,1,2,1,1,4,1
3,307,0,2,1,0,2,1,2,1,2,1,1,4,1
12,292,276,1,1,3,2,3,2,1,2,1,1,3,1
2,265,0,2,1,4,2,2,2,2,2,1,1,2,0
3,265,0,2,1,4,2,2,2,2,2,1,1,2,0
4,307,307,1,5,7,2,1,1,1,2,1,1,2,0
12,266,266,2,2,7,1,2,1,2,1,1,1,4,1
2,307,0,1,1,2,2,2,1,2,2,1,2,2,0
6,254,265,2,1,4,1,1,2,1,1,1,1,2,0
18,307,0,2,2,0,2,1,1,1,1,1,1,3,1
2,266,0,2,5,7,1,2,1,1,2,1,1,1,0
2,266,0,2,2,4,2,3,1,3,2,1,1,1,0
48,307,0,2,1,0,1,3,3,3,3,1,1,3,1
12,265,0,2,1,3,2,2,2,2,2,1,1,2,0
1,307,0,2,5,0,2,2,2,1,2,1,1,3,1
2,292,0,3,2,5,1,2,2,2,2,1,4,3,1
2,307,0,1,1,2,2,2,1,2,2,1,1,1,0
3,264,0,1,1,0,3,2,3,2,2,1,4,1,0
24,307,0,2,1,2,2,1,1,1,1,1,1,2,0
1,307,0,3,1,2,2,2,1,2,2,1,2,1,0
2,307,0,2,1,2,2,1,1,1,1,1,1,3,1
7,75,192,2,1,0,2,1,2,1,1,1,1,2,0
48,307,0,2,2,0,2,1,1,1,1,1,1,3,1
1,307,0,1,1,0,2,1,1,1,2,1,1,3,1
72,266,266,2,6,0,2,1,1,1,1,1,1,4,1
14,266,0,1,2,7,2,1,1,1,1,1,1,4,1
3,265,0,2,1,2,2,2,2,2,2,1,1,2,0
2,307,0,2,2,0,2,3,2,3,3,1,1,4,1
36,307,0,1,1,0,2,1,2,1,1,1,1,4,1
3,307,78,2,1,2,3,1,2,1,2,1,1,4,1
24,307,0,1,2,7,2,1,1,1,1,1,1,3,1
4,307,0,3,1,2,2,2,1,2,2,1,5,4,1
3,141,20,2,1,2,2,3,2,3,2,1,1,2,0
1,307,0,2,1,2,2,3,1,3,3,1,2,4,1
4,307,0,1,2,0,2,1,1,1,2,1,1,4,1
36,307,0,1,1,2,3,1,1,1,1,1,1,2,0
0,307,0,3,1,2,1,2,1,2,2,1,6,2,0
12,307,0,1,1,2,2,1,1,1,1,1,1,3,1
24,285,0,2,3,0,1,3,2,3,1,1,1,1,0
3,109,307,1,2,3,2,2,3,2,2,1,1,3,1
5,307,0,2,4,5,2,1,1,1,2,1,1,4,1
6,307,0,2,1,2,2,1,1,1,1,1,1,4,1
36,182,173,1,2,7,3,1,1,1,1,1,1,4,1
12,307,0,2,1,0,1,3,2,3,2,1,1,4,1
2,266,0,2,4,5,1,3,1,3,3,1,1,1,0
12,265,265,1,4,0,2,2,3,2,2,1,1,4,1
14,307,0,2,1,2,2,1,1,1,1,1,1,1,0
1,307,0,1,2,7,2,2,2,2,2,1,1,1,0
1,299,0,1,6,0,1,2,1,2,2,1,1,1,0
1,266,0,2,1,2,1,3,1,1,2,1,1,3,1
2,307,0,1,1,2,2,3,1,3,2,1,5,4,1
1,266,266,3,1,4,2,2,1,2,2,1,2,1,0
4,265,0,2,1,6,2,2,2,2,2,1,1,1,0
2,307,103,2,1,2,2,1,2,1,1,1,1,2,0
84,152,0,1,1,2,1,3,2,1,2,1,1,2,0
6,307,0,1,7,0,2,1,2,1,1,1,1,4,1
1,307,189,3,1,6,2,3,1,3,2,1,2,1,0
3,266,0,1,1,6,1,1,1,1,3,1,1,2,0
2,307,307,1,2,5,2,3,2,3,2,1,1,0,0
6,307,0,2,2,0,2,3,1,1,3,1,1,1,0
1,266,0,3,1,2,1,2,1,2,2,1,4,2,0
12,265,0,2,7,0,2,3,2,3,3,1,1,2,0
60,60,0,2,2,7,1,1,2,1,2,1,1,1,0
3,266,0,2,1,7,1,1,2,1,2,1,1,1,0
2,173,307,1,2,0,2,1,1,1,2,1,6,2,0
5,20,0,1,1,2,2,1,1,1,2,1,1,1,0
12,292,299,2,2,6,2,1,1,1,1,1,1,4,1
1,265,0,1,4,5,1,2,2,2,1,1,1,1,0
3,307,0,1,1,2,2,1,2,1,2,1,1,1,0
6,266,0,1,5,0,2,1,1,1,2,1,1,1,0
12,292,0,2,2,3,2,2,1,2,2,1,1,2,0
1,307,0,3,2,7,2,2,2,2,2,1,5,1,0
2,307,0,3,1,2,2,2,1,2,2,1,4,2,0
2,266,0,1,1,6,1,1,2,1,2,1,1,2,0
8,276,288,2,1,2,2,2,3,2,2,1,1,1,0
5,265,0,1,1,0,3,1,2,2,2,1,1,4,1
1,307,0,2,1,2,1,2,2,2,2,1,1,0,0
2,307,0,3,1,2,2,2,1,1,2,1,5,4,1
0,266,0,3,1,2,2,2,1,2,2,1,3,1,0
4,307,0,2,1,7,2,1,1,1,1,1,1,1,0
7,307,75,2,2,0,1,1,1,1,1,1,1,2,0
30,276,265,2,3,7,2,1,2,1,1,1,1,1,0
3,266,0,2,1,7,2,2,2,2,2,1,1,1,0
6,307,0,2,1,7,2,1,2,1,2,1,1,4,1
3,285,264,1,4,0,1,2,2,2,2,1,1,4,1
2,266,0,3,2,6,1,2,1,2,2,1,3,2,0
3,265,0,2,6,7,2,1,2,1,2,1,1,1,0
12,265,265,1,4,7,2,1,2,2,2,1,1,4,1
3,307,0,2,6,7,3,1,2,1,2,1,2,2,0
3,299,285,3,1,3,2,2,1,1,2,1,3,1,0
2,307,0,1,1,0,2,1,1,1,3,1,1,4,1
3,307,0,2,1,7,2,2,1,1,2,1,1,1,0
48,266,299,2,1,2,2,1,1,1,1,1,1,2,0
1,307,0,2,1,2,2,2,1,2,2,1,1,2,0
48,205,0,1,1,0,1,1,2,1,2,1,1,1,0
24,265,0,2,6,0,2,2,2,1,2,1,1,3,1
3,266,299,2,3,5,2,2,2,2,2,1,1,4,1
1,307,0,3,1,2,2,2,1,2,2,1,2,2,0
2,266,0,1,4,0,2,2,1,2,2,1,1,1,0
4,299,0,1,6,0,1,2,1,1,2,1,1,3,1
84,152,218,1,2,3,1,3,1,3,3,1,1,4,1
1,307,0,2,1,2,2,2,1,2,2,1,1,3,1
3,307,128,2,2,7,2,2,2,1,1,1,1,2,0
1,307,0,2,2,5,2,2,1,2,2,1,1,1,0
15,266,0,2,7,0,2,1,1,1,1,1,1,1,0
2,264,0,1,1,7,1,2,3,2,2,1,1,3,1
2,266,0,1,2,7,2,2,1,2,2,1,1,4,1
2,264,0,1,1,0,1,2,2,1,2,1,1,4,1
1,292,266,3,6,7,1,2,2,1,2,1,3,2,0
4,307,36,2,1,2,2,1,2,1,1,1,1,3,1
0,266,0,3,2,5,2,2,2,2,3,1,3,3,1
3,307,0,2,2,7,2,2,1,1,2,1,1,3,1
1,265,266,3,6,0,1,2,2,2,2,1,2,3,1
12,218,307,3,2,0,1,3,1,3,3,1,4,4,1
2,265,0,3,1,2,2,2,2,2,2,1,4,3,1
2,266,0,1,3,0,2,2,2,2,2,1,1,1,0
6,264,266,2,1,4,2,3,2,1,2,1,1,3,1
8,307,307,1,1,0,2,1,1,1,2,1,2,4,1
5,307,0,1,2,5,1,1,1,1,1,1,1,4,1
108,307,0,1,6,0,2,1,2,1,1,1,1,4,1
4,254,0,2,1,3,2,1,1,1,2,1,2,1,0
3,265,0,2,1,7,1,2,2,1,2,1,1,2,0
42,128,307,1,2,7,2,1,1,1,2,1,1,3,1
2,307,0,3,1,2,2,2,2,1,3,1,2,4,1
1,307,0,3,1,2,2,2,1,2,2,1,4,2,0
3,283,0,1,2,7,2,3,1,3,3,1,1,1,0
3,307,0,2,2,0,2,2,3,2,2,1,1,2,0
3,266,0,2,1,4,2,2,2,2,2,1,1,3,1
1,307,307,3,1,2,2,2,2,2,2,1,3,3,1
2,242,0,1,5,7,2,1,3,1,2,1,1,3,1
4,307,0,2,1,0,2,1,2,1,2,1,1,2,0
1,265,0,3,1,5,1,2,2,2,2,1,6,1,0
5,266,0,2,1,5,2,2,1,2,1,1,2,2,0
24,307,307,2,1,0,2,2,2,2,2,1,2,4,1
4,266,0,2,1,2,2,2,2,2,2,1,2,4,1
2,307,218,2,1,2,2,1,2,1,2,1,1,1,0
4,266,0,3,1,4,1,1,1,1,2,1,3,4,1
2,307,0,2,2,5,2,2,1,1,2,1,1,4,1
3,307,0,2,2,0,2,2,1,2,2,1,1,1,0
36,285,0,1,5,0,2,1,3,1,1,1,1,1,0
3,266,0,2,1,0,2,2,1,1,2,1,1,4,1
3,266,0,1,1,6,2,2,1,1,2,1,1,1,0
3,307,0,2,1,2,2,1,2,1,2,1,1,3,1
2,307,307,1,2,0,2,2,2,1,2,1,1,3,1
1,307,0,1,3,0,2,2,1,2,2,1,1,3,1
1,265,265,3,1,6,1,2,1,2,2,1,2,2,0
1,266,0,1,1,7,2,2,1,1,2,1,1,2,0
3,265,0,3,1,6,2,2,2,2,2,1,3,2,0
2,266,0,2,1,6,2,1,1,1,2,1,1,2,0
2,265,264,3,4,0,3,2,3,2,2,1,4,4,1
48,307,0,1,1,2,3,3,1,3,2,1,1,1,0
6,283,0,2,1,7,1,2,1,2,2,1,1,4,1
48,266,0,2,1,2,1,1,1,1,2,1,1,4,1
12,300,0,2,1,6,2,2,2,2,2,1,1,3,1
1,266,0,3,1,2,2,2,1,1,2,1,4,2,0
3,266,0,2,5,0,2,1,1,1,2,1,2,4,1
4,266,0,1,1,0,3,2,2,1,3,1,1,1,0
1,266,0,3,6,7,2,2,1,2,2,1,2,3,1
6,195,0,2,1,7,1,1,3,1,2,1,1,0,0
3,266,247,2,6,7,1,2,1,2,2,1,1,3,1
9,307,0,1,2,7,2,2,1,1,2,1,1,4,1
2,307,0,2,2,3,2,1,2,1,2,1,1,4,1
4,266,266,3,1,7,1,2,1,2,2,1,3,4,1
4,266,0,1,1,2,2,2,1,1,2,1,1,4,1
2,307,0,1,1,2,2,2,2,2,2,1,1,2,0
1,206,189,2,1,2,1,2,2,2,2,1,1,1,0
96,128,0,1,1,7,2,1,2,1,1,1,1,3,1
4,307,0,2,2,0,2,2,2,2,2,1,1,4,1
2,266,0,2,1,5,1,1,1,1,2,1,1,1,0
2,307,0,2,1,2,2,2,2,2,2,1,1,3,1
1,266,0,2,1,3,2,2,1,2,2,1,1,2,0
3,266,299,1,6,7,2,2,1,1,2,1,1,2,0
8,152,0,1,1,2,1,3,1,3,2,1,1,3,1
2,266,0,1,2,6,1,1,1,1,2,1,1,2,0
2,266,0,1,1,0,1,2,1,2,2,1,1,4,1
8,266,0,3,2,6,2,1,1,1,1,1,2,4,1
12,307,0,1,2,3,3,1,1,1,2,1,1,4,1
3,189,307,1,1,0,2,2,1,2,2,1,1,3,1
1,266,266,3,1,2,2,2,1,2,2,1,6,4,1
1,307,0,3,1,2,2,3,1,3,3,1,9,2,0
1,307,307,3,1,2,2,1,1,1,2,1,4,3,1
65,182,0,2,5,0,1,1,1,1,1,1,1,2,0
48,182,0,2,1,2,1,1,1,1,1,1,1,1,0
12,307,307,1,2,0,2,1,2,1,1,1,1,3,1
4,243,300,2,2,4,2,2,1,2,1,1,1,4,1
36,307,0,2,1,2,2,2,1,2,1,1,1,4,1
48,266,0,2,1,2,2,1,1,1,1,1,1,3,1
12,152,0,1,2,0,1,3,1,3,3,1,1,2,0
2,265,0,2,1,6,2,2,2,2,2,1,1,2,0
1,307,307,3,2,4,2,1,2,1,2,1,5,2,0
2,307,307,2,5,0,2,2,2,1,2,1,1,3,1
2,307,0,3,1,2,2,2,1,1,2,1,3,4,1
8,264,0,1,7,0,3,2,3,2,3,1,1,1,0
1,265,0,3,1,3,1,2,1,2,2,1,4,1,0
2,307,0,1,1,0,1,3,2,3,3,1,1,2,0
1,307,0,2,2,0,2,2,1,2,2,1,1,4,1
5,266,0,2,2,6,2,3,1,3,3,1,1,4,1
4,307,0,3,1,2,2,2,2,2,2,1,5,3,1
30,206,109,2,1,3,3,1,3,1,1,1,1,0,0
4,307,0,2,2,0,2,1,1,1,2,1,1,3,1
2,277,260,2,6,0,2,1,2,1,2,1,1,4,1
1,307,0,1,1,2,2,2,1,2,2,1,1,3,1
2,307,307,1,2,7,2,1,2,1,2,1,1,3,1
3,266,0,2,4,7,2,1,1,1,2,1,1,3,1
3,307,0,1,1,7,2,1,1,1,2,1,1,4,1
12,307,307,1,1,2,2,3,2,3,3,1,1,4,1
36,265,0,2,1,4,2,2,2,2,3,1,1,4,1
1,266,0,3,1,7,2,2,1,2,2,1,4,4,1
1,266,0,3,1,7,2,1,1,1,2,1,4,1,0
5,266,0,1,4,7,2,2,1,1,2,1,1,2,0
24,218,307,1,1,0,2,3,2,3,1,1,1,3,1
11,265,266,2,5,7,2,1,2,1,2,1,1,2,0
6,307,0,2,1,2,2,2,2,1,2,1,1,4,1
7,283,0,2,1,0,2,1,1,1,1,1,1,1,0
5,299,0,1,2,0,2,1,1,1,1,1,1,0,0
2,307,0,1,1,2,2,1,2,1,2,1,1,3,1
1,299,0,3,2,6,1,2,1,2,2,1,5,1,0
2,266,292,3,1,2,2,2,2,1,2,1,3,1,0
10,265,0,1,4,0,3,3,2,3,3,1,1,1,0
1,307,307,3,1,2,1,2,1,2,2,1,8,4,1
4,266,0,2,7,0,2,3,2,3,1,1,1,1,0
12,265,265,2,1,0,2,2,2,1,2,1,1,3,1
12,307,0,2,2,0,2,1,1,1,1,1,1,4,1
1,266,0,2,1,2,1,2,1,2,2,1,1,1,0
2,266,0,1,1,7,2,2,1,1,2,1,1,3,1
1,307,0,2,1,7,2,2,2,2,2,1,1,1,0
2,265,306,2,1,7,2,2,2,2,3,1,1,2,0
4,266,0,1,3,7,2,2,1,2,2,1,1,3,1
2,307,0,2,1,2,2,1,1,1,2,1,1,2,0
12,266,0,2,1,2,2,2,1,2,2,1,1,2,0
2,265,0,3,3,7,1,2,2,2,2,1,7,3,1
10,266,0,1,1,7,2,1,1,1,1,1,1,4,1
2,307,307,2,5,0,2,2,2,2,2,1,1,3,1
8,265,0,1,7,0,2,2,2,1,2,1,1,3,1
2,266,0,2,3,4,2,2,1,2,2,1,1,2,0
3,307,307,1,1,0,2,2,1,2,2,1,1,2,0
3,307,0,2,1,7,2,1,1,1,2,1,1,2,0
84,265,266,2,4,6,1,1,1,1,1,1,1,4,1
5,307,0,2,3,5,2,1,1,1,1,1,1,3,1
6,266,0,3,1,2,2,2,1,2,2,1,3,4,1
3,265,0,2,1,6,2,2,2,1,2,1,1,3,1
14,265,0,2,1,2,2,2,2,1,1,1,1,4,1
48,109,0,3,3,0,3,1,3,1,2,1,2,1,0
1,266,0,1,2,0,2,2,1,2,2,1,1,2,0
5,266,0,2,6,7,2,1,2,2,1,1,3,4,1
36,265,247,1,2,6,2,3,2,1,1,1,1,4,1
3,266,0,1,3,0,2,2,1,1,2,1,1,1,0
0,266,0,3,1,2,1,1,1,1,1,1,5,4,1
2,307,0,1,2,0,2,1,2,1,2,1,1,2,0
4,307,0,2,1,2,2,2,1,2,2,1,1,1,0
1,307,0,1,1,2,1,3,1,3,3,1,1,4,1
2,307,75,2,1,2,2,1,1,1,2,1,1,3,1
1,307,0,3,1,2,2,2,1,2,2,1,4,4,1
12,264,0,1,6,0,2,3,3,3,3,1,1,0,0
2,307,307,1,1,2,2,2,2,1,2,1,1,2,0
3,266,0,1,5,0,2,2,1,1,2,1,1,2,0
4,307,0,2,2,0,2,2,1,2,2,1,2,4,1
12,307,307,1,2,3,2,1,1,1,3,1,1,4,1
84,218,218,1,2,5,1,3,2,1,2,1,1,4,1
11,299,0,1,1,2,2,3,2,3,3,1,1,4,1
12,103,206,1,1,7,3,1,3,1,2,1,1,0,0
3,307,0,1,1,2,2,1,1,1,2,1,1,4,1
5,264,0,2,1,0,1,2,3,2,2,1,1,1,0
2,266,0,1,3,7,2,1,1,1,2,1,1,1,0
6,265,0,2,1,2,2,2,2,2,2,1,1,1,0
1,265,0,3,1,0,1,2,2,2,2,1,5,3,1
1,128,307,1,2,7,2,2,2,2,2,1,1,2,0
39,307,0,1,1,7,2,1,1,1,2,1,1,2,0
60,205,0,2,1,7,1,3,2,1,1,1,1,3,1
4,266,266,1,6,0,2,2,1,1,2,1,1,4,1
1,307,0,2,1,7,2,2,2,2,2,1,1,2,0
1,265,265,3,1,6,1,2,2,2,2,1,5,1,0
2,265,0,1,6,0,1,2,2,2,2,1,1,1,0
36,200,192,3,2,7,2,3,1,3,3,1,2,4,1
2,307,0,2,2,0,2,2,2,1,2,1,1,1,0
2,292,252,1,2,5,1,2,1,2,2,1,1,0,0
1,307,0,1,7,0,2,3,1,3,2,1,1,3,1
1,109,307,2,4,0,2,1,2,1,2,1,1,2,0
2,292,0,2,2,5,2,2,1,2,2,1,2,1,0
0,307,0,2,1,2,2,1,2,1,1,1,1,4,1
1,205,212,3,1,7,2,2,2,2,2,1,5,1,0
2,307,0,1,7,0,2,2,1,2,2,1,1,3,1
1,307,0,3,1,2,2,2,1,2,2,1,7,1,0
1,266,0,3,5,6,2,2,2,2,2,1,3,1,0
3,266,303,2,1,2,2,1,1,1,2,1,1,1,0
72,307,0,1,4,0,3,1,2,1,1,1,1,4,1
12,299,0,2,1,6,1,3,2,3,1,1,1,0,0
1,266,0,3,1,4,1,2,1,2,2,1,3,2,0
24,307,0,2,3,0,2,1,1,1,1,1,1,4,1
2,266,0,1,1,7,2,2,1,1,2,1,1,3,1
3,307,213,1,3,5,2,1,1,1,2,1,1,2,0
37,307,0,1,1,0,3,1,1,1,1,1,2,4,1
4,266,0,2,2,7,1,2,1,1,2,1,1,1,0
12,307,0,1,2,0,2,1,2,1,1,1,1,4,1
48,265,0,1,2,7,2,1,2,1,1,1,1,1,0
3,299,292,2,2,5,2,2,1,1,2,1,1,1,0
3,266,0,2,1,2,2,2,1,2,2,1,1,2,0
2,266,292,1,1,7,2,2,1,2,2,1,1,2,0
2,239,307,2,2,0,2,3,1,3,2,1,1,3,1
2,307,0,2,2,0,2,2,1,2,3,1,1,4,1
1,266,0,3,2,4,2,1,2,1,2,1,9,4,1
6,266,0,3,1,0,2,2,1,2,3,1,6,4,1
1,266,0,1,1,5,1,2,1,2,2,1,1,1,0
1,266,265,2,1,2,1,2,1,2,2,1,4,4,1
42,130,307,3,1,7,2,1,2,1,1,1,2,3,1
5,307,307,3,1,5,2,1,1,1,2,1,2,4,1
2,266,0,2,5,7,2,2,1,1,2,1,1,2,0
1,307,0,1,2,0,2,2,1,1,2,1,1,3,1
4,266,0,2,5,0,2,1,1,1,1,1,1,1,0
24,266,0,2,3,7,2,2,2,2,1,1,1,2,0
3,266,285,2,1,7,3,1,1,1,2,1,1,1,0
2,266,0,1,6,0,1,2,1,1,2,1,1,3,1
5,109,307,2,5,0,2,3,2,3,3,1,1,2,0
2,109,307,2,1,0,2,2,2,2,2,1,1,0,0
5,266,0,1,4,0,2,1,1,1,1,1,1,3,1
2,307,0,2,5,6,2,1,1,1,2,1,1,1,0
3,265,254,2,1,2,2,2,2,1,2,1,1,1,0
2,307,0,2,1,2,2,2,2,2,2,1,1,3,1
2,288,0,2,5,7,2,1,3,1,2,1,1,2,0
1,307,0,2,1,2,2,2,1,1,2,1,1,2,0
23,266,0,1,1,7,3,1,1,1,2,1,1,3,1
2,266,0,3,2,4,1,2,1,1,2,1,2,2,0
5,307,307,1,2,0,2,1,2,1,2,1,1,2,0
3,307,0,2,2,0,2,2,2,2,2,1,1,4,1
6,299,0,3,3,4,3,3,2,3,3,1,2,2,0
13,265,0,2,1,2,3,1,2,1,2,1,1,4,1
1,266,266,3,2,3,2,2,1,2,2,1,2,4,1
2,266,0,3,1,4,2,1,1,1,2,1,2,3,1
2,307,0,2,5,7,2,2,2,1,2,1,1,1,0
3,265,0,1,1,2,1,1,2,1,1,1,1,3,1
2,218,307,2,2,5,2,2,1,2,2,1,1,3,1
7,292,266,2,2,7,2,2,1,1,2,1,1,2,0
1,307,0,2,1,2,2,1,1,1,2,1,1,3,1
6,265,0,1,1,6,2,1,2,1,2,1,1,2,0
1,141,307,2,1,4,2,2,1,2,2,1,1,2,0
1,265,0,3,1,7,3,2,2,2,2,1,4,2,0
1,307,0,1,1,0,2,2,1,2,2,1,1,3,1
1,254,0,3,1,6,2,2,2,2,2,1,3,3,1
3,272,265,2,1,3,2,2,2,1,2,1,1,1,0
3,307,0,2,2,0,1,3,1,3,3,1,3,4,1
2,265,0,1,1,2,2,2,2,1,2,1,1,1,0
2,299,0,3,1,4,1,2,2,2,2,1,4,1,0
2,266,0,2,5,6,1,2,2,2,3,1,4,4,1
2,266,0,3,1,6,2,2,1,2,2,1,3,1,0
2,307,0,1,1,2,2,3,1,3,2,1,1,1,0
4,265,0,2,1,4,1,3,2,3,3,1,1,3,1
2,266,0,1,7,0,2,2,1,1,2,1,1,2,0
5,128,307,1,7,0,2,1,1,1,1,1,1,3,1
2,266,0,2,1,7,1,2,1,3,2,1,1,1,0
4,307,119,2,1,2,2,1,2,1,2,1,1,2,0
2,307,0,2,2,0,2,2,2,2,2,1,1,2,0
1,307,0,1,2,7,2,2,2,2,2,1,1,1,0
24,307,0,2,1,2,2,1,2,1,1,1,1,2,0
8,307,307,1,2,3,2,1,2,1,3,1,1,4,1
2,307,0,1,1,3,2,1,1,1,2,1,1,3,1
3,265,0,1,4,0,3,1,2,1,2,1,1,2,0
2,307,307,1,1,2,2,2,2,2,2,1,1,2,0
48,307,0,3,2,0,2,1,1,1,2,1,2,4,1
1,307,307,1,7,0,1,2,2,2,2,1,4,4,1
2,307,307,1,1,7,2,1,2,1,2,1,1,2,0
24,307,0,1,2,7,2,1,1,1,1,1,1,4,1
2,307,0,2,1,2,2,1,1,1,2,1,1,2,0
12,307,0,3,1,7,3,2,1,1,2,1,2,3,1
8,299,0,1,5,7,2,2,2,2,2,1,2,4,1
2,265,0,2,7,0,1,2,2,2,2,1,1,1,0
4,307,78,1,2,0,3,1,1,1,2,1,1,2,0
5,307,0,2,1,7,2,1,3,1,2,1,2,4,1
3,266,0,1,6,7,2,2,1,1,2,1,1,2,0
4,307,307,2,1,2,2,1,1,1,1,1,2,3,1
2,218,307,1,1,7,2,2,1,1,2,1,1,3,1
3,307,0,1,2,0,2,1,2,1,2,1,1,3,1
8,307,0,3,1,2,2,1,1,1,2,1,2,4,1
36,265,265,2,1,6,2,2,2,2,2,1,1,2,0
1,307,0,3,1,7,2,2,2,2,2,1,9,3,1
10,266,266,3,1,2,2,1,1,1,1,1,2,4,1
2,265,264,3,2,0,2,2,2,1,2,1,2,3,1
2,241,0,2,1,2,2,2,2,2,3,1,1,1,0
24,250,0,1,1,0,2,2,1,2,3,1,1,2,0
1,265,266,3,1,2,1,2,1,2,2,1,4,4,1
6,307,0,2,2,0,2,1,1,1,1,1,1,4,1
30,266,0,2,1,6,2,1,1,1,1,1,1,4,1
3,265,0,3,1,6,2,1,2,1,1,1,3,2,0
36,307,0,3,2,7,1,1,2,1,1,1,2,3,1
12,307,0,1,2,7,2,1,1,1,1,1,1,2,0
1,307,0,2,1,2,2,2,1,2,2,1,1,3,1
48,266,0,1,1,6,3,1,1,1,1,1,1,4,1
12,307,307,3,1,2,3,2,1,2,2,1,4,4,1
12,307,0,1,2,5,2,2,2,2,2,1,1,3,1
1,283,0,2,6,7,2,2,1,2,2,1,1,2,0
1,307,0,2,1,2,2,2,2,2,2,1,1,3,1
3,266,0,2,1,7,1,2,1,2,2,1,1,2,0
5,266,266,1,1,2,1,2,1,2,2,1,2,4,1
12,78,307,1,1,2,2,3,1,3,3,1,2,4,1
9,218,307,1,2,3,1,2,2,1,2,1,1,2,0
6,307,0,2,2,5,2,1,1,1,1,1,2,1,0
8,207,0,2,6,0,2,1,3,1,2,1,1,1,0
8,307,104,2,1,4,2,1,2,1,1,1,1,4,1
12,307,0,2,3,4,2,2,2,1,2,1,1,4,1
2,307,0,1,2,0,2,2,1,2,2,1,1,4,1
1,266,0,3,1,2,1,2,1,2,2,1,2,2,0
12,266,0,2,1,7,1,3,1,1,1,1,1,2,0
4,266,0,2,1,4,1,2,1,2,2,1,7,3,1
4,266,0,1,3,0,2,1,1,1,1,1,1,2,0
2,307,0,1,2,7,2,1,1,1,2,1,1,2,0
48,266,0,2,1,2,2,1,1,1,1,1,1,3,1
60,152,0,1,2,0,1,1,1,1,2,1,1,2,0
1,266,0,1,1,0,1,2,2,2,2,1,1,3,1
18,179,0,1,7,0,1,3,2,3,3,1,1,1,0
1,218,307,2,2,7,2,2,1,1,2,1,1,3,1
9,265,0,2,7,0,2,1,2,1,2,1,1,2,0
3,307,0,3,2,5,2,2,1,2,2,1,4,4,1
3,307,0,2,7,0,2,2,1,2,2,1,1,3,1
60,109,0,1,3,0,3,1,2,1,2,1,2,2,0
12,265,0,3,1,7,1,2,2,2,2,1,2,4,1
6,307,0,2,1,2,2,1,1,1,2,1,1,2,0
1,307,0,3,1,2,2,2,2,2,3,1,2,3,1
3,307,103,2,1,2,2,1,2,1,2,1,1,2,0
12,266,0,1,1,2,2,1,1,1,1,1,1,4,1
8,307,0,2,2,7,2,1,1,1,1,1,1,4,1
12,266,0,1,3,4,2,2,1,2,2,1,1,4,1
2,307,307,1,1,2,2,2,1,2,2,1,4,2,0
6,26,307,1,1,2,2,1,2,1,2,1,1,2,0
24,307,0,1,1,2,3,3,2,3,2,1,1,3,1
4,266,0,2,1,3,2,2,2,1,2,1,1,2,0
4,266,0,2,5,6,2,2,1,2,2,1,1,3,1
6,299,0,3,1,2,2,1,2,1,1,1,3,4,1
1,265,265,3,1,4,1,2,2,2,2,1,6,4,1
30,307,0,2,1,5,2,1,1,1,1,1,1,1,0
3,265,0,2,1,4,2,2,2,1,2,1,1,2,0
3,266,0,2,1,7,1,2,1,2,2,1,1,4,1
4,266,249,2,1,3,2,1,1,1,2,1,1,1,0
4,266,0,3,2,6,1,2,1,2,2,1,2,4,1
72,152,0,1,2,0,1,1,1,1,2,1,1,4,1
60,307,0,2,2,7,2,1,1,1,1,1,1,3,1
3,307,0,1,1,2,2,1,1,1,2,1,1,2,0
10,307,0,2,2,3,2,1,2,1,2,1,2,4,1
11,20,0,2,1,2,2,1,1,1,3,1,1,0,0
3,265,0,2,2,4,1,2,2,2,2,1,1,0,0
8,307,0,1,2,7,2,2,1,2,2,1,1,2,0
2,307,0,1,1,2,1,1,2,1,2,1,1,1,0
6,307,307,2,7,0,2,1,1,1,2,1,1,4,1
2,307,0,1,2,0,2,3,1,1,2,1,1,3,1
3,307,189,1,1,7,3,1,2,1,2,1,2,1,0
18,307,0,1,2,0,2,1,2,1,2,1,1,4,1
2,243,0,2,6,0,1,2,1,2,3,1,1,4,1
12,307,0,1,3,5,2,3,2,2,2,1,1,2,0
2,266,0,1,6,0,2,2,1,2,2,1,1,2,0
6,307,0,2,2,0,2,3,1,3,3,1,1,4,1
19,307,0,2,1,0,2,1,1,1,1,1,1,4,1
10,276,0,2,1,2,3,1,3,1,2,1,1,1,0
2,307,0,1,1,2,2,2,1,1,2,1,1,4,1
3,307,0,2,1,2,2,1,2,1,2,1,1,1,0
3,266,0,2,2,7,1,2,1,1,2,1,1,4,1
3,264,266,3,3,7,2,2,3,2,2,1,4,2,0
3,307,0,1,2,0,2,3,2,1,3,1,1,4,1
2,264,0,1,2,3,2,2,2,1,2,1,1,2,0
12,307,0,2,2,0,1,1,2,1,2,1,1,3,1
2,266,0,1,1,7,1,2,2,2,2,1,1,2,0
60,307,0,1,2,5,3,1,1,1,2,1,1,1,0
2,307,307,2,1,5,1,1,1,1,1,1,2,3,1
1,266,0,2,6,0,1,2,1,2,3,1,3,1,0
4,266,0,2,1,0,2,2,1,2,2,1,1,2,0
2,307,0,2,2,7,2,2,1,1,2,1,1,2,0
1,307,307,3,1,2,2,2,1,2,2,1,3,2,0
24,307,109,2,3,5,2,1,2,1,1,1,1,3,1
2,307,0,3,1,2,2,2,1,2,2,1,4,4,1
48,213,0,1,2,0,2,3,3,3,3,1,1,2,0
12,307,307,1,2,7,2,3,2,3,3,1,1,1,0
3,307,0,2,5,0,2,1,1,1,2,1,1,2,0
3,307,0,1,1,0,2,2,2,2,2,1,1,4,1
6,307,0,2,2,0,2,2,1,2,2,1,2,4,1
4,265,0,1,1,0,1,2,2,1,2,1,1,1,0
4,306,0,1,1,2,2,2,2,1,2,1,1,3,1
3,266,245,2,1,7,1,2,1,1,2,1,1,1,0
13,218,307,2,7,0,2,1,2,1,1,1,1,3,1
4,266,0,2,1,7,1,3,1,3,3,1,1,4,1
3,307,0,1,2,0,2,2,1,2,2,1,1,1,0
8,265,0,2,5,6,2,3,2,3,3,1,1,4,1
2,266,0,1,1,6,1,1,1,1,2,1,1,3,1
3,307,0,2,2,0,2,1,2,1,1,1,1,4,1
3,266,0,2,1,2,2,1,1,1,2,1,1,2,0
4,307,0,2,7,0,2,1,1,1,2,1,1,1,0
2,307,152,2,2,6,2,2,1,1,1,1,1,4,1
108,207,0,2,1,2,1,1,3,1,1,1,1,3,1
2,307,307,2,2,0,2,2,2,1,2,1,1,2,0
4,265,0,2,2,6,1,2,2,2,2,1,1,4,1
3,103,307,2,1,2,2,3,2,3,2,1,1,2,0
5,266,0,1,4,7,2,1,1,1,1,1,1,4,1
1,307,0,2,1,0,1,2,1,1,2,1,2,2,0
2,247,0,3,1,2,2,3,2,1,3,1,3,4,1
12,307,0,2,2,7,2,1,1,1,1,1,1,3,1
48,189,0,1,1,2,3,1,1,1,2,1,1,3,1
2,307,0,2,2,0,2,1,2,1,2,1,1,1,0
36,20,0,1,1,2,2,1,1,1,1,1,1,4,1
2,266,0,1,2,5,1,2,2,1,2,1,1,2,0
2,307,307,2,2,0,2,1,2,1,2,1,1,3,1
24,307,0,1,2,7,2,1,2,1,1,1,1,3,1
54,109,0,1,3,0,3,3,2,3,2,1,1,3,1
5,307,0,2,2,5,2,1,1,1,2,1,2,2,0
0,307,0,2,1,2,1,3,1,3,3,1,1,2,0
3,266,0,1,1,6,1,2,2,2,2,1,3,2,0
1,307,0,2,2,0,2,2,1,2,2,1,1,2,0
1,307,0,2,2,0,2,2,1,2,2,1,1,2,0
24,307,0,2,1,2,2,1,1,1,1,1,1,4,1
1,307,0,3,2,7,2,2,1,2,2,1,3,1,0
29,299,0,1,2,3,2,2,1,2,2,1,1,4,1
2,307,0,1,2,0,2,2,1,1,2,1,1,1,0
3,265,0,3,1,3,1,1,2,1,2,1,5,3,1
6,307,0,2,1,0,3,2,1,2,2,1,1,4,1
2,266,0,1,1,6,2,1,1,1,2,1,2,3,1
24,182,0,2,1,5,1,3,2,3,3,1,1,1,0
6,265,0,2,3,0,2,1,2,1,2,1,1,4,1
2,265,0,2,1,6,2,2,2,2,2,1,3,0,0
3,173,307,1,2,0,2,1,1,1,2,1,1,0,0
3,307,0,2,1,7,2,1,1,1,2,1,3,3,1
3,307,307,1,2,0,2,1,2,1,2,1,1,3,1
108,103,0,1,1,2,4,3,2,3,2,1,1,2,0
1,307,0,2,1,2,2,2,2,1,2,1,1,3,1
8,307,0,2,2,7,2,2,1,2,2,1,1,4,1
1,307,307,1,1,2,2,2,1,2,3,1,2,1,0
1,266,0,2,1,0,1,2,1,2,2,1,1,2,0
2,307,0,2,1,0,2,1,1,1,2,1,1,4,1
13,195,307,2,1,6,2,1,2,1,1,1,1,3,1
32,307,128,2,2,7,2,1,1,2,1,1,1,4,1
2,266,0,1,3,5,2,2,1,1,2,1,1,1,0
60,179,0,2,7,0,1,1,2,1,3,1,1,0,0
2,307,0,2,1,2,2,1,1,1,2,1,1,3,1
2,307,0,2,1,2,2,2,2,2,2,1,1,2,0
2,307,0,3,2,4,1,3,1,3,3,1,3,4,1
30,265,0,2,5,6,2,1,2,1,1,1,1,2,0
7,265,0,3,2,3,2,2,2,2,2,1,5,4,1
24,179,0,1,7,0,2,1,2,1,2,1,1,1,0
36,307,0,1,2,0,3,3,1,3,3,1,1,4,1
3,266,285,1,1,6,3,1,1,1,2,1,1,1,0
8,307,0,1,1,2,2,2,1,2,2,1,1,4,1
4,266,0,1,1,2,1,3,1,3,3,1,1,4,1
48,307,0,2,2,0,2,3,2,3,3,1,1,4,1
1,307,0,1,2,0,2,1,1,1,2,1,1,3,1
24,266,0,2,1,2,1,2,1,1,1,1,1,4,1
1,307,0,1,1,2,2,1,1,1,2,1,1,1,0
2,78,307,2,1,2,2,1,2,1,2,1,1,1,0
4,307,0,2,1,0,2,1,1,1,2,1,1,2,0
20,265,254,1,1,7,2,1,2,1,1,1,1,3,1
12,265,299,1,2,4,3,2,1,1,2,1,1,1,0
1,103,152,2,1,2,2,2,2,1,2,1,1,3,1
4,141,0,2,1,7,2,2,1,1,2,1,4,4,1
6,307,0,1,7,0,2,1,1,1,1,1,1,3,1
24,266,0,2,1,7,2,1,1,1,1,1,1,4,1
1,266,0,1,4,7,2,2,1,1,2,1,1,2,0
24,195,195,1,6,7,1,3,2,3,1,1,1,3,1
41,266,0,1,6,0,3,1,1,1,1,1,1,1,0
3,266,254,2,2,3,2,1,1,1,1,1,1,3,1
3,266,0,1,6,7,2,3,1,3,3,1,1,1,0
3,266,0,1,1,7,2,2,1,1,2,1,1,2,0
36,264,0,1,1,7,3,2,3,2,1,1,1,4,1
2,266,0,2,1,7,1,2,1,2,2,1,1,1,0
2,242,0,2,2,6,2,1,3,1,2,1,1,2,0
2,307,0,2,1,2,2,1,2,1,2,1,1,3,1
18,39,141,2,4,5,2,2,2,1,1,1,1,3,1
3,265,0,2,1,2,2,2,2,1,2,1,1,3,1
1,307,307,1,1,7,2,2,2,1,2,1,1,1,0
3,307,0,3,1,2,2,1,2,1,2,1,3,1,0
2,128,19,3,2,5,2,1,1,1,1,1,4,2,0
2,307,307,3,1,7,2,2,1,2,2,1,9,1,0
16,307,307,1,2,0,2,3,2,3,3,1,1,4,1
2,266,0,3,3,7,2,2,1,2,2,1,2,3,1
12,307,0,1,2,3,3,1,1,1,2,1,1,4,1
24,20,0,1,1,2,2,1,1,1,1,1,1,3,1
1,307,0,2,1,2,2,2,2,1,2,1,1,2,0
2,307,0,1,1,2,2,1,1,1,2,1,1,1,0
4,266,0,1,6,7,2,2,2,2,2,1,1,4,1
4,265,0,2,1,7,1,3,2,3,2,1,1,4,1
1,307,307,3,1,2,1,2,1,3,3,1,4,4,1
2,307,0,3,1,7,2,1,2,1,2,1,5,2,0
60,75,0,2,2,0,2,1,1,1,3,1,1,4,1
12,265,0,2,3,4,1,1,2,1,1,1,1,1,0
4,242,243,1,5,7,2,2,1,1,2,1,1,2,0
2,266,0,1,3,7,2,2,1,1,2,1,2,3,1
2,307,0,2,1,5,2,2,2,2,2,1,1,1,0
7,252,0,1,6,7,2,2,2,1,3,1,1,4,1
5,266,0,1,1,7,1,1,1,1,2,1,1,2,0
108,20,0,2,3,5,2,1,1,1,2,1,1,3,1
36,78,0,2,1,2,3,3,2,3,3,1,1,3,1
6,265,0,2,3,7,2,1,3,1,2,1,1,2,0
30,266,0,3,1,6,2,1,2,1,1,1,2,1,0
1,307,0,1,1,2,2,2,1,2,2,1,1,1,0
7,247,300,1,1,2,2,3,1,3,3,1,1,3,1
2,292,0,1,2,5,1,2,1,2,2,1,1,2,0
4,307,307,3,2,0,1,1,1,1,3,1,4,3,1
48,109,0,2,3,4,2,3,2,1,3,1,1,1,0
6,307,0,2,2,0,1,1,1,1,2,1,1,4,1
1,266,0,1,2,0,1,2,1,2,2,1,1,1,0
8,307,0,2,1,0,2,1,1,1,1,1,1,4,1
2,266,0,1,5,7,2,2,1,1,2,1,1,2,0
36,285,0,1,1,0,2,1,2,1,2,1,1,1,0
2,307,0,2,1,7,2,1,1,3,3,1,1,4,1
18,265,0,1,7,0,2,2,2,2,2,1,1,4,1
102,307,0,1,2,7,2,3,1,3,3,1,1,4,1
4,265,0,1,1,0,2,1,2,1,2,1,1,1,0
2,306,0,2,1,7,1,2,1,2,2,1,1,0,0
7,265,0,2,1,2,2,2,2,1,2,1,1,4,1
2,103,307,2,1,2,2,2,1,1,2,1,1,1,0
5,299,0,1,1,2,2,1,1,1,2,1,1,3,1
3,266,0,2,6,7,2,2,1,2,2,1,1,0,0
9,307,0,2,1,2,2,1,2,1,1,1,1,2,0
4,307,103,2,1,2,3,1,2,1,1,1,1,1,0
60,179,130,2,1,0,1,3,1,1,2,1,1,1,0
4,265,265,3,1,7,2,2,2,3,1,1,2,4,1
2,307,0,1,2,0,2,2,2,2,2,1,1,2,0
24,76,0,3,1,7,2,1,1,1,1,1,2,3,1
1,307,0,2,1,2,2,2,1,2,2,1,1,1,0
2,307,0,3,2,5,2,2,2,2,2,1,4,4,1
24,264,0,1,6,7,3,2,3,2,2,1,1,4,1
24,182,0,2,1,2,1,1,1,1,1,1,1,3,1
2,266,0,1,1,7,2,2,2,1,2,1,1,1,0
12,307,0,1,1,2,2,1,2,1,1,1,1,3,1
24,266,0,2,1,5,2,2,1,1,1,1,1,3,1
1,307,0,2,1,2,2,3,1,3,2,1,1,3,1
2,265,0,3,4,7,1,2,2,2,2,1,5,4,1
29,266,0,1,1,2,2,1,1,1,1,1,1,2,0
1,266,0,1,1,2,2,2,1,2,2,1,1,3,1
1,265,299,1,1,2,2,2,2,1,2,1,1,2,0
1,266,0,1,1,0,2,2,1,2,2,1,1,1,0
3,266,0,2,1,7,1,2,1,2,2,1,1,2,0
3,307,307,2,2,0,2,1,1,1,1,1,1,4,1
27,266,0,2,1,6,2,1,1,1,1,1,1,3,1
96,307,0,2,1,2,2,1,2,1,1,1,1,4,1
2,307,0,2,2,0,2,1,1,3,2,1,1,2,0
24,266,0,1,6,7,2,2,1,1,1,1,1,4,1
4,299,0,2,1,2,2,3,1,3,1,1,5,4,1
12,299,0,2,1,6,1,2,1,2,2,1,1,2,0
1,265,0,1,1,6,2,2,2,2,2,1,1,2,0
6,266,0,2,1,6,2,1,1,1,1,1,1,4,1
2,266,266,3,1,6,2,2,1,2,2,1,4,1,0
3,265,0,1,5,6,2,2,2,2,2,1,1,3,1
1,307,0,2,2,0,2,2,2,1,2,1,1,2,0
36,299,266,2,4,7,1,2,1,1,1,1,1,2,0
6,265,0,2,1,2,2,1,2,1,2,1,1,3,1
2,307,0,1,1,2,2,2,1,2,2,1,1,2,0
53,266,0,2,7,0,3,1,1,1,1,1,3,4,1
3,265,0,2,1,3,1,2,2,1,2,1,1,3,1
3,307,0,2,2,0,2,2,1,1,2,1,1,2,0
2,141,307,1,2,7,2,2,2,2,2,1,1,4,1
8,265,0,2,2,4,2,3,2,3,1,1,1,4,1
28,307,307,1,1,2,2,1,1,1,1,1,1,4,1
2,266,0,1,2,6,2,2,1,1,2,1,2,3,1
1,307,0,2,5,0,2,1,2,1,2,1,1,3,1
2,266,0,2,1,4,2,2,1,1,2,1,3,3,1
0,266,0,3,1,5,2,2,2,2,2,1,4,1,0
2,266,0,2,1,6,1,2,1,1,2,1,1,3,1
2,307,0,1,2,0,2,1,2,1,2,1,1,3,1
8,252,0,2,1,4,2,1,2,1,1,1,1,3,1
18,307,0,2,7,0,2,1,2,1,1,1,1,2,0
36,20,0,1,1,4,2,1,1,1,1,1,1,1,0
18,307,0,2,1,2,2,1,1,3,1,1,1,4,1
1,307,307,2,1,2,2,2,1,2,2,1,1,2,0
3,307,0,2,7,0,2,2,1,2,2,1,1,3,1
48,128,0,2,2,7,1,1,1,1,2,1,1,4,1
2,307,0,2,2,7,2,2,2,1,2,1,1,1,0
48,83,0,1,5,0,1,1,2,1,1,1,1,2,0
3,218,307,2,1,2,3,1,2,1,2,1,1,2,0
3,307,0,1,1,2,2,1,2,1,2,1,1,2,0
2,307,0,2,1,4,2,2,2,2,2,1,3,1,0
6,307,0,3,2,3,2,1,1,1,1,1,2,4,1
2,307,0,3,1,2,3,1,1,1,3,1,2,4,1
3,307,0,2,2,0,2,2,2,2,2,1,1,3,1
4,299,0,1,4,7,2,1,1,1,3,1,1,3,1
36,205,0,1,2,5,1,3,2,3,3,1,1,2,0
21,265,0,1,1,2,2,1,2,1,1,1,1,2,0
3,307,0,1,1,2,2,1,2,1,2,1,1,2,0
1,265,0,2,1,2,2,2,2,2,2,1,1,2,0
1,103,0,2,1,2,2,2,1,1,2,1,2,4,1
25,218,205,2,3,5,2,1,3,1,1,1,1,2,0
16,289,0,1,6,0,2,2,1,1,2,1,1,2,0
12,307,0,2,1,7,2,1,1,1,1,1,1,4,1
14,105,103,2,1,3,1,1,2,1,2,1,1,4,1
2,307,0,3,1,7,2,2,1,1,2,1,2,4,1
3,266,0,1,3,0,2,2,1,2,2,1,1,4,1
2,292,266,3,2,5,2,2,1,2,2,1,2,1,0
48,103,307,1,1,2,3,1,2,1,1,1,1,3,1
2,307,0,2,2,0,2,1,2,1,2,1,1,2,0
2,307,0,3,1,0,3,3,1,3,3,1,2,1,0
24,265,0,2,1,4,2,3,2,3,3,1,1,4,1
2,141,307,2,1,3,3,2,1,2,2,1,1,2,0
4,247,292,1,7,0,2,2,2,2,2,1,2,2,0
4,266,0,2,1,4,2,1,1,1,2,1,1,3,1
12,266,0,2,7,0,1,2,1,2,2,1,1,4,1
3,307,213,2,1,3,2,1,2,1,2,1,1,4,1
2,307,0,1,1,2,2,1,2,2,2,1,1,4,1
2,266,265,3,1,2,2,2,1,1,1,1,4,4,1
7,75,307,2,1,2,2,1,1,1,2,1,1,4,1
108,266,0,2,1,0,1,3,1,3,1,1,1,4,1
1,266,0,1,1,6,2,2,1,2,2,1,2,2,0
2,266,266,3,3,6,2,2,1,2,2,1,2,4,1
3,306,0,2,1,7,1,3,3,3,2,1,1,1,0
12,266,0,1,4,0,2,1,1,1,1,1,1,4,1
2,307,0,2,1,0,2,2,2,2,2,1,1,1,0
1,265,0,2,6,7,2,2,2,2,2,1,1,1,0
3,307,0,2,2,0,3,1,2,2,2,1,1,4,1
0,265,0,1,2,5,1,2,2,2,2,1,1,0,0
3,265,0,1,1,7,2,3,2,3,2,1,1,1,0
96,205,0,2,2,4,1,1,3,1,1,1,1,2,0
60,266,0,2,7,0,2,1,1,1,1,1,1,4,1
12,307,0,2,1,7,2,3,1,3,3,1,1,3,1
4,265,0,2,1,2,2,2,2,1,2,1,1,3,1
36,179,0,2,5,0,1,1,1,1,3,1,1,4,1
24,189,0,1,1,2,3,1,1,1,2,1,1,1,0
2,266,0,2,1,6,1,2,1,1,2,1,1,1,0
12,213,307,2,2,3,1,3,2,3,3,1,1,0,0
8,244,300,2,1,2,2,2,1,2,1,1,1,3,1
2,307,0,2,2,0,2,2,1,2,2,1,1,2,0
12,307,0,2,2,5,2,3,2,3,3,1,1,4,1
1,307,0,3,1,2,1,2,1,2,3,1,7,4,1
5,266,292,3,1,2,1,1,1,1,2,1,4,1,0
2,307,0,2,1,2,2,2,2,2,2,1,1,3,1
14,307,0,2,1,2,2,1,1,1,2,1,1,4,1
6,266,266,3,5,6,2,1,1,1,1,1,2,3,1
1,307,307,2,1,7,1,2,1,1,2,1,1,3,1
2,307,0,3,1,5,2,2,1,2,2,1,4,4,1
1,266,0,2,2,0,1,2,1,2,2,1,1,3,1
84,20,0,2,1,2,2,1,1,1,1,1,1,3,1
15,307,0,2,1,0,1,1,1,1,2,1,1,4,1
3,266,266,1,4,7,2,2,1,1,2,1,1,3,1
2,307,0,3,1,2,2,1,1,1,3,1,5,3,1
2,307,307,2,1,2,2,2,2,1,2,1,1,2,0
1,307,307,1,2,0,2,2,1,2,1,1,1,2,0
36,109,0,2,3,0,3,1,2,1,2,1,1,2,0
1,307,0,1,1,2,2,3,1,3,2,1,1,3,1
4,109,307,1,5,7,3,1,2,1,2,1,1,2,0
2,266,0,2,4,5,1,2,1,2,2,1,1,1,0
6,307,307,2,5,7,2,1,1,1,1,1,2,4,1
3,307,0,2,2,6,2,1,1,1,2,1,2,4,1
12,265,0,2,2,3,1,1,2,1,1,1,1,1,0
15,213,0,2,7,0,1,1,2,2,3,1,1,1,0
1,265,0,1,1,7,2,2,2,2,2,1,1,2,0
24,307,0,2,2,0,2,1,1,1,1,1,1,4,1
1,266,0,1,1,2,1,2,1,2,2,1,1,1,0
5,266,247,1,3,4,2,1,1,1,2,1,1,4,1
6,266,266,2,1,7,2,1,1,1,2,1,1,4,1
2,307,0,3,1,3,2,1,2,2,3,1,8,4,1
2,152,307,1,1,2,1,2,1,1,2,1,1,2,0
24,285,0,1,4,0,4,1,3,1,1,1,1,1,0
12,307,0,1,1,2,2,1,1,1,1,1,1,4,1
26,265,0,2,2,5,3,2,2,1,2,1,1,4,1
24,178,0,1,5,7,1,1,2,1,2,1,1,1,0
7,307,0,3,2,5,2,2,1,1,1,1,2,4,1
4,266,0,3,6,7,2,2,1,2,2,1,4,1,0
4,307,0,2,5,0,2,2,2,2,2,1,1,4,1
12,266,0,1,1,7,2,3,1,3,2,1,1,4,1
1,307,0,1,2,0,1,3,1,3,3,1,4,2,0
1,307,0,2,1,2,2,2,1,1,2,1,1,3,1
1,266,0,3,1,2,1,2,1,2,2,1,5,2,0
18,266,0,1,6,7,2,2,1,1,1,1,1,1,0
2,266,0,3,3,6,2,2,1,1,2,1,3,3,1
1,307,307,2,5,7,2,2,1,2,2,1,1,2,0
10,266,0,2,1,3,2,1,1,1,1,1,1,3,1
5,307,0,2,2,3,2,2,2,1,2,1,1,4,1
17,307,0,2,5,0,3,1,2,1,3,1,1,4,1
0,307,0,3,1,2,2,2,1,2,2,1,4,1,0
60,243,0,2,1,2,2,2,1,2,2,1,1,1,0
72,205,0,2,2,5,1,3,1,1,3,1,1,2,0
2,299,0,3,1,6,2,2,2,2,2,1,3,2,0
3,141,78,1,1,5,2,3,1,3,3,1,1,2,0
36,265,0,1,1,6,3,1,2,1,1,1,1,4,1
108,307,0,1,1,2,3,3,3,3,3,1,1,4,1
36,20,0,1,1,2,2,3,2,1,3,1,1,1,0
2,307,0,2,2,0,2,2,1,1,2,1,1,4,1
2,266,0,2,1,3,2,1,1,1,2,1,1,2,0
2,266,0,3,1,4,1,2,1,2,2,1,3,1,0
26,285,292,2,2,5,2,2,2,1,2,1,1,3,1
2,265,265,2,1,2,1,2,2,1,2,1,1,1,0
1,266,0,1,1,6,2,2,1,1,2,1,1,2,0
3,266,0,2,6,0,2,2,1,2,2,1,1,2,0
5,266,0,2,1,6,2,2,1,1,2,1,1,3,1
14,205,0,2,3,7,1,1,2,1,3,1,1,1,0
36,266,0,2,1,6,2,1,3,1,3,1,1,4,1
12,285,0,2,5,6,2,2,3,2,2,1,1,0,0
72,141,0,1,5,0,3,1,1,1,2,1,1,0,0
1,266,0,2,5,6,3,2,1,2,2,1,2,2,0
5,213,307,2,2,7,2,3,2,1,1,1,1,2,0
3,307,0,1,2,0,2,2,1,2,2,1,1,2,0
6,299,0,2,6,0,2,2,1,2,2,1,1,2,0
5,307,0,2,1,7,3,1,1,1,2,1,1,2,0
24,264,0,2,2,0,2,1,3,1,1,1,1,1,0
96,285,292,2,6,0,3,1,2,1,1,1,2,1,0
2,32,307,1,1,3,2,2,1,1,2,1,1,2,0
1,307,0,2,1,2,2,2,2,2,2,1,1,2,0
1,265,265,3,6,0,2,2,2,2,2,1,2,1,0
15,307,0,1,2,0,2,1,1,1,1,1,1,4,1
3,264,265,2,1,2,2,2,2,2,3,1,1,1,0
7,307,0,1,1,2,2,1,2,1,2,1,1,4,1
12,266,0,2,3,0,2,3,1,3,2,1,1,4,1
4,307,0,2,2,0,2,1,1,1,2,1,1,4,1
15,60,0,1,1,5,1,1,2,1,2,1,1,3,1
12,307,0,1,1,0,2,2,2,2,2,1,1,2,0
1,307,0,1,1,0,2,3,1,3,2,1,1,3,1
4,307,0,1,5,7,2,1,1,3,2,1,1,4,1
9,292,266,1,5,0,2,1,1,1,1,1,2,1,0
72,218,147,2,2,5,2,1,2,1,1,1,1,3,1
4,266,0,3,1,3,1,2,1,2,2,1,3,4,1
1,307,307,1,1,2,2,2,2,2,2,1,1,3,1
13,205,0,2,1,7,2,1,2,1,2,1,1,2,0
1,307,307,2,2,0,2,1,2,1,2,1,1,2,0
2,266,0,2,5,6,2,1,1,1,2,1,2,1,0
3,264,278,1,1,0,2,1,3,1,2,1,1,2,0
2,307,0,1,1,7,3,2,1,1,3,1,1,4,1
1,266,0,1,2,7,1,2,1,1,2,1,1,1,0
1,266,0,3,1,2,1,2,1,2,2,1,2,3,1
12,285,264,2,6,7,3,3,3,3,3,1,1,0,0
5,266,0,1,5,7,2,2,2,1,2,1,1,3,1
6,300,0,2,1,2,2,3,2,3,3,1,1,0,0
2,307,0,3,1,4,2,1,1,1,2,1,3,3,1
9,299,0,2,2,5,1,1,1,1,1,1,1,2,0
51,205,0,2,2,7,2,1,1,1,1,1,1,3,1
8,266,0,2,1,2,2,1,1,1,1,1,1,3,1
4,307,109,1,3,0,2,1,2,2,1,1,1,4,1
3,307,0,3,1,2,2,2,2,2,2,1,3,4,1
5,266,299,1,1,2,1,3,1,3,3,1,1,4,1
6,307,307,3,1,7,2,1,2,3,3,1,2,4,1
1,307,0,1,1,7,2,2,1,2,2,1,1,1,0
48,69,0,1,2,0,2,1,2,1,2,1,1,2,0
0,307,0,3,1,2,2,2,2,2,2,1,2,4,1
12,264,0,2,1,2,2,1,3,1,1,1,1,1,0
2,283,0,2,1,6,1,2,1,1,3,1,1,4,1
4,307,117,2,5,0,3,1,1,1,1,1,1,4,1
72,109,0,2,3,0,3,2,3,1,3,1,1,3,1
2,307,0,2,5,0,2,2,1,2,2,1,1,1,0
3,307,0,1,1,2,2,1,1,1,1,1,1,4,1
12,307,0,3,2,0,2,3,2,3,3,1,4,4,1
8,307,0,1,1,7,2,1,1,1,3,1,1,4,1
1,265,0,3,1,3,1,1,2,2,2,1,2,4,1
7,307,0,2,2,0,3,3,2,3,3,1,1,4,1
2,266,0,1,3,0,2,2,2,2,2,1,1,2,0
1,266,299,2,1,2,1,2,1,1,2,1,1,1,0
5,266,0,2,4,7,2,2,1,1,2,1,1,3,1
2,265,0,2,1,0,1,2,2,1,2,1,1,2,0
1,243,0,3,2,3,2,2,1,2,2,1,2,1,0
2,265,0,3,1,6,1,2,2,2,2,1,3,1,0
2,264,0,2,1,6,3,1,3,1,1,1,1,3,1
2,264,299,1,1,6,2,2,3,1,2,1,1,1,0
2,307,0,3,1,2,2,1,2,1,2,1,5,4,1
4,307,0,2,4,7,2,3,1,3,3,1,1,4,1
24,265,264,2,1,4,2,3,3,3,3,1,6,4,1
2,307,0,1,5,7,2,1,1,1,2,1,1,1,0
1,266,0,2,1,7,2,2,1,2,2,1,1,1,0
72,307,0,2,1,0,2,3,1,1,2,1,1,3,1
4,265,0,1,2,5,1,2,2,1,2,1,1,2,0
12,265,0,3,1,0,2,1,2,1,2,1,3,2,0
12,266,243,3,1,4,2,1,1,1,1,1,2,4,1
7,265,283,2,1,7,2,3,2,3,2,1,2,4,1
1,265,0,1,1,6,2,2,2,2,2,1,1,1,0
6,307,307,2,2,0,2,1,1,1,1,1,1,4,1
4,26,307,2,1,2,2,1,2,1,3,1,1,1,0
1,266,0,2,4,7,2,2,1,2,2,1,2,2,0
55,265,0,2,2,6,3,1,2,1,1,1,1,4,1
2,307,0,2,2,0,2,2,1,2,2,1,2,4,1
4,266,0,1,3,7,2,2,1,1,2,1,1,3,1
12,265,0,2,7,0,2,2,2,3,3,1,1,4,1
2,271,292,3,1,5,1,2,1,1,2,1,3,1,0
1,307,0,3,2,7,1,2,1,2,2,1,5,4,1
2,266,0,2,7,0,2,1,1,1,2,1,1,1,0
2,266,0,2,7,0,2,1,2,1,2,1,1,1,0
2,307,0,1,2,7,2,1,1,1,2,1,1,3,1
36,69,0,1,5,0,2,1,3,1,1,1,1,4,1
6,307,0,2,2,0,2,1,2,1,1,1,1,4,1
12,65,0,1,2,3,1,3,3,3,1,1,1,1,0
3,307,0,2,2,5,2,1,2,1,1,1,3,4,1
1,266,0,1,1,7,2,2,1,1,2,1,1,1,0
24,307,0,2,2,0,2,1,1,1,1,1,1,2,0
1,307,307,1,1,2,2,2,1,2,2,1,1,2,0
2,307,0,3,2,4,2,2,1,2,3,1,5,3,1
12,254,0,2,1,3,2,1,1,1,1,1,1,3,1
3,254,0,2,1,4,2,2,1,1,2,1,1,4,1
10,307,0,2,1,2,1,1,1,1,1,1,1,3,1
18,307,0,2,1,0,2,1,2,1,1,1,1,4,1
1,307,0,2,1,2,2,2,2,1,2,1,1,2,0
6,307,307,1,2,3,1,3,1,3,3,1,1,2,0
12,243,305,3,1,3,2,2,2,2,2,1,4,3,1
1,273,0,3,1,3,1,2,1,1,2,1,5,1,0
1,266,0,3,1,4,2,2,1,2,2,1,3,4,1
1,307,0,2,5,7,2,2,1,2,2,1,1,3,1
18,265,0,1,5,6,3,2,2,2,1,1,1,2,0
0,307,0,2,2,0,2,2,2,2,2,1,1,1,0
4,266,0,1,6,7,2,1,1,1,2,1,1,1,0
0,179,0,1,5,0,2,3,2,3,3,1,1,1,0
1,299,0,2,6,0,2,2,1,1,2,1,1,2,0
20,276,247,1,1,6,3,2,2,2,1,1,1,1,0
2,292,292,2,7,0,1,3,1,3,3,1,1,1,0
26,265,0,2,6,0,2,1,2,1,2,1,1,4,1
3,307,0,2,3,0,2,2,1,2,2,1,2,2,0
5,218,307,2,3,0,2,1,1,1,1,1,1,3,1
3,266,0,1,1,7,2,3,1,1,2,1,1,4,1
12,266,0,2,1,6,1,1,1,1,2,1,1,4,1
1,307,307,2,2,7,2,2,1,3,2,1,1,1,0
1,307,0,1,1,0,2,2,1,2,2,1,1,2,0
36,285,251,1,3,0,3,1,2,1,1,1,1,2,0
3,307,307,1,5,0,2,3,1,3,3,1,1,1,0
14,266,0,2,1,7,2,1,1,1,1,1,1,3,1
2,265,0,2,3,6,2,2,2,2,2,1,2,3,1
1,307,0,2,2,0,1,2,1,2,2,1,1,2,0
2,307,0,1,1,0,2,2,1,1,2,1,1,1,0
24,307,0,1,1,7,2,2,2,1,2,1,1,1,0
5,307,213,2,1,2,2,1,3,1,1,1,1,2,0
24,276,0,2,2,6,3,2,3,1,2,1,1,0,0
2,266,266,3,6,0,2,2,2,2,2,1,2,1,0
3,266,292,3,1,0,1,2,1,3,3,1,3,3,1
3,307,0,1,2,7,2,2,2,2,2,1,1,1,0
1,266,0,2,6,0,1,2,1,2,2,1,1,2,0
12,266,0,1,1,0,1,2,1,2,2,1,1,3,1
3,276,303,2,1,2,2,2,3,2,2,1,1,2,0
7,285,0,1,3,7,3,1,3,2,2,1,1,1,0
1,243,0,3,1,6,1,2,2,1,2,1,5,4,1
3,265,0,2,1,7,1,3,2,3,3,1,1,3,1
4,266,0,1,4,7,1,2,1,2,2,1,1,3,1
6,266,0,2,6,7,2,3,1,3,3,1,1,1,0
2,265,0,1,6,0,2,2,2,1,1,1,1,1,0
2,307,0,2,1,0,2,2,1,1,2,1,1,3,1
12,141,307,1,4,0,2,2,1,1,1,1,1,4,1
1,265,0,1,3,6,2,2,2,2,2,1,1,2,0
2,307,0,3,2,4,2,1,2,1,3,1,2,4,1
6,266,0,1,2,4,1,1,1,1,2,1,1,4,1
2,247,266,1,1,7,1,2,2,1,3,1,1,0,0
1,266,0,1,1,7,1,2,1,1,2,1,1,1,0
12,306,0,2,1,7,2,1,2,1,1,1,1,4,1
2,307,218,1,2,0,2,1,2,1,2,1,1,1,0
2,307,0,2,1,2,2,2,1,1,2,1,1,4,1
3,266,0,1,5,7,2,1,1,1,2,1,3,1,0
2,266,0,3,5,7,1,2,1,2,2,1,4,1,0
3,103,307,1,2,0,2,1,1,1,2,1,1,1,0
2,307,0,2,2,0,2,1,1,1,2,1,1,3,1
3,266,266,2,1,4,2,1,1,1,2,1,2,1,0
24,307,213,1,2,7,2,3,2,3,1,1,1,4,1
1,266,0,1,2,4,1,2,1,2,2,1,1,2,0
4,307,0,1,2,0,2,1,1,1,2,1,1,2,0
2,307,0,1,1,2,2,1,2,1,2,1,1,1,0
24,179,307,1,7,0,2,1,1,1,3,1,1,1,0
2,265,0,1,1,7,2,2,2,1,2,1,1,1,0
4,266,0,1,1,7,2,2,1,1,2,1,2,1,0
36,307,0,1,1,0,2,3,2,3,3,1,1,4,1
6,307,307,3,1,5,2,1,2,1,1,1,2,2,0
3,266,0,2,1,2,1,2,1,1,2,1,1,1,0
2,307,0,2,2,7,2,3,1,3,2,1,1,2,0
1,266,0,2,3,7,1,2,2,2,2,1,1,4,1
1,307,0,2,2,0,2,2,2,1,2,1,1,1,0
1,266,0,2,4,7,2,2,1,2,2,1,1,1,0
1,307,0,1,2,0,2,2,1,2,2,1,7,2,0
4,292,264,1,1,7,2,3,2,1,2,1,2,4,1
3,307,0,2,1,2,2,2,1,1,2,1,1,4,1
3,307,0,2,5,0,2,2,2,2,2,1,1,2,0
7,264,0,2,1,2,2,3,3,3,2,1,1,2,0
60,103,0,2,1,0,2,1,2,1,2,1,1,2,0
1,307,307,2,5,0,2,2,2,2,2,1,1,2,0
36,307,0,1,1,7,2,1,1,1,1,1,1,2,0
3,265,265,1,7,0,2,2,2,2,2,1,2,1,0
1,307,0,1,1,2,2,2,2,2,2,1,1,2,0
3,307,0,2,2,7,2,2,1,2,2,1,1,4,1
16,266,0,2,1,4,1,2,1,2,2,1,9,3,1
27,299,0,1,3,4,2,1,3,1,1,1,1,4,1
36,109,109,1,3,0,3,3,2,3,3,1,1,1,0
1,266,0,3,1,2,1,2,1,2,2,1,5,4,1
18,218,0,2,5,0,2,3,2,3,1,1,1,4,1
1,249,0,2,1,2,1,2,1,2,2,1,1,4,1
2,307,0,3,1,2,1,2,2,2,2,1,9,4,1
30,49,307,1,7,0,2,1,1,1,1,1,1,3,1
3,283,0,2,2,7,2,3,1,3,3,1,1,2,0
1,307,307,3,1,2,2,2,1,2,2,1,7,3,1
3,218,195,2,3,5,2,3,2,3,3,1,1,3,1
2,307,0,3,2,5,1,2,1,1,2,1,9,3,1
12,128,307,2,7,0,1,1,1,1,3,1,1,3,1
48,205,0,2,1,7,1,1,2,1,3,1,1,4,1
3,266,0,2,6,7,1,1,1,1,2,1,1,3,1
24,72,307,2,5,7,2,1,1,1,1,1,1,4,1
3,266,0,2,3,6,2,2,2,2,2,1,2,2,0
1,266,0,2,3,5,2,2,2,2,2,1,1,4,1
2,307,307,1,1,2,2,1,1,1,2,1,2,3,1
12,265,0,1,1,0,3,3,2,3,3,1,1,2,0
2,266,0,1,3,4,1,2,1,2,2,1,1,2,0
2,103,307,2,1,2,2,2,2,2,2,1,1,2,0
1,307,0,3,1,2,3,2,1,2,2,1,4,1,0
13,307,103,1,1,2,2,1,1,1,1,1,1,4,1
42,266,0,1,1,0,3,1,1,1,1,1,1,1,0
2,307,0,2,5,0,2,1,2,1,2,1,1,2,0
3,307,0,3,2,4,2,3,1,3,3,1,5,4,1
1,307,0,2,1,2,2,1,1,1,2,1,1,2,0
5,141,0,2,5,0,2,1,1,1,1,1,1,1,0
48,244,0,2,2,6,3,1,3,3,3,1,1,2,0
2,307,0,3,2,5,2,2,1,1,2,1,5,3,1
24,141,0,2,1,0,3,1,2,1,3,1,1,3,1
8,307,0,1,1,2,2,1,2,3,2,1,1,3,1
2,266,0,1,3,6,1,2,1,1,2,1,2,2,0
2,307,0,2,1,2,2,2,1,1,2,1,1,2,0
5,266,264,2,1,7,2,2,2,2,2,1,1,2,0
2,307,103,2,1,2,2,1,2,1,2,1,1,0,0
2,266,0,1,4,5,3,2,2,2,3,1,2,0,0
2,152,0,2,1,0,1,3,1,3,3,1,1,4,1
3,295,0,3,1,2,2,2,2,2,2,1,4,4,1
12,266,292,2,2,0,2,1,1,1,1,1,1,3,1
2,307,0,2,5,0,2,2,1,2,2,1,1,4,1
1,307,307,3,2,7,2,2,1,2,2,1,5,4,1
12,307,119,3,2,5,2,1,2,1,1,1,2,2,0
1,265,0,2,1,3,1,2,2,2,2,1,1,2,0
3,307,0,1,1,0,2,2,1,1,2,1,1,3,1
48,195,0,2,6,0,1,1,2,1,1,1,1,1,0
4,20,307,2,2,0,2,1,1,1,3,1,1,3,1
4,266,0,2,1,6,2,2,1,2,2,1,1,3,1
6,307,0,2,2,7,2,2,2,1,2,1,1,4,1
2,266,0,1,6,7,2,2,1,1,2,1,1,2,0
2,265,266,3,1,6,2,2,2,1,2,1,3,2,0
4,102,103,3,1,2,2,3,1,3,2,1,2,4,1
3,307,0,2,2,0,2,2,1,1,2,1,1,2,0
9,103,0,1,1,0,3,1,1,1,1,1,1,1,0
60,195,0,2,6,0,2,1,2,1,1,1,1,2,0
48,289,0,1,1,0,2,1,2,1,1,1,1,1,0
1,307,0,1,1,2,2,2,1,1,2,1,1,2,0
12,205,0,1,2,5,1,3,2,3,3,1,1,1,0
4,299,0,2,1,6,1,2,2,2,2,1,1,4,1
0,266,0,3,1,7,1,2,1,2,2,1,2,2,0
6,307,0,1,2,0,2,3,1,3,2,1,1,3,1
4,266,0,1,1,7,2,2,1,2,2,1,3,4,1
5,266,265,1,4,7,2,1,1,1,2,1,1,2,0
24,299,0,2,2,0,2,3,1,3,1,1,1,4,1
2,307,0,1,2,0,2,2,1,2,2,1,1,2,0
2,307,0,1,5,0,2,2,2,2,2,1,1,1,0
5,265,0,2,2,7,2,2,2,2,2,1,1,1,0
2,307,0,1,2,0,2,2,1,1,1,1,1,2,0
2,307,0,2,2,0,1,1,1,1,2,1,1,4,1
3,307,0,1,2,6,2,1,1,1,2,1,1,3,1
36,195,0,3,1,6,1,1,2,1,2,1,3,3,1
8,307,0,1,2,0,2,1,1,1,2,1,1,4,1
24,266,0,3,4,0,1,2,1,1,2,1,3,2,0
60,206,0,2,1,6,2,3,2,3,3,1,1,1,0
2,307,0,2,2,0,2,1,1,1,2,1,2,3,1
3,307,0,2,1,0,2,1,1,1,2,1,1,2,0
2,266,0,1,1,6,1,2,1,2,2,1,1,0,0
2,266,0,3,2,7,2,2,1,2,2,1,3,4,1
1,307,0,3,1,2,2,2,1,2,2,1,5,4,1
1,307,26,2,5,7,3,1,2,1,2,1,1,2,0
3,265,0,2,5,0,2,2,2,1,2,1,1,3,1
10,243,0,1,7,0,2,1,2,1,1,1,1,2,0
3,266,0,1,4,0,2,2,2,2,2,1,1,3,1
84,205,0,1,2,5,1,1,3,1,1,1,1,3,1
3,307,0,2,1,7,2,1,1,3,3,1,1,4,1
2,266,0,2,1,5,2,2,1,2,2,1,1,2,0
1,307,307,1,2,0,2,2,2,1,2,1,1,1,0
12,141,307,1,5,0,3,3,1,3,2,1,1,1,0
24,307,307,2,4,0,3,2,3,2,2,1,1,4,1
1,307,0,1,1,2,2,1,1,1,1,1,4,1,0
5,307,0,2,1,2,2,2,1,1,2,1,1,4,1
2,307,307,2,2,0,2,2,1,1,2,1,1,2,0
1,266,0,3,4,6,1,2,1,2,2,1,3,1,0
4,307,0,2,1,2,2,1,1,1,2,1,1,4,1
2,307,0,1,1,2,2,2,1,1,2,1,1,1,0
1,307,0,2,1,7,2,2,1,2,2,1,1,3,1
8,189,0,2,1,0,3,1,3,1,2,1,1,1,0
60,285,264,2,2,5,3,1,3,1,1,1,1,4,1
3,269,266,3,1,4,2,2,1,2,2,1,7,2,0
36,265,0,1,2,7,2,1,2,1,1,1,1,4,1
12,292,265,2,1,6,2,1,2,1,1,1,1,3,1
10,266,252,1,1,7,3,3,1,3,3,1,1,4,1
4,307,0,2,2,4,2,1,1,1,1,1,2,2,0
24,195,0,2,1,2,2,1,3,1,3,1,1,1,0
25,285,247,1,3,0,2,1,2,1,1,1,1,4,1
2,266,0,2,1,4,2,2,1,2,2,1,2,2,0
2,307,0,2,2,0,2,1,2,1,2,1,1,1,0
1,307,0,1,2,0,2,2,1,2,2,1,1,2,0
6,265,0,1,6,7,2,1,2,1,1,1,1,2,0
2,266,0,1,1,7,1,2,1,1,2,1,1,1,0
3,307,0,2,2,0,2,1,1,1,2,1,1,2,0
4,251,292,1,3,4,2,1,2,1,2,1,1,2,0
14,264,265,2,3,5,2,2,3,2,2,1,1,3,1
2,307,0,1,1,2,2,2,1,2,2,1,1,1,0
1,266,0,1,2,7,1,2,1,2,2,1,1,2,0
2,266,0,1,1,7,2,1,2,1,2,1,2,2,0
2,76,307,2,1,2,2,2,1,1,2,1,1,2,0
2,265,0,2,1,2,2,2,2,2,2,1,1,1,0
10,266,0,2,1,7,1,1,1,1,1,1,1,2,0
2,265,0,2,4,5,1,2,2,2,2,1,2,2,0
2,265,0,2,1,2,2,2,2,2,2,1,1,2,0
12,307,0,2,1,0,2,2,2,2,1,1,1,4,1
6,265,0,2,3,7,2,1,2,1,1,1,1,0,0
2,44,141,2,3,7,2,3,1,3,2,1,1,1,0
3,265,265,1,4,0,1,3,2,3,3,1,1,2,0
2,266,0,2,1,4,2,2,1,1,2,1,1,1,0
2,307,307,2,1,7,2,2,2,1,2,1,1,3,1
3,141,307,2,1,2,2,1,1,1,2,1,1,3,1
1,307,0,2,1,2,2,2,1,2,2,1,1,3,1
2,307,0,1,1,2,2,2,1,2,2,1,1,1,0
1,307,0,1,2,7,2,2,1,2,2,1,1,1,0
2,307,0,1,1,2,2,2,2,1,2,1,1,1,0
2,266,0,1,1,2,1,2,1,1,2,1,1,2,0
5,266,266,1,1,0,2,1,1,1,1,1,1,2,0
1,307,0,2,1,7,2,2,2,2,2,1,1,2,0
24,307,0,1,7,0,2,3,2,3,3,1,1,4,1
3,266,0,2,1,0,1,2,1,2,2,1,1,0,0
24,307,307,1,4,7,3,1,1,1,2,1,1,4,1
1,307,0,1,2,0,1,2,1,2,2,1,1,2,0
22,109,0,1,3,0,3,1,3,1,2,1,1,4,1
0,265,0,3,1,5,1,3,2,3,3,1,5,2,0
2,266,0,1,3,0,1,2,1,2,2,1,1,4,1
0,266,0,2,1,2,2,1,1,1,1,1,1,2,0
2,266,0,2,1,2,2,2,1,2,2,1,2,0,0
1,307,0,2,1,2,2,2,1,2,2,1,1,1,0
18,292,265,2,5,0,2,1,2,1,1,1,1,2,0
24,20,0,2,1,2,2,3,1,3,2,1,1,1,0
1,307,0,2,1,2,1,2,1,2,2,1,1,4,1
1,152,307,2,5,7,1,2,1,2,2,1,1,3,1
24,242,0,2,2,6,2,1,3,1,1,1,1,3,1
36,282,0,2,1,6,3,1,3,1,2,1,1,1,0
4,307,0,1,1,6,2,1,1,1,1,1,1,3,1
1,307,0,2,2,0,1,2,1,2,3,1,3,3,1
60,205,0,1,2,5,1,1,3,1,1,1,1,1,0
24,266,0,1,6,0,3,1,1,1,1,1,1,3,1
96,205,0,2,2,7,1,1,3,1,1,1,1,1,0
2,266,0,1,1,7,1,2,1,1,2,1,1,3,1
2,266,0,2,1,2,1,2,1,1,2,1,1,2,0
5,266,0,1,1,7,2,2,1,1,2,1,1,4,1
2,266,0,1,3,7,2,2,2,2,2,1,1,2,0
2,266,0,2,2,5,1,1,1,1,2,1,1,3,1
3,265,0,2,6,7,1,3,2,3,3,1,1,3,1
1,15,0,1,1,7,1,2,1,2,2,1,1,4,1
2,265,0,3,2,6,2,2,2,1,2,1,3,1,0
2,307,117,2,3,5,2,1,1,1,2,1,1,3,1
2,266,0,2,1,2,2,2,1,1,1,1,1,2,0
6,266,0,1,2,7,1,2,1,1,2,1,1,4,1
7,254,303,2,1,4,2,1,1,1,2,1,1,1,0
5,266,0,1,1,7,1,1,1,2,3,1,1,4,1
3,307,0,2,1,2,3,1,1,1,2,1,1,1,0
24,307,39,2,1,7,2,3,2,1,1,1,1,3,1
6,265,0,3,1,7,2,2,2,2,2,1,2,4,1
8,307,0,1,2,0,2,2,1,2,2,1,1,4,1
3,266,0,2,6,7,1,2,1,2,2,1,1,1,0
3,266,0,2,1,2,2,1,1,1,3,1,1,1,0
2,266,0,3,1,5,3,2,1,2,2,1,8,2,0
6,307,0,2,5,0,2,1,1,1,2,1,1,4,1
10,292,264,3,2,3,2,2,3,2,2,1,3,1,0
24,285,264,2,4,0,2,2,3,1,1,1,1,3,1
2,307,307,2,5,0,3,3,1,3,3,1,1,4,1
9,266,0,1,3,7,2,1,1,1,1,1,1,3,1
2,266,0,1,2,0,1,1,1,1,2,1,1,2,0
1,307,307,3,1,2,2,2,1,2,2,1,2,2,0
84,264,264,3,1,7,2,1,2,1,1,1,2,3,1
2,266,266,2,1,6,2,2,1,1,2,1,1,2,0
36,152,0,2,1,2,1,1,1,1,2,1,1,0,0
2,213,307,3,1,3,2,1,3,1,2,1,7,3,1
12,307,0,1,1,2,2,1,2,1,1,1,1,4,1
10,299,0,2,1,7,1,1,2,1,1,1,1,1,0
2,266,0,3,3,0,2,2,1,2,1,1,3,2,0
12,266,0,1,1,0,2,3,2,3,2,1,1,4,1
2,307,307,2,2,0,2,1,1,1,2,1,1,4,1
4,307,0,2,2,7,2,1,1,3,2,1,1,2,0
2,266,0,1,6,0,2,1,1,1,2,1,1,4,1
1,307,0,2,2,0,2,2,1,1,2,1,1,3,1
3,306,266,2,1,7,1,1,1,1,2,1,1,3,1
1,307,0,1,5,0,1,1,1,1,1,1,1,2,0
2,307,307,2,5,0,2,1,2,1,2,1,1,2,0
4,307,0,2,2,0,2,2,1,2,3,1,1,4,1
6,266,0,2,2,4,2,1,1,1,1,1,1,2,0
3,307,0,1,1,0,2,3,1,3,2,1,1,3,1
48,218,0,1,2,5,2,1,3,1,1,1,1,4,1
2,266,0,1,1,2,1,2,1,2,2,1,1,2,0
1,265,0,1,7,0,1,2,2,2,2,1,1,2,0
8,265,285,3,2,5,2,2,2,2,3,1,7,4,1
8,307,0,2,1,7,2,1,2,1,1,1,1,2,0
2,266,0,2,2,0,1,2,1,2,2,1,1,4,1
36,307,0,1,1,2,1,1,2,1,2,1,1,1,0
11,265,0,2,1,2,2,1,2,1,1,1,1,3,1
4,266,0,1,2,3,2,1,1,1,2,1,1,2,0
2,307,0,2,2,7,2,2,1,1,2,1,1,3,1
30,266,0,1,6,7,2,1,1,1,1,1,1,3,1
3,265,0,2,1,0,2,2,2,2,2,1,4,1,0
3,307,0,2,1,3,1,3,1,3,3,1,1,4,1
1,307,0,3,1,2,2,2,2,2,2,1,2,2,0
18,265,0,3,2,4,2,2,2,2,2,1,4,3,1
3,307,0,2,1,0,2,2,1,2,2,1,1,4,1
42,109,0,2,4,0,2,2,3,2,1,1,1,3,1
1,266,0,1,1,2,1,2,1,2,2,1,1,4,1
12,307,307,2,4,7,2,1,2,1,2,1,1,4,1
2,265,265,2,6,0,2,2,2,1,2,1,1,1,0
36,266,292,2,6,7,1,3,1,3,3,1,1,1,0
12,264,0,1,1,0,1,1,3,1,1,1,1,1,0
1,307,307,3,1,2,2,2,3,2,2,1,2,0,0
12,292,266,3,7,0,2,1,1,1,2,1,4,1,0
1,307,0,1,2,0,3,3,2,1,2,1,1,1,0
6,292,292,1,5,7,2,2,1,1,2,1,1,2,0
9,200,0,2,5,0,2,2,1,2,2,1,1,2,0
4,307,0,2,1,0,2,3,1,3,3,1,1,3,1
12,264,0,3,1,6,2,2,2,2,2,1,6,2,0
7,307,0,2,1,2,2,2,1,2,1,1,1,3,1
3,254,0,2,1,4,2,2,2,1,2,1,1,1,0
3,307,0,1,1,0,2,2,2,1,2,1,1,1,0
12,266,0,1,2,0,2,1,1,1,1,1,1,2,0
9,266,0,2,4,7,1,1,1,1,1,1,1,4,1
48,307,307,1,2,3,2,2,2,3,2,1,1,4,1
46,307,0,1,1,2,2,1,2,1,1,1,2,3,1
2,265,0,3,7,0,2,1,2,1,2,1,6,3,1
24,307,0,1,5,0,2,3,2,3,3,1,1,4,1
1,266,0,1,1,7,1,2,2,1,2,1,1,1,0
4,152,117,2,1,0,2,2,1,1,2,1,1,3,1
12,266,0,3,1,2,3,1,1,1,1,1,2,2,0
2,88,307,2,2,7,2,3,1,3,2,1,1,3,1
4,251,0,1,3,4,2,1,2,1,2,1,1,2,0
2,307,0,1,2,7,2,1,1,1,2,1,1,2,0
108,141,0,1,3,0,3,2,1,1,1,1,2,4,1
14,276,285,1,5,0,3,1,3,1,2,1,1,1,0
5,266,0,2,1,0,2,2,1,1,2,1,1,4,1
72,307,0,2,1,2,2,1,1,1,2,1,2,4,1
2,307,0,2,1,7,2,3,2,3,1,1,1,4,1
1,307,0,3,1,2,2,1,1,1,2,1,4,4,1
5,266,0,2,5,7,2,3,1,3,2,1,1,2,0
60,195,0,1,1,6,2,1,2,3,3,1,1,4,1
2,285,0,2,6,0,2,1,3,1,2,1,1,2,0
12,292,266,2,2,5,2,1,2,1,1,1,2,2,0
3,265,0,2,1,2,2,1,2,1,2,1,1,1,0
72,264,265,2,1,2,2,3,2,3,3,1,1,2,0
2,307,307,2,1,2,2,2,1,2,2,1,2,4,1
108,266,0,2,1,7,2,1,1,1,1,1,1,3,1
9,178,169,2,1,5,1,1,3,1,2,1,1,2,0
4,266,0,1,2,0,2,1,1,1,2,1,1,4,1
1,307,218,2,2,7,2,2,3,2,2,1,1,2,0
2,299,266,1,6,0,2,2,2,2,2,1,1,2,0
5,266,0,3,1,4,3,2,1,2,2,1,2,2,0
1,307,0,3,1,2,2,2,1,1,2,1,9,2,0
15,307,0,2,2,0,2,1,1,1,1,1,1,4,1
2,241,264,2,1,6,2,2,3,2,2,1,1,3,1
1,307,0,1,1,2,2,2,2,2,2,1,1,2,0
3,265,0,1,1,4,2,2,2,2,2,1,1,1,0
1,265,0,1,1,7,1,2,2,2,2,1,1,1,0
5,307,0,2,3,5,2,1,1,1,1,1,1,3,1
2,247,299,1,3,4,2,2,1,1,2,1,1,2,0
1,285,0,3,1,3,1,2,1,2,2,1,2,4,1
2,266,264,2,7,0,1,2,1,2,2,1,1,2,0
2,307,0,1,2,7,2,1,2,1,3,1,1,4,1
6,265,283,2,1,2,1,3,2,3,3,1,3,4,1
3,307,307,1,3,7,2,1,1,1,2,1,1,4,1
3,307,0,2,1,4,3,3,1,1,3,1,2,2,0
3,266,0,2,6,0,1,1,1,1,2,1,1,4,1
8,266,0,2,1,3,2,2,1,2,2,1,1,3,1
1,307,0,1,1,2,2,3,2,3,3,1,1,3,1
1,266,0,1,3,4,1,2,1,2,2,1,1,4,1
1,266,0,3,1,4,2,2,1,2,2,1,3,2,0
24,307,0,1,2,0,2,1,2,1,3,1,1,4,1
108,109,0,1,3,0,3,1,2,1,3,1,1,1,0
0,307,0,3,1,2,2,2,2,3,2,1,5,2,0
1,141,307,2,2,0,2,3,1,3,2,1,1,3,1
2,307,0,1,1,7,2,2,1,2,2,1,1,2,0
36,109,0,1,3,0,2,1,2,1,1,1,1,2,0
96,207,0,1,1,5,1,3,2,3,3,1,1,3,1
12,307,0,1,7,0,3,2,1,2,2,1,1,3,1
3,307,0,1,1,7,2,1,2,1,2,1,1,3,1
1,285,265,1,5,0,2,2,3,1,2,1,1,1,0
24,69,0,2,3,5,2,3,2,3,3,1,1,2,0
0,265,0,3,1,2,1,2,1,2,2,1,2,1,0
5,307,0,2,2,0,2,1,1,1,1,1,1,3,1
8,307,307,3,2,0,2,3,1,3,3,1,4,4,1
4,266,0,3,3,7,2,2,1,1,2,1,2,2,0
2,307,0,2,1,2,2,2,1,2,2,1,2,1,0
1,307,307,2,2,0,2,2,2,1,2,1,1,2,0
24,307,152,2,1,2,2,1,1,1,1,1,1,4,1
6,218,307,2,7,0,2,2,3,2,2,1,1,4,1
1,266,0,3,1,4,3,2,1,2,2,1,3,1,0
1,307,307,1,1,2,2,2,2,2,2,1,1,3,1
1,307,0,2,2,0,2,2,1,1,2,1,2,2,0
1,307,0,1,1,2,2,2,1,1,2,1,1,1,0
2,265,292,2,5,0,2,1,2,1,2,1,2,1,0
2,307,0,1,1,2,2,1,2,1,2,1,1,4,1
3,307,0,2,1,2,2,1,2,1,3,1,1,4,1
1,307,0,1,2,0,2,2,1,2,2,1,1,1,0
2,266,0,2,2,4,1,3,1,1,2,1,1,2,0
6,78,0,2,1,2,3,3,1,3,2,1,1,3,1
2,266,0,2,1,3,2,2,1,2,2,1,1,2,0
2,307,0,3,1,0,2,2,1,2,2,1,4,4,1
3,266,0,3,1,2,1,2,1,2,1,1,5,4,1
2,266,0,1,6,0,1,2,1,1,2,1,1,2,0
20,266,0,3,1,6,2,2,1,3,2,1,5,4,1
5,307,0,2,1,2,2,3,1,3,3,1,1,1,0
6,307,0,2,2,0,2,1,1,1,2,1,1,2,0
1,307,307,1,2,0,2,2,1,2,2,1,1,2,0
3,266,0,1,4,0,1,2,1,1,2,1,1,1,0
2,266,266,2,1,7,2,2,1,1,2,1,1,2,0
6,265,264,3,1,7,2,3,2,3,2,1,3,2,0
2,307,0,2,1,2,2,1,2,2,2,1,1,2,0
2,307,0,1,2,7,1,1,1,1,2,1,1,4,1
8,307,307,1,2,0,2,1,2,1,1,1,1,3,1
12,307,0,2,5,7,2,2,2,2,2,1,1,3,1
1,141,0,2,1,2,2,2,2,2,2,1,2,2,0
2,265,0,2,2,3,1,2,2,2,2,1,3,4,1
21,254,265,2,1,2,2,1,2,1,1,1,1,2,0
55,307,0,2,2,3,2,2,1,2,2,1,9,4,1
1,307,103,2,1,2,2,2,1,2,2,1,1,1,0
2,307,0,2,1,2,3,3,1,1,3,1,2,2,0
9,307,0,1,1,7,2,1,1,1,1,1,1,4,1
2,307,0,2,2,0,2,1,2,1,2,1,1,4,1
77,109,0,1,3,0,2,1,2,1,2,1,1,2,0
52,119,0,1,1,5,2,1,2,1,2,1,1,1,0
24,293,0,1,4,5,3,1,2,1,1,1,1,4,1
5,299,0,2,6,7,1,1,1,1,1,1,1,1,0
60,307,307,1,2,5,2,1,2,1,1,1,1,4,1
28,307,0,2,2,7,2,1,1,1,1,1,1,4,1
12,307,0,2,2,7,1,1,2,1,3,1,1,4,1
3,266,0,2,1,7,1,1,1,2,2,1,1,4,1
12,307,0,1,1,0,2,2,1,1,1,1,1,2,0
25,292,292,1,2,0,3,1,1,1,1,1,1,2,0
1,307,307,2,1,2,2,1,1,1,3,1,9,4,1
2,307,0,1,2,7,2,2,2,2,2,1,1,4,1
1,265,0,2,1,2,2,2,2,2,2,1,2,1,0
6,307,0,1,1,0,2,1,1,1,2,1,1,1,0
6,265,0,3,1,4,1,2,2,2,2,1,2,2,0
1,307,0,1,1,0,2,2,2,1,2,1,1,1,0
1,307,307,3,1,4,2,2,1,2,3,1,5,2,0
1,307,0,3,1,7,2,2,1,2,3,1,2,3,1
6,293,0,1,7,0,2,3,1,3,3,1,1,0,0
3,266,0,2,1,7,3,2,1,1,2,1,1,2,0
1,266,0,1,1,0,1,2,1,2,2,1,1,1,0
7,307,0,2,1,0,2,1,2,1,1,1,1,4,1
1,292,299,1,2,5,1,1,1,1,2,1,1,3,1
48,60,179,2,5,0,1,3,1,3,3,1,1,1,0
1,307,0,3,1,2,1,2,1,2,2,1,9,2,0
1,307,0,2,3,0,2,2,1,2,2,1,1,3,1
1,307,0,1,1,2,2,2,2,2,2,1,1,2,0
12,285,0,1,1,7,2,3,2,3,3,1,1,4,1
1,266,0,1,1,6,2,2,1,2,2,1,1,2,0
2,307,0,2,2,0,2,2,1,1,2,1,1,2,0
5,266,0,1,1,7,2,2,1,1,2,1,1,2,0
12,266,0,2,2,5,2,3,1,3,3,1,1,4,1
24,152,307,2,1,0,2,1,1,1,1,1,1,3,1
6,266,0,2,3,6,1,1,1,1,1,1,1,2,0
60,307,307,1,1,2,2,1,2,1,2,1,1,2,0
1,307,0,2,1,2,2,2,1,1,2,1,1,1,0
1,265,0,1,3,6,2,2,2,1,2,1,2,1,0
53,147,0,1,7,0,1,1,3,1,1,1,1,1,0
6,266,292,1,2,7,2,1,1,1,1,1,1,4,1
8,307,0,2,7,0,2,1,2,1,1,1,1,2,0
36,285,0,2,2,0,2,2,3,2,2,1,1,1,0
5,264,264,2,2,5,2,1,2,1,1,1,2,3,1
2,307,307,2,2,0,2,2,2,1,2,1,1,2,0
5,266,266,1,1,6,2,1,2,1,2,1,2,2,0
3,307,0,3,1,2,2,2,1,2,2,1,3,4,1
108,266,0,2,1,0,2,1,1,1,2,1,1,3,1
12,205,0,2,5,0,1,1,3,1,1,1,1,2,0
2,307,0,2,1,0,2,2,1,1,2,1,1,3,1
2,307,307,2,1,2,2,2,1,2,2,1,1,1,0
3,266,0,2,5,0,2,1,2,1,2,1,1,3,1
2,307,0,2,1,0,2,2,2,1,2,1,1,4,1
48,299,274,3,6,0,2,1,1,1,1,1,2,4,1
4,265,0,2,2,3,2,2,2,2,2,1,1,0,0
13,307,0,2,3,0,1,2,2,1,1,1,1,4,1
2,307,0,1,2,7,2,1,1,1,2,1,1,3,1
3,266,0,2,1,7,3,2,1,2,2,1,1,1,0
12,307,0,2,2,0,2,2,1,2,1,1,1,4,1
2,307,0,1,1,0,2,3,2,1,2,1,1,3,1
2,265,265,1,4,7,2,2,2,2,2,1,2,2,0
2,282,0,1,1,7,2,1,2,1,2,1,1,2,0
12,307,0,2,1,2,1,1,2,1,2,1,1,4,1
12,266,0,2,1,2,2,1,1,1,2,1,1,4,1
3,285,0,1,3,5,2,3,2,3,3,1,2,4,1
3,266,0,2,1,0,2,2,1,1,2,1,1,1,0
1,266,0,2,1,7,2,2,1,1,2,1,1,2,0
1,266,0,2,1,7,2,2,1,1,2,1,1,2,0
84,26,0,2,1,2,3,1,2,1,1,1,1,4,1
6,141,307,2,1,0,2,1,1,1,1,1,1,1,0
1,266,0,2,6,7,1,2,1,2,2,1,1,2,0
36,266,266,3,2,4,2,2,1,2,2,1,3,3,1
0,307,0,3,2,5,2,2,1,2,2,1,9,2,0
1,265,0,2,1,2,2,2,2,2,3,1,3,4,1
36,307,0,2,2,3,2,3,1,3,3,1,1,4,1
2,307,213,1,3,5,2,2,1,2,2,1,1,2,0
12,266,0,2,2,7,2,2,1,2,2,1,1,3,1
3,307,0,2,1,2,2,1,1,1,2,1,1,2,0
2,307,0,1,2,7,2,1,1,1,2,1,1,3,1
4,307,0,1,7,0,2,1,1,1,2,1,1,1,0
3,307,0,3,2,5,2,1,1,1,2,1,6,2,0
1,265,0,1,3,4,3,2,2,2,2,1,1,1,0
4,266,266,3,1,0,2,2,1,2,2,1,2,2,0
1,266,0,3,1,7,1,2,1,2,2,1,3,2,0
6,307,0,2,5,7,2,1,2,1,2,1,1,4,1
4,299,0,1,1,2,2,1,1,1,3,1,1,4,1
2,307,0,2,5,7,2,2,1,1,2,1,1,2,0
1,266,0,1,1,6,2,2,1,1,2,1,1,1,0
6,307,0,1,3,0,2,2,2,2,1,1,1,4,1
1,39,0,2,1,7,2,2,2,2,2,1,1,2,0
12,213,307,2,7,0,2,3,2,3,3,1,1,4,1
12,266,266,1,2,0,2,2,1,1,2,1,1,4,1
2,307,307,3,1,2,1,1,2,1,3,1,2,4,1
1,264,264,1,1,7,1,2,3,2,2,1,1,2,0
12,247,266,2,1,7,2,1,1,1,2,1,1,2,0
1,307,24,1,1,2,2,2,2,1,2,1,1,0,0
2,307,0,2,2,0,2,2,1,1,2,1,1,4,1
3,307,0,2,1,2,2,2,1,2,2,1,1,2,0
1,307,0,2,1,2,2,2,1,1,2,1,1,1,0
2,307,0,1,2,0,2,1,1,1,2,1,1,3,1
60,109,0,1,3,0,3,3,2,3,3,1,1,2,0
3,307,0,1,1,2,2,2,1,1,2,1,1,4,1
36,299,0,2,2,5,2,1,1,1,1,1,1,2,0
2,242,264,2,5,0,2,2,3,1,2,1,1,3,1
7,264,299,1,1,7,3,2,3,2,2,1,1,3,1
3,285,266,1,1,2,2,2,1,1,2,1,3,1,0
2,307,0,1,2,0,2,2,1,1,2,1,1,4,1
6,205,0,3,6,7,1,2,3,2,2,1,2,1,0
3,307,0,2,1,2,2,2,2,1,2,1,1,3,1
2,265,265,1,4,0,1,2,2,1,2,1,1,0,0
6,283,0,2,2,7,2,1,1,1,1,1,1,3,1
3,266,0,2,2,7,2,1,1,1,2,1,1,4,1
34,307,0,2,1,0,2,3,2,3,3,1,1,4,1
5,265,285,2,1,3,1,1,1,1,2,1,1,2,0
2,241,266,3,2,3,1,2,1,2,2,1,2,3,1
16,264,266,3,1,6,2,2,1,2,2,1,3,1,0
3,307,0,1,1,0,2,2,1,1,2,1,1,4,1
3,307,307,2,1,0,2,1,1,1,2,1,1,2,0
0,264,266,3,1,3,3,2,2,2,2,1,6,2,0
2,266,0,2,2,3,2,2,2,1,2,1,1,2,0
1,307,0,2,2,0,2,1,1,1,1,1,1,2,0
16,265,0,1,3,0,1,2,2,2,2,1,1,2,0
12,265,0,2,1,4,2,1,2,1,1,1,1,2,0
84,109,0,1,3,0,3,3,2,1,2,1,1,2,0
9,307,0,2,1,7,2,1,1,1,1,1,1,4,1
4,307,307,2,1,0,2,1,1,1,2,1,1,3,1
1,307,0,2,2,0,1,2,1,2,2,1,1,2,0
1,307,307,2,1,0,2,2,1,2,2,1,5,4,1
2,265,0,3,3,4,2,2,2,2,2,1,3,2,0
5,307,0,2,1,0,2,1,2,1,2,1,1,1,0
17,205,0,1,5,0,1,1,2,1,1,1,1,3,1
2,307,0,1,1,4,3,2,1,2,2,1,1,3,1
1,265,0,2,5,7,1,2,2,2,2,1,1,0,0
1,307,0,2,1,7,2,1,2,1,2,1,1,2,0
3,307,0,3,1,7,2,2,1,2,2,1,2,4,1
3,266,0,1,1,7,2,2,1,1,2,1,1,1,0
1,283,0,3,2,7,1,3,1,3,3,1,4,4,1
2,307,0,1,1,2,1,1,1,1,2,1,1,3,1
6,266,0,2,1,7,1,2,1,1,2,1,1,4,1
6,307,0,2,1,2,2,1,2,1,1,1,1,3,1
1,307,0,2,2,0,2,2,2,2,2,1,1,2,0
4,307,307,1,1,0,1,2,1,2,2,1,1,4,1
24,307,0,1,5,0,2,1,1,1,3,1,1,4,1
24,307,0,2,2,0,2,3,2,3,3,1,9,4,1
5,265,0,1,1,2,2,2,2,2,2,1,1,3,1
4,307,307,2,2,7,1,3,2,1,1,1,1,4,1
36,195,307,1,2,6,1,3,2,3,1,1,1,2,0
2,299,249,1,1,6,2,2,1,1,2,1,1,1,0
2,307,0,2,1,2,2,3,1,3,2,1,1,1,0
2,266,0,1,3,7,1,1,1,1,2,1,1,2,0
2,307,0,2,2,0,2,2,1,2,2,1,1,3,1
3,307,78,2,1,2,2,1,2,1,2,1,1,2,0
1,266,0,1,6,7,1,2,1,1,2,1,1,1,0
3,266,0,2,6,7,1,2,1,1,2,1,1,2,0
5,266,0,1,1,0,1,1,2,1,2,1,1,4,1
12,307,0,1,5,0,1,1,2,1,1,1,1,4,1
1,243,243,3,4,5,1,2,1,1,2,1,7,2,0
5,265,0,3,1,2,1,2,2,2,2,1,4,1,0
1,307,307,2,1,2,2,2,2,2,2,1,1,3,1
3,299,0,1,2,6,1,2,2,1,2,1,1,2,0
24,307,0,1,2,7,3,3,2,3,3,1,4,3,1
72,307,0,2,1,4,2,2,2,1,2,1,1,3,1
12,205,0,1,2,7,2,1,2,3,3,1,1,0,0
22,285,0,2,2,3,2,1,3,1,1,1,1,1,0
1,307,0,2,2,0,2,1,2,2,2,1,1,2,0
2,307,0,2,1,2,2,2,1,2,2,1,1,3,1
3,26,0,2,2,0,4,1,2,3,2,1,1,1,0
6,109,307,2,7,0,2,2,2,2,1,1,1,4,1
2,251,245,2,1,0,2,1,1,1,2,1,3,2,0
2,266,0,2,2,0,1,2,2,2,2,1,1,4,1
3,299,0,2,6,0,1,1,1,1,1,1,2,3,1
3,266,0,2,6,7,2,2,1,1,2,1,1,1,0
1,307,0,2,1,2,2,2,2,2,2,1,2,2,0
2,307,0,2,1,2,2,2,2,2,2,1,1,1,0
1,307,0,2,2,0,2,2,1,1,2,1,1,4,1
2,307,0,2,1,7,2,1,2,1,2,1,3,4,1
8,307,307,1,1,2,2,1,1,1,1,1,2,4,1
60,179,0,1,2,0,2,1,2,2,2,1,1,3,1
8,266,0,1,6,7,2,1,2,1,2,1,1,4,1
12,264,0,2,6,0,2,3,2,1,2,1,1,1,0
2,266,0,3,1,2,1,1,1,1,2,1,2,3,1
7,266,0,2,1,2,1,1,1,1,1,1,1,4,1
2,265,266,2,1,2,1,2,2,1,2,1,2,0,0
2,243,247,3,1,2,2,2,1,2,2,1,5,0,0
2,185,0,2,1,2,2,2,1,2,2,1,1,2,0
7,266,0,1,3,0,2,1,1,1,1,1,1,4,1
12,266,0,2,2,5,2,2,1,2,2,1,1,3,1
36,266,0,2,2,5,2,1,1,1,1,1,1,4,1
2,307,0,2,1,2,2,2,1,2,2,1,3,2,0
2,307,0,2,2,0,2,1,1,1,2,1,1,3,1
1,266,0,1,1,2,2,1,1,1,2,1,1,2,0
0,307,0,3,2,4,2,2,1,2,2,1,3,2,0
4,307,0,2,2,0,2,1,1,1,2,1,1,3,1
6,266,266,1,1,6,1,2,1,1,1,1,1,2,0
2,307,0,2,2,0,2,1,1,1,2,1,1,2,0
1,266,0,3,2,4,2,1,1,1,2,1,4,3,1
48,207,0,1,1,2,1,1,2,1,1,1,1,3,1
41,307,0,2,1,5,2,1,2,1,3,1,1,4,1
2,307,0,1,2,0,2,1,1,2,2,1,1,1,0
1,266,0,2,1,7,2,2,1,2,2,1,1,0,0
4,103,103,1,2,0,1,3,2,3,3,1,1,4,1
0,307,307,3,1,2,1,3,1,3,3,1,5,3,1
3,307,0,1,2,7,2,2,1,1,2,1,1,2,0
84,307,0,2,1,2,2,1,2,1,1,1,1,4,1
3,307,0,2,3,0,2,1,2,2,2,1,1,4,1
3,265,0,2,2,7,2,2,2,2,2,1,1,2,0
2,292,252,1,2,5,1,2,1,2,2,1,1,0,0
2,265,0,3,1,6,1,2,2,2,3,1,7,1,0
24,307,0,1,1,0,4,3,2,3,3,1,1,3,1
18,285,282,1,2,5,3,1,3,1,2,1,1,2,0
3,307,0,2,4,5,2,1,2,1,3,1,1,4,1
1,307,0,2,1,2,2,1,1,1,2,1,1,3,1
1,307,0,2,5,0,1,2,2,2,2,1,1,1,0
4,264,0,1,4,0,3,2,3,1,2,1,1,1,0
30,205,0,2,7,0,1,1,2,1,2,1,1,3,1
48,307,0,1,1,0,2,3,2,3,2,1,1,4,1
24,292,285,2,7,0,2,3,3,3,3,1,6,1,0
2,266,266,3,1,6,1,2,1,2,3,1,2,1,0
2,307,0,2,1,2,2,1,2,2,2,1,1,4,1
8,109,0,1,2,0,1,1,1,1,2,1,1,2,0
9,78,78,1,1,0,3,1,2,1,2,1,1,1,0
10,270,292,2,2,0,2,2,1,2,2,1,1,2,0
4,307,0,2,5,0,1,2,1,2,2,1,1,4,1
2,205,0,2,5,7,1,1,3,1,1,1,1,1,0
6,152,213,2,1,7,1,2,1,1,2,1,1,3,1
12,266,0,1,4,5,3,2,2,1,2,1,1,2,0
12,179,0,1,1,0,1,1,1,1,2,1,1,4,1
3,307,0,3,1,2,2,2,1,3,3,1,4,4,1
4,266,0,1,3,0,1,2,1,1,2,1,1,1,0
48,307,0,2,2,7,2,1,1,1,1,1,1,4,1
3,266,0,2,1,0,1,3,1,3,3,1,1,4,1
36,307,307,1,1,2,2,1,3,1,1,1,2,4,1
8,292,299,2,2,6,1,3,1,3,3,1,1,4,1
2,266,0,2,4,7,1,2,2,2,2,1,1,1,0
2,307,0,2,5,0,1,2,1,2,2,1,1,4,1
24,307,0,2,1,0,2,2,1,2,1,1,1,4,1
11,303,266,2,1,2,2,1,1,1,1,1,1,4,1
14,307,0,1,1,0,2,1,1,1,2,1,1,4,1
2,265,0,1,1,7,2,2,2,2,2,1,1,2,0
4,266,0,1,1,6,4,2,2,2,2,1,1,2,0
60,254,0,2,1,3,2,1,1,1,1,1,1,3,1
3,307,0,3,1,2,3,2,1,2,2,1,3,2,0
2,266,264,2,7,0,1,2,1,2,2,1,1,1,0
9,306,0,1,6,7,2,1,2,1,1,1,1,0,0
12,76,307,2,1,7,2,1,1,1,1,1,1,4,1
1,141,307,3,5,0,2,2,1,2,2,1,4,2,0
22,266,0,1,1,2,2,1,1,1,1,1,1,4,1
7,307,0,1,1,2,2,1,1,1,3,1,1,1,0
3,307,0,2,1,2,2,2,1,1,2,1,1,3,1
1,307,0,2,1,2,2,2,2,2,2,1,1,2,0
3,251,254,3,1,2,2,2,3,1,2,1,3,1,0
12,299,0,2,3,6,2,1,2,2,1,1,2,4,1
12,266,0,2,6,7,2,1,1,1,1,1,1,4,1
60,152,0,1,2,0,1,3,1,3,2,1,1,2,0
3,213,307,2,1,2,2,3,2,3,2,1,1,3,1
3,266,0,2,7,0,2,1,1,1,2,1,2,4,1
84,205,0,2,3,7,1,1,3,1,1,1,1,2,0
24,307,0,2,2,7,2,1,1,1,1,1,1,4,1
3,307,141,1,3,0,3,1,1,1,2,1,1,0,0
1,266,0,1,1,2,1,2,1,2,2,1,1,1,0
12,299,0,1,3,5,2,1,1,1,1,1,1,4,1
22,119,103,1,1,6,2,1,1,1,2,1,1,2,0
3,266,0,2,4,7,3,2,2,2,3,1,1,1,0
4,141,307,2,1,0,2,3,1,3,3,1,2,3,1
24,307,173,1,2,0,2,1,1,1,1,1,1,4,1
22,307,0,1,2,3,2,1,1,1,3,1,1,3,1
1,307,307,3,1,2,2,1,1,1,2,1,3,4,1
4,266,0,1,1,6,2,2,2,2,2,1,3,2,0
3,265,0,2,2,7,1,2,2,2,2,1,1,2,0
24,212,0,2,4,0,1,1,2,1,1,1,1,4,1
18,292,0,3,2,3,2,2,2,2,2,1,3,3,1
2,307,0,2,2,7,2,1,1,1,2,1,5,4,1
38,128,0,1,2,7,1,1,1,1,1,1,1,2,0
2,78,307,2,1,2,2,1,1,1,2,1,1,3,1
2,103,307,2,1,4,2,2,2,2,2,1,1,2,0
36,307,0,2,2,7,2,1,2,2,1,1,1,4,1
12,20,0,1,1,2,2,1,1,1,2,1,1,2,0
36,179,0,2,5,0,1,3,3,3,2,1,1,1,0
3,266,285,1,1,0,3,2,1,1,2,1,1,1,0
1,307,0,1,2,6,2,2,1,2,2,1,1,3,1
4,307,0,3,1,2,1,2,2,2,2,1,6,1,0
3,266,0,2,6,0,1,1,2,1,2,1,1,2,0
84,280,0,2,2,3,2,1,3,1,1,1,1,1,0
16,264,265,1,7,0,3,2,2,1,1,1,2,4,1
5,292,266,1,2,0,1,1,1,1,1,1,1,1,0
10,206,109,3,1,3,3,1,3,1,1,1,3,3,1
2,266,0,3,4,5,2,1,1,1,2,1,4,3,1
3,285,276,1,6,0,2,1,2,1,2,1,1,2,0
36,147,307,2,7,0,1,1,2,1,1,1,2,2,0
12,285,292,1,1,7,3,2,3,1,2,1,1,1,0
48,23,0,2,2,0,1,1,3,1,1,1,1,2,0
17,307,0,2,1,2,1,1,1,1,1,1,1,4,1
48,266,0,2,5,7,2,1,1,1,1,1,1,4,1
3,25,0,2,6,0,1,2,1,1,2,1,1,4,1
41,103,0,2,1,2,2,1,2,1,1,1,1,2,0
2,307,307,2,3,0,2,1,1,1,2,1,2,3,1
2,266,299,2,1,6,1,2,2,2,2,1,1,1,0
2,266,0,3,1,4,2,2,1,2,2,1,4,1,0
2,265,0,1,3,0,2,2,1,1,2,1,1,3,1
2,307,0,1,1,7,2,2,2,2,2,1,2,2,0
24,266,0,2,2,0,3,2,1,2,2,1,6,1,0
1,307,0,1,1,3,2,2,1,3,3,1,1,4,1
3,266,0,3,4,7,1,2,1,2,2,1,2,2,0
1,265,0,1,6,0,1,2,2,1,2,1,1,4,1
6,103,0,1,1,0,2,1,1,1,2,1,1,2,0
5,103,307,2,1,2,2,1,1,1,1,1,1,3,1
2,266,0,2,1,2,1,2,1,2,2,1,4,1,0
2,266,256,2,1,0,3,2,1,2,2,1,1,1,0
5,265,0,3,1,4,2,2,2,2,2,1,3,4,1
2,266,0,2,4,7,2,2,1,2,2,1,1,2,0
1,307,0,2,1,2,2,3,1,3,2,1,1,3,1
8,307,0,2,5,0,2,3,2,3,3,1,1,3,1
2,307,0,2,1,0,2,1,1,2,2,1,1,3,1
4,307,0,1,1,2,2,3,1,3,3,1,1,3,1
1,307,0,2,1,2,3,2,3,1,2,1,1,2,0
1,266,0,2,6,7,1,2,1,2,2,1,1,1,0
12,119,0,2,1,6,3,3,2,3,1,1,1,2,0
3,307,0,2,1,2,2,2,1,1,2,1,2,2,0
2,307,0,1,2,7,2,1,1,1,2,1,1,3,1
1,307,0,3,3,5,2,2,2,1,2,1,4,2,0
36,307,0,1,1,2,2,3,2,3,1,1,1,3,1
5,307,0,2,4,5,2,2,1,1,2,1,1,4,1
2,307,0,2,1,0,2,1,1,1,2,1,1,4,1
0,292,0,3,1,5,2,2,2,2,2,1,5,4,1
4,265,0,2,1,7,2,2,2,1,2,1,1,4,1
2,307,0,2,5,0,2,1,1,1,2,1,1,3,1
2,266,0,2,1,5,2,2,1,1,2,1,1,2,0
11,264,0,2,2,4,2,2,3,1,2,1,1,3,1
3,307,0,2,3,7,2,1,1,1,3,1,1,3,1
4,265,0,2,1,7,2,1,2,1,2,1,1,3,1
1,266,0,3,1,4,1,2,1,2,2,1,4,2,0
4,266,0,1,6,7,2,2,1,1,2,1,1,3,1
1,265,0,1,1,7,2,3,2,3,3,1,1,1,0
3,266,0,2,5,0,1,2,1,2,2,1,1,3,1
6,307,0,1,7,0,2,1,1,1,1,1,1,2,0
2,266,0,3,1,7,2,2,2,2,2,1,4,3,1
24,307,141,1,3,5,2,1,1,1,2,1,1,2,0
3,307,0,2,2,0,2,1,1,1,2,1,1,4,1
6,179,0,1,2,0,2,1,2,1,2,1,1,2,0
108,292,0,2,2,5,3,1,2,1,1,1,1,1,0
12,266,266,2,4,6,2,2,1,2,1,1,1,4,1
7,266,0,3,2,5,2,2,1,2,2,1,2,2,0
3,307,0,2,4,7,2,2,1,2,2,1,1,1,0
2,307,0,2,1,4,2,2,2,2,2,1,4,4,1
4,299,306,2,6,7,1,2,2,2,2,1,1,1,0
3,266,0,2,4,7,1,1,1,1,2,1,1,2,0
2,307,0,1,6,7,2,2,2,1,2,1,1,2,0
12,307,0,1,1,0,2,2,2,2,2,1,1,2,0
10,266,266,2,7,0,2,1,2,1,1,1,2,3,1
3,266,0,1,1,2,2,1,1,1,2,1,1,2,0
3,307,0,1,1,7,2,2,1,2,2,1,1,3,1
1,213,307,3,1,2,2,2,1,1,2,1,2,3,1
9,307,213,2,1,2,2,1,2,1,1,1,1,2,0
3,103,213,2,1,0,2,1,2,1,2,1,1,2,0
2,307,307,1,1,2,2,1,2,1,2,1,1,1,0
7,265,0,2,1,2,2,2,2,1,2,1,1,4,1
2,266,0,1,1,7,2,2,1,2,2,1,1,3,1
8,283,0,1,3,7,2,1,1,1,2,1,1,4,1
4,285,265,1,1,7,2,1,2,1,2,1,1,2,0
8,266,0,1,6,0,2,2,1,2,2,1,1,3,1
7,307,0,2,1,0,2,1,1,1,1,1,1,3,1
24,307,141,1,5,0,2,3,2,3,3,1,1,3,1
4,213,205,2,5,0,2,1,2,1,2,1,1,2,0
1,299,266,3,1,2,1,2,2,1,2,1,3,3,1
12,266,0,2,3,0,2,3,1,3,3,1,1,4,1
18,265,0,1,5,7,2,2,2,2,2,1,1,3,1
5,288,266,1,1,6,2,2,1,1,2,1,1,2,0
47,250,285,2,1,2,2,2,3,2,2,1,1,4,1
60,254,0,2,1,3,2,1,2,1,1,1,1,3,1
2,307,0,3,3,0,2,3,1,3,3,1,2,1,0
2,307,0,3,5,7,2,2,2,2,2,1,2,2,0
2,307,0,1,1,2,2,1,2,1,2,1,1,0,0
24,266,0,1,4,0,2,2,1,2,2,1,1,4,1
6,292,265,2,5,7,2,2,2,1,2,1,1,3,1
12,307,26,1,2,0,2,1,1,1,1,1,1,3,1
4,265,0,3,5,7,1,1,2,1,1,1,2,4,1
2,307,0,2,1,2,2,1,1,1,2,1,4,3,1
1,307,307,3,1,0,2,3,2,3,2,1,9,4,1
8,288,276,2,2,5,2,2,3,2,2,1,1,0,0
11,307,307,2,2,0,2,1,1,1,2,1,1,4,1
1,289,266,1,5,7,2,2,1,1,2,1,1,1,0
2,265,266,3,1,2,1,2,2,2,2,1,2,1,0
2,307,0,2,7,0,1,2,2,2,2,1,1,1,0
3,300,0,2,1,7,1,3,1,3,3,1,1,2,0
24,307,0,2,1,7,1,1,2,1,1,1,1,4,1
2,307,0,2,1,7,2,2,2,1,2,1,1,2,0
1,307,0,3,1,2,2,2,2,2,2,1,9,2,0
6,307,0,2,1,0,2,2,2,1,1,1,1,3,1
84,187,187,1,1,0,3,1,3,1,2,1,1,3,1
12,307,0,2,1,0,1,1,1,1,1,1,1,4,1
3,264,0,1,2,7,2,2,3,1,2,1,1,1,0
1,307,0,2,2,5,2,3,2,3,3,1,2,4,1
2,307,0,1,1,0,2,2,1,1,2,1,1,3,1
60,109,0,2,3,0,3,1,3,1,2,1,1,2,0
2,292,265,3,2,5,1,2,2,2,2,1,4,0,0
7,264,285,2,6,0,2,1,3,1,2,1,1,2,0
36,266,0,1,1,2,2,1,1,1,2,1,1,2,0
18,307,0,2,2,7,2,1,2,1,1,1,1,4,1
7,266,0,2,1,2,2,1,1,1,2,1,2,4,1
17,195,0,2,6,0,1,3,2,1,1,1,1,3,1
60,189,0,1,1,2,3,1,1,1,1,1,1,3,1
3,307,227,2,2,0,2,2,2,1,1,1,1,3,1
1,307,0,2,2,0,2,1,1,1,2,1,1,3,1
36,141,0,2,4,0,2,2,1,1,1,1,1,4,1
3,266,0,1,4,7,1,2,1,1,2,1,1,1,0
18,265,0,1,6,7,3,2,2,2,1,1,1,2,0
2,307,0,3,1,2,2,2,1,1,2,1,5,2,0
1,307,0,3,1,2,1,2,1,2,2,1,2,4,1
1,266,0,3,6,7,1,2,1,2,2,1,2,3,1
24,307,0,2,2,5,2,1,1,1,1,1,1,4,1
12,103,307,1,2,4,2,2,1,2,1,1,1,4,1
3,264,0,1,1,6,3,2,3,1,2,1,1,1,0
0,128,0,3,7,0,2,2,1,2,2,1,4,1,0
3,307,0,1,2,7,2,2,2,1,2,1,1,2,0
12,266,0,2,1,7,2,1,1,1,1,1,1,4,1
2,266,0,1,3,0,2,2,1,2,2,1,1,3,1
2,292,265,1,2,5,2,2,2,3,2,1,1,1,0
3,266,0,3,1,2,2,2,1,2,2,1,3,3,1
1,307,0,2,1,2,1,2,1,2,2,1,2,4,1
12,243,0,1,1,7,2,2,2,2,2,1,1,4,1
3,266,0,3,2,7,1,3,2,3,3,1,6,3,1
4,292,0,2,7,0,1,1,1,1,2,1,1,1,0
24,109,307,3,1,3,3,1,2,1,1,1,2,1,0
1,307,307,1,1,0,2,2,2,1,2,1,1,1,0
2,266,0,2,5,7,1,1,1,1,2,1,1,1,0
2,307,0,3,2,0,2,2,1,1,2,1,2,4,1
2,307,0,1,2,0,2,1,1,1,2,1,1,1,0
6,265,0,1,6,0,1,2,2,1,2,1,1,3,1
2,307,0,2,1,7,2,2,2,2,2,1,1,3,1
36,265,0,2,1,2,2,1,2,1,1,1,1,4,1
1,307,0,3,1,2,3,2,2,2,2,1,6,2,0
1,307,0,1,1,7,1,2,1,2,3,1,1,4,1
2,307,0,2,1,2,2,2,2,1,2,1,1,2,0
2,303,265,2,1,2,2,1,2,2,2,1,1,4,1
2,307,0,3,1,0,2,1,1,1,2,1,2,3,1
18,76,307,1,1,7,2,1,2,1,1,1,1,4,1
4,265,0,2,1,7,2,2,2,1,2,1,1,2,0
5,307,0,2,1,7,2,1,1,1,2,1,1,4,1
1,265,0,2,1,2,2,2,2,2,2,1,2,3,1
4,141,187,2,2,7,2,2,1,2,2,1,1,3,1
0,266,0,1,1,7,2,2,1,1,2,1,1,1,0
2,307,0,2,5,0,2,3,1,3,2,1,1,2,0
6,292,0,1,2,5,2,2,1,2,2,1,1,1,0
3,307,307,1,1,7,2,1,2,1,2,1,1,2,0
24,307,0,2,5,0,2,1,2,1,1,1,9,4,1
10,265,0,1,3,0,2,1,2,1,2,1,2,3,1
6,285,276,1,4,0,2,2,3,2,2,1,1,2,0
4,307,0,1,1,0,2,2,2,2,2,1,1,4,1
3,39,188,1,1,7,2,1,1,1,2,1,2,3,1
1,265,0,1,3,4,3,2,2,2,2,1,1,1,0
3,76,307,2,1,4,2,2,1,1,2,1,1,2,0
5,265,0,1,2,4,2,3,2,3,3,1,3,4,1
17,285,265,1,4,7,2,2,2,1,3,1,1,3,1
5,20,0,1,2,7,1,2,1,2,2,1,1,1,0
2,274,285,1,3,5,2,2,2,1,2,1,1,2,0
3,307,0,2,2,0,2,2,1,1,2,1,1,1,0
14,266,0,2,2,0,2,3,1,3,3,1,1,1,0
2,141,307,1,2,7,2,2,2,2,2,1,1,1,0
5,266,0,2,2,4,2,1,2,1,1,1,2,1,0
3,307,0,1,1,7,2,1,1,1,2,1,1,4,1
15,307,0,1,2,0,3,2,1,2,2,1,1,4,1
2,266,0,1,3,0,2,1,1,1,1,1,1,3,1
3,254,0,2,1,2,1,2,2,2,2,1,1,4,1
2,307,0,2,1,7,2,1,1,1,2,1,4,2,0
10,266,0,1,1,7,2,1,1,1,1,1,1,4,1
2,307,0,2,2,0,2,2,2,2,2,1,1,1,0
5,307,0,2,7,0,2,1,1,1,1,1,1,3,1
1,307,0,2,2,0,2,2,1,1,2,1,1,4,1
2,307,307,3,1,2,2,3,2,3,3,1,4,4,1
96,307,307,2,2,3,2,1,2,1,1,1,1,4,1
18,119,307,1,2,5,2,1,1,1,2,1,1,4,1
12,103,307,1,1,2,2,1,2,1,1,1,1,3,1
3,251,285,2,1,2,2,1,2,1,1,1,1,1,0
24,26,189,1,2,0,2,1,2,1,3,1,1,4,1
3,307,307,2,1,2,1,2,1,1,2,1,2,4,1
2,266,0,3,1,2,1,2,1,1,2,1,2,1,0
4,265,0,2,1,7,2,1,2,1,1,1,1,3,1
2,307,0,2,1,2,2,1,1,1,2,1,1,3,1
11,292,299,2,7,0,1,2,1,1,1,1,2,4,1
7,285,265,2,1,6,2,1,2,1,2,1,1,4,1
3,266,0,1,3,5,2,1,1,1,2,1,1,1,0
24,266,266,3,1,2,2,3,1,3,3,1,5,0,0
0,307,0,2,7,0,3,1,1,1,1,1,1,2,0
3,307,189,2,1,2,2,2,1,2,2,1,1,2,0
13,292,0,1,2,4,2,3,1,3,3,1,1,4,1
1,266,0,1,1,0,1,2,1,2,2,1,1,1,0
2,285,265,1,6,7,2,2,3,1,2,1,1,0,0
36,264,0,2,1,2,2,2,3,2,1,1,1,3,1
2,266,0,3,1,6,1,2,1,2,2,1,3,1,0
1,307,0,2,2,0,2,3,1,3,2,1,1,3,1
12,60,0,2,3,7,1,1,2,1,2,1,1,1,0
12,266,0,1,1,6,2,1,2,1,2,1,1,1,0
24,307,0,2,4,5,2,1,1,1,1,1,1,3,1
1,307,0,2,1,2,3,1,1,1,2,1,1,4,1
3,266,0,2,1,2,2,2,1,2,2,1,1,2,0
2,264,0,2,1,0,3,2,3,1,3,1,1,1,0
108,141,115,1,1,2,3,1,2,1,1,1,2,1,0
3,266,0,2,1,2,2,1,2,1,2,1,1,1,0
12,292,264,1,2,5,2,1,3,1,2,1,1,4,1
1,307,0,2,1,2,2,1,1,1,2,1,1,2,0
12,307,0,2,7,0,2,3,1,3,3,1,1,4,1
4,266,0,2,1,7,1,2,1,2,2,1,1,4,1
18,179,0,2,2,0,1,2,2,1,1,1,1,2,0
2,307,0,2,1,7,3,3,1,3,2,1,1,3,1
4,292,252,1,4,5,2,1,1,1,2,1,1,1,0
1,307,0,3,1,6,2,2,1,2,2,1,6,4,1
48,178,0,1,2,3,1,1,3,1,2,1,1,1,0
4,266,0,1,1,6,2,3,1,3,3,1,1,3,1
12,307,0,3,2,0,2,3,2,3,3,1,2,4,1
48,283,0,2,1,2,2,1,2,1,1,1,1,4,1
2,307,0,2,2,0,2,3,2,1,2,1,1,4,1
5,289,266,1,6,0,2,1,1,1,1,1,1,4,1
12,299,0,2,6,0,2,2,1,1,2,1,1,3,1
2,266,0,1,3,7,2,1,1,1,2,1,1,3,1
60,252,0,1,2,0,2,1,3,1,1,1,1,3,1
6,265,0,1,7,0,2,2,2,2,2,1,1,2,0
3,307,0,2,1,2,2,2,1,2,2,1,2,2,0
2,307,0,2,1,5,2,2,1,1,2,1,1,2,0
5,266,276,1,1,7,2,2,1,1,2,1,1,4,1
3,266,0,2,6,0,1,2,1,1,2,1,2,3,1
1,285,0,3,1,2,2,2,3,2,1,1,4,4,1
2,307,307,2,1,7,2,2,2,1,2,1,1,3,1
3,307,0,2,2,3,2,2,1,1,2,1,1,1,0
2,307,307,3,1,2,1,2,1,1,2,1,2,2,0
2,307,0,1,1,2,2,2,1,2,2,1,1,2,0
5,306,0,1,1,7,1,2,2,2,2,1,2,4,1
6,266,299,1,2,0,2,2,1,1,1,1,1,3,1
3,307,0,2,1,2,2,1,2,1,1,1,1,3,1
6,307,0,2,2,0,2,1,1,1,2,1,1,4,1
7,307,0,1,2,7,2,1,1,1,1,1,1,4,1
3,266,0,2,1,0,2,2,2,1,2,1,1,3,1
1,299,0,3,1,6,1,3,1,3,3,1,3,1,0
4,285,299,2,4,7,2,2,3,1,2,1,1,1,0
2,307,0,1,2,0,2,2,1,2,2,1,1,2,0
6,254,0,2,2,4,2,1,1,1,2,1,1,2,0
5,264,285,2,2,0,2,1,3,1,3,1,1,1,0
4,307,0,2,1,7,2,1,2,1,2,1,1,4,1
1,266,0,2,2,4,1,2,1,1,2,1,2,3,1
48,182,0,1,2,0,2,1,1,1,2,1,1,4,1
2,307,307,2,2,0,3,2,1,2,2,1,1,4,1
2,307,0,1,1,0,2,2,1,1,2,1,1,4,1
14,266,0,2,2,3,2,3,1,1,1,1,1,2,0
12,307,0,2,5,6,2,1,2,1,1,1,2,4,1
12,283,0,2,1,7,3,2,1,2,2,1,1,1,0
1,307,0,2,1,4,2,2,1,2,2,1,1,4,1
3,266,0,1,7,0,1,2,1,2,2,1,1,2,0
24,109,307,1,4,5,2,1,3,1,1,1,1,2,0
1,266,266,2,3,4,2,2,1,2,2,1,3,2,0
18,307,0,1,2,5,2,3,2,3,3,1,1,1,0
2,307,0,1,5,0,2,1,2,1,2,1,1,2,0
2,265,0,2,1,2,2,2,2,2,2,1,1,4,1
4,247,266,1,2,0,2,2,2,2,2,1,1,1,0
1,266,0,1,2,7,2,2,1,2,2,1,1,2,0
30,266,0,2,1,6,1,2,1,1,1,1,1,4,1
12,266,299,2,1,2,1,1,1,1,1,1,1,2,0
4,119,307,2,2,7,3,1,1,1,2,1,1,1,0
5,266,0,1,1,0,1,2,1,2,2,1,1,4,1
36,266,0,2,2,6,2,2,2,1,1,1,1,4,1
2,303,0,2,1,3,2,1,2,1,2,1,1,2,0
1,266,0,1,1,0,2,2,1,2,2,1,1,1,0
4,78,307,2,1,2,2,1,1,1,2,1,1,3,1
12,283,0,1,1,7,3,2,2,2,2,1,1,1,0
4,307,0,2,2,7,2,3,2,1,3,1,1,4,1
3,307,307,2,1,2,2,2,1,1,2,1,2,1,0
6,307,307,2,3,0,1,1,1,1,2,1,1,1,0
4,141,307,1,5,0,2,2,1,1,1,1,1,4,1
12,266,0,1,1,7,2,1,1,1,1,1,1,4,1
12,307,0,1,3,4,2,3,2,3,3,1,1,4,1
6,307,0,2,2,7,2,1,2,1,1,1,1,3,1
12,307,0,1,2,7,2,3,1,3,1,1,1,3,1
9,20,307,2,1,2,2,1,1,1,1,1,1,3,1
4,307,0,2,1,7,3,2,2,2,2,1,1,1,0
1,307,0,2,2,0,2,2,1,2,2,1,1,2,0
2,266,0,3,6,7,2,2,2,2,2,1,2,3,1
29,299,0,1,1,6,2,1,1,1,1,1,1,3,1
2,307,0,3,1,2,1,1,2,1,2,1,4,4,1
3,307,0,3,2,5,1,2,1,2,2,1,3,4,1
36,179,0,2,1,6,1,3,2,1,2,1,1,0,0
1,307,307,3,2,3,2,2,2,2,2,1,9,4,1
2,266,0,2,1,3,2,2,1,2,2,1,1,2,0
2,266,247,2,1,6,1,2,1,2,2,1,1,0,0
2,266,0,2,2,4,2,1,1,1,2,1,1,2,0
2,307,0,1,1,2,2,2,1,2,2,1,1,3,1
24,307,213,3,1,2,2,1,2,1,1,1,4,4,1
1,292,0,2,2,6,1,2,2,2,2,1,1,3,1
2,254,0,2,1,4,2,2,1,1,2,1,1,1,0
4,307,0,1,2,0,2,1,1,1,1,1,1,4,1
3,266,0,2,1,0,2,2,1,1,2,1,1,2,0
12,109,0,1,3,0,3,1,3,1,3,1,1,1,0
11,69,0,1,5,0,2,1,3,1,2,1,1,1,0
3,307,0,2,2,7,2,1,1,1,2,1,1,2,0
3,266,266,3,1,2,1,2,1,2,2,1,3,4,1
12,307,0,1,5,0,3,1,1,1,1,1,1,3,1
4,265,299,1,3,5,2,1,2,1,2,1,2,2,0
3,297,0,3,1,3,1,2,2,2,2,1,2,1,0
30,266,0,1,3,0,3,1,1,1,1,1,1,3,1
3,307,0,2,2,7,2,3,2,3,2,1,1,3,1
0,265,0,3,1,2,1,2,1,2,2,1,3,4,1
60,195,0,1,6,0,2,2,1,1,2,1,1,1,0
72,206,0,1,2,5,3,1,3,1,2,1,1,2,0
2,26,307,3,1,2,2,2,2,2,2,1,8,1,0
12,307,0,2,2,3,2,2,1,2,1,1,1,4,1
2,307,0,1,2,0,2,1,2,1,2,1,1,4,1
2,307,0,1,2,0,2,1,2,1,2,1,1,2,0
36,213,39,2,1,2,3,1,2,1,1,1,1,4,1
1,264,266,1,1,7,1,2,2,2,2,1,1,2,0
60,20,0,1,1,2,2,1,1,1,1,1,1,3,1
2,307,103,2,1,2,2,1,1,1,2,1,1,2,0
24,266,0,2,2,4,2,1,2,1,1,1,1,4,1
1,307,0,2,2,0,2,2,1,2,2,1,2,4,1
1,265,0,3,2,3,1,2,2,2,2,1,4,1,0
1,307,0,2,2,5,2,1,1,1,2,1,5,2,0
19,266,266,2,1,7,2,1,1,1,1,1,1,4,1
4,307,0,2,2,3,2,1,1,1,2,1,1,2,0
4,17,307,2,2,7,3,1,3,1,2,1,1,3,1
1,307,0,2,1,2,2,2,1,2,2,1,1,3,1
8,205,218,2,1,7,1,2,3,2,1,1,1,1,0
2,307,0,2,2,0,2,2,2,1,2,1,1,4,1
60,213,69,1,3,5,2,1,2,1,2,1,1,4,1
4,299,265,1,1,4,1,1,2,1,2,1,1,2,0
18,75,307,2,2,0,1,2,1,2,2,1,1,3,1
2,266,0,1,7,0,1,2,1,2,2,1,1,1,0
1,307,0,2,1,2,2,2,1,1,2,1,7,2,0
36,289,264,3,6,0,2,1,3,1,2,1,5,3,1
48,307,0,1,5,7,2,1,1,1,1,1,1,2,0
11,109,0,2,3,7,3,1,2,1,2,1,1,1,0
2,307,0,2,4,0,2,2,1,2,2,1,1,3,1
2,307,0,2,1,0,2,1,1,1,2,1,1,3,1
2,266,0,2,2,4,1,3,1,1,2,1,1,0,0
48,289,266,2,6,0,2,1,1,1,1,1,1,1,0
3,307,0,3,1,2,1,2,1,2,2,1,3,2,0
4,75,76,1,1,5,2,3,1,1,2,1,1,1,0
3,307,75,2,2,0,1,1,1,1,2,1,1,2,0
3,266,0,1,1,7,2,2,1,1,2,1,1,2,0
1,266,0,3,1,2,1,3,1,3,3,1,3,1,0
72,20,0,1,2,7,2,1,1,1,1,1,1,3,1
3,307,307,1,2,7,2,1,1,1,2,1,1,4,1
24,207,0,2,1,6,1,3,1,3,3,1,1,3,1
2,19,307,2,2,7,2,2,2,1,2,1,1,3,1
12,266,0,2,2,7,1,1,1,1,1,1,1,4,1
84,266,0,1,3,0,3,1,1,1,1,1,1,2,0
1,307,307,3,1,2,2,2,1,2,2,1,2,4,1
1,266,251,3,1,2,1,2,1,2,2,1,3,2,0
4,265,0,2,1,2,1,2,2,2,2,1,1,1,0
4,266,265,2,1,4,1,3,1,3,3,1,2,3,1
4,205,0,2,2,5,1,1,2,1,3,1,1,2,0
2,265,0,2,2,5,1,2,2,2,2,1,1,3,1
31,254,265,2,1,3,2,1,2,1,2,1,2,3,1
9,292,266,1,5,0,2,1,1,1,1,1,2,1,0
15,307,0,2,2,0,2,1,2,1,1,1,1,4,1
4,307,0,2,1,2,2,1,1,1,2,1,1,4,1
1,307,0,1,2,0,2,2,1,2,2,1,1,1,0
1,307,0,2,4,5,2,1,1,1,2,1,1,3,1
108,20,195,1,2,0,2,1,1,1,2,1,2,1,0
18,284,292,2,3,6,2,2,1,1,1,1,1,3,1
36,109,0,1,2,3,2,1,2,1,1,1,2,3,1
48,147,0,1,7,0,2,1,2,1,1,1,1,3,1
2,307,0,2,1,3,2,1,2,1,2,1,1,2,0
2,266,304,2,1,3,1,1,2,1,2,1,1,1,0
12,307,0,2,5,0,3,1,2,2,1,1,1,4,1
1,266,0,2,1,2,1,2,1,2,2,1,3,4,1
7,307,0,2,1,0,1,1,1,1,1,1,1,4,1
36,307,0,2,2,0,2,1,1,1,1,1,1,4,1
1,292,266,3,1,6,2,2,1,2,2,1,6,3,1
4,266,0,3,1,3,2,2,1,2,2,1,3,1,0
24,307,0,2,1,0,3,1,1,1,1,1,1,2,0
2,307,0,1,3,7,2,2,1,2,2,1,1,1,0
4,307,0,2,3,5,2,1,1,1,1,1,1,2,0
36,119,0,1,6,7,3,1,2,1,1,1,1,4,1
2,266,0,1,1,0,2,1,1,1,2,1,1,1,0
2,307,0,1,1,2,2,1,1,1,2,1,1,2,0
3,307,0,1,2,0,2,1,1,1,2,1,1,4,1
6,97,109,3,1,3,2,1,2,1,2,1,2,4,1
3,265,292,3,7,0,1,1,2,1,1,1,2,4,1
48,307,307,1,5,7,1,1,3,1,3,1,2,4,1
12,307,0,2,1,7,2,1,1,1,1,1,1,4,1
5,265,285,2,1,6,2,1,2,1,1,1,1,2,0
1,307,0,1,2,0,2,2,1,2,2,1,1,1,0
108,266,0,2,6,7,2,1,1,1,1,1,1,4,1
1,265,0,2,5,0,2,2,2,1,2,1,1,4,1
48,128,0,2,5,0,1,1,1,1,1,1,1,2,0
2,285,0,1,1,7,2,2,3,1,2,1,1,2,0
2,251,266,2,2,4,2,2,1,1,2,1,1,2,0
2,218,0,2,1,7,2,2,1,2,2,1,1,3,1
2,266,0,1,1,2,2,1,1,1,2,1,1,2,0
1,266,0,2,6,0,1,2,1,2,2,1,1,1,0
1,266,0,2,1,7,2,2,1,2,2,1,1,2,0
11,307,0,2,3,0,2,1,2,1,1,1,1,2,0
6,307,0,1,3,0,2,1,1,1,1,1,1,4,1
1,307,0,3,1,0,2,2,1,2,2,1,6,2,0
1,266,0,3,1,2,2,2,1,2,2,1,4,1,0
12,109,0,1,3,0,3,1,3,1,2,1,1,1,0
4,307,0,2,2,0,3,3,2,3,2,1,1,4,1
3,103,307,1,5,6,3,2,1,2,2,1,1,2,0
2,307,0,2,2,5,2,2,2,2,2,1,3,4,1
36,307,0,2,5,0,3,1,1,1,3,1,1,4,1
1,266,0,1,1,0,2,2,1,2,2,1,1,3,1
6,266,0,2,4,7,2,2,3,2,2,1,1,4,1
4,307,0,3,2,3,2,1,1,1,2,1,3,2,0
8,266,0,1,3,4,2,1,1,1,1,1,1,4,1
11,243,299,1,4,5,2,2,2,1,2,1,1,3,1
36,205,0,2,2,5,1,1,2,1,1,1,1,1,0
1,266,0,2,1,6,1,2,1,2,2,1,1,1,0
3,103,307,2,1,2,2,2,2,1,2,1,1,2,0
4,307,0,2,1,2,2,3,2,3,3,1,2,4,1
12,304,264,2,5,7,2,1,3,1,1,1,1,2,0
1,307,0,2,2,0,2,2,2,2,2,1,1,2,0
5,307,0,2,2,5,2,2,2,1,2,1,1,4,1
1,307,0,2,5,0,2,1,1,1,2,1,1,3,1
3,266,0,2,2,5,2,2,1,2,2,1,5,2,0
2,307,0,2,2,0,2,1,2,1,2,1,1,2,0
2,307,0,3,2,7,1,1,1,1,2,1,3,2,0
1,307,307,3,1,2,1,2,1,2,2,1,5,2,0
12,306,265,2,1,7,2,3,2,3,3,1,1,3,1
4,265,0,1,3,0,1,2,2,2,2,1,1,1,0
1,307,307,1,1,2,2,1,2,1,2,1,1,1,0
32,179,0,2,2,0,1,1,1,1,1,1,1,0,0
24,292,0,2,4,6,3,1,1,1,1,1,1,1,0
2,265,266,3,1,2,2,2,2,2,2,1,9,4,1
5,307,128,2,1,2,2,1,1,1,2,1,1,2,0
4,307,0,2,5,0,2,1,1,1,2,1,1,1,0
8,306,306,2,1,7,2,2,2,1,2,1,1,2,0
1,307,0,3,1,5,3,2,1,2,1,1,4,1,0
3,307,0,2,3,0,2,1,1,1,1,1,1,3,1
3,265,266,3,1,5,3,1,2,1,2,1,2,2,0
3,307,0,1,2,7,2,1,2,1,2,1,1,3,1
2,307,0,2,5,7,2,2,1,2,2,1,1,2,0
2,307,0,2,1,2,2,2,1,2,2,1,1,4,1
4,128,307,1,5,0,2,2,1,1,2,1,1,1,0
1,307,307,1,2,0,2,2,1,2,2,1,1,3,1
3,266,285,1,4,7,3,1,2,1,2,1,1,1,0
12,283,0,3,1,5,2,3,1,3,3,1,4,1,0
3,307,307,2,2,7,2,1,2,1,2,1,1,3,1
3,307,0,3,1,2,2,2,3,2,2,1,5,3,1
3,178,0,1,1,7,2,1,2,1,2,1,1,1,0
24,189,0,1,1,3,3,1,1,1,1,1,1,1,0
36,97,218,3,1,2,2,1,1,1,1,1,2,3,1
8,213,189,2,1,2,2,3,1,1,2,1,1,2,0
10,265,0,2,1,4,2,1,2,1,1,1,1,4,1
2,307,0,2,2,7,2,1,3,1,2,1,1,1,0
1,266,0,3,1,2,1,2,1,2,2,1,5,3,1
2,307,307,1,1,2,3,2,2,1,2,1,1,4,1
2,218,307,2,1,2,2,2,1,1,2,1,2,3,1
5,266,0,1,4,7,2,2,1,2,2,1,1,2,0
5,254,265,2,3,6,2,2,2,2,2,1,1,4,1
4,266,0,3,1,0,2,2,1,2,2,1,2,4,1
42,15,0,2,1,2,2,1,2,3,3,1,1,4,1
3,299,0,3,2,3,2,2,1,2,2,1,3,1,0
3,307,0,2,2,0,2,1,1,1,2,1,1,4,1
3,307,0,2,1,0,1,1,1,1,2,1,1,4,1
6,179,0,1,1,0,2,3,1,3,3,1,1,1,0
2,265,0,1,5,0,1,3,2,3,3,1,1,4,1
14,307,0,2,1,0,2,1,1,1,1,1,1,4,1
24,307,0,2,2,0,2,2,1,2,2,1,1,4,1
4,265,0,2,3,7,2,2,2,2,2,1,1,1,0
2,189,307,2,1,0,2,2,1,2,2,1,1,3,1
2,266,0,2,1,7,2,2,1,1,2,1,1,2,0
3,266,0,2,1,0,2,2,1,2,2,1,1,3,1
7,268,266,1,7,0,2,1,1,1,2,1,2,1,0
6,307,0,2,2,0,2,1,1,1,1,1,1,4,1
36,254,0,2,1,3,2,1,1,1,2,1,1,4,1
3,266,0,1,4,0,2,3,1,1,2,1,1,4,1
17,307,0,1,1,7,2,1,1,1,1,1,1,4,1
4,266,0,1,2,7,2,2,1,1,2,1,1,1,0
1,307,0,1,2,0,1,2,1,1,2,1,2,4,1
19,141,0,1,2,0,3,1,1,1,1,1,1,4,1
84,218,307,2,1,5,2,1,3,1,1,1,2,3,1
4,307,0,1,2,0,3,1,2,1,2,1,1,2,0
1,264,0,2,1,7,3,2,3,1,3,1,1,1,0
2,307,307,1,1,0,1,3,1,3,3,1,1,1,0
2,307,0,2,2,7,2,2,1,2,2,1,1,2,0
2,307,0,1,1,0,2,2,2,2,2,1,1,1,0
4,266,0,1,1,2,3,2,1,2,2,1,1,2,0
1,307,307,2,3,5,1,2,2,2,2,1,3,4,1
17,265,0,3,3,0,3,1,2,1,1,1,2,4,1
1,265,266,2,2,7,2,2,2,2,2,1,3,0,0
96,109,0,2,2,7,2,1,3,1,2,1,1,3,1
12,117,307,2,2,0,2,2,1,1,1,1,1,4,1
2,307,307,1,1,2,2,2,1,2,2,1,1,2,0
2,264,0,1,1,7,2,2,2,2,2,1,1,4,1
6,179,0,1,2,0,1,1,2,1,2,1,1,1,0
2,307,0,3,1,5,2,1,1,1,2,1,7,4,1
1,299,0,3,1,2,1,2,1,2,2,1,4,1,0
2,307,0,2,1,2,1,2,1,2,2,1,5,2,0
2,285,266,1,1,7,2,2,2,2,2,1,1,3,1
1,266,0,1,1,2,3,2,2,2,2,1,3,4,1
24,99,0,2,7,0,2,1,3,1,1,1,1,1,0
12,307,0,1,2,4,2,3,2,3,3,1,1,4,1
8,265,0,3,3,4,2,2,2,1,2,1,4,3,1
2,307,0,2,2,7,2,3,2,3,2,1,1,2,0
3,307,0,2,2,0,2,1,2,1,2,1,1,2,0
2,266,0,2,7,0,1,2,1,1,2,1,1,3,1
1,307,0,1,2,0,2,2,1,2,2,1,1,1,0
21,265,0,3,1,2,2,1,1,1,2,1,8,4,1
2,307,0,2,1,2,2,2,1,1,2,1,1,1,0
2,266,0,1,1,2,1,2,1,1,2,1,2,1,0
84,69,0,2,5,0,2,1,2,1,2,1,1,2,0
1,307,0,1,1,7,2,3,2,3,2,1,1,3,1
2,276,264,2,1,7,2,2,3,1,2,1,1,1,0
2,218,307,3,1,2,2,2,1,1,2,1,8,2,0
1,307,307,3,5,0,2,2,2,2,2,1,2,2,0
12,307,307,2,5,7,2,3,1,3,3,1,1,4,1
1,307,0,1,2,0,2,3,1,1,2,1,1,2,0
2,307,218,2,1,2,2,2,1,2,2,1,1,2,0
12,75,0,1,1,2,2,3,2,3,3,1,1,2,0
2,307,0,2,5,7,3,1,1,1,2,1,1,2,0
3,266,0,2,6,7,2,2,1,2,2,1,1,2,0
2,307,0,1,5,0,2,2,1,2,2,1,1,2,0
3,307,0,2,2,0,2,3,1,3,2,1,1,3,1
2,265,0,2,6,0,2,1,2,1,2,1,1,3,1
1,307,0,3,1,2,2,2,2,2,2,1,7,1,0
1,266,0,3,2,7,1,3,1,3,3,1,4,4,1
2,307,0,1,1,0,2,2,2,2,2,1,1,4,1
8,128,307,2,2,7,2,1,1,1,1,1,1,3,1
2,265,0,2,6,0,2,2,1,2,2,1,1,1,0
2,292,0,2,2,7,1,2,1,1,2,1,1,1,0
3,307,0,2,1,2,2,1,2,1,2,1,1,2,0
5,299,0,1,1,6,2,1,1,1,2,1,1,1,0
24,292,266,2,2,5,1,1,1,3,1,1,1,1,0
1,264,0,1,1,2,1,2,2,2,2,1,1,1,0
2,307,0,1,7,0,1,1,1,1,2,1,1,4,1
12,266,0,2,1,2,2,1,1,1,2,1,1,4,1
2,189,0,1,1,0,3,2,2,2,2,1,1,0,0
2,266,0,1,7,0,1,1,1,1,2,1,1,2,0
2,307,0,1,1,2,2,2,1,1,2,1,1,1,0
108,307,0,1,1,2,2,3,2,3,3,1,1,4,1
1,266,265,3,1,6,2,2,1,2,2,1,5,1,0
2,266,0,1,2,7,1,2,1,2,2,1,1,2,0
1,307,0,2,1,2,2,2,2,2,3,1,4,4,1
48,307,307,1,1,2,2,1,2,1,1,1,1,2,0
11,307,0,1,1,7,2,1,1,1,1,1,1,3,1
2,266,0,2,1,7,1,2,1,2,2,1,1,4,1
10,152,0,1,1,2,1,1,1,1,1,1,2,1,0
48,307,307,2,2,0,2,3,1,3,1,1,1,4,1
3,266,0,1,5,0,2,1,1,1,1,1,1,3,1
14,292,285,3,1,3,1,3,1,1,1,1,5,4,1
60,292,0,2,2,0,3,1,1,1,1,1,1,4,1
3,93,307,1,7,0,2,2,1,1,3,1,1,4,1
1,307,307,2,7,0,3,2,1,1,2,1,3,3,1
5,264,0,1,4,0,2,2,3,1,2,1,1,3,1
3,307,307,2,2,7,2,3,1,1,3,1,1,4,1
2,307,0,1,1,2,2,2,1,2,2,1,1,4,1
4,103,307,3,1,2,2,2,1,1,2,1,2,3,1
3,78,76,2,1,7,3,1,1,1,2,1,1,1,0
2,266,0,2,2,4,2,2,1,1,1,1,1,4,1
4,299,0,2,1,3,2,1,1,1,2,1,1,4,1
3,307,0,2,1,2,1,3,1,3,3,1,1,2,0
2,241,0,3,1,2,1,2,1,2,2,1,3,4,1
20,307,78,1,1,2,2,1,1,1,1,1,1,3,1
1,265,0,3,1,2,2,2,2,2,2,1,2,1,0
2,307,0,2,2,7,2,2,1,1,2,1,1,3,1
1,307,0,3,1,2,1,2,1,2,2,1,4,3,1
5,265,0,1,4,7,2,2,2,2,2,1,1,1,0
2,266,0,3,4,5,1,1,1,1,2,1,4,4,1
1,307,0,2,1,2,2,2,1,2,2,1,1,1,0
4,307,0,2,7,0,1,1,1,1,3,1,1,2,0
5,307,0,3,1,2,2,2,1,2,2,1,4,4,1
12,266,0,2,5,6,1,1,1,1,1,1,1,1,0
12,218,307,1,1,0,2,3,2,3,3,1,1,2,0
5,307,0,2,2,3,2,1,1,1,3,1,1,4,1
12,307,0,1,1,2,2,2,2,2,2,1,1,4,1
3,141,307,2,1,2,3,1,2,1,2,1,1,3,1
2,266,0,3,1,5,2,1,2,1,1,1,2,4,1
108,264,266,2,1,2,3,3,3,3,3,1,2,4,1
2,307,0,2,1,2,1,3,1,3,2,1,1,4,1
15,266,0,1,4,7,3,1,1,1,1,1,1,1,0
2,72,307,2,1,2,1,2,1,1,2,1,1,3,1
3,266,292,2,1,4,1,2,1,2,2,1,1,4,1
15,307,0,1,5,7,2,1,1,1,1,1,1,3,1
5,109,141,3,5,0,2,1,1,1,2,1,2,3,1
24,307,0,1,2,0,2,1,1,1,1,1,1,4,1
3,266,0,2,1,6,2,1,1,1,2,1,1,1,0
5,266,292,1,1,2,2,2,2,1,2,1,1,4,1
1,307,0,2,1,7,1,2,1,2,2,1,1,2,0
3,292,299,3,2,7,2,2,1,2,2,1,3,2,0
84,179,0,2,2,0,2,1,2,1,3,1,1,3,1
3,307,307,2,7,0,1,3,1,3,3,1,2,3,1
3,307,187,2,1,3,3,1,2,1,2,1,1,1,0
2,307,0,1,2,7,2,1,1,1,2,1,5,4,1
5,307,0,2,2,0,2,2,2,2,2,1,1,4,1
60,299,0,1,1,2,4,1,2,1,1,1,3,4,1
1,266,0,2,4,7,1,2,1,1,2,1,1,4,1
24,141,307,1,1,2,2,3,2,3,3,1,1,4,1
18,285,264,2,1,4,2,1,3,1,1,1,1,3,1
96,231,307,2,7,0,1,3,2,3,3,1,1,4,1
2,265,292,3,5,6,2,2,2,2,2,1,5,1,0
1,307,0,2,2,0,2,2,1,1,2,1,1,2,0
3,307,0,2,1,2,2,1,1,1,2,1,2,3,1
6,266,0,1,1,0,2,1,1,1,2,1,1,2,0
12,195,0,1,5,6,2,1,2,1,3,1,1,1,0
1,266,289,2,6,0,2,1,1,1,3,1,4,3,1
4,103,213,1,1,2,3,3,2,3,3,1,1,1,0
4,266,0,3,1,2,2,2,1,2,2,1,4,2,0
96,111,0,2,1,2,3,3,1,3,3,1,1,1,0
7,105,307,2,1,0,2,3,2,3,1,1,1,3,1
24,75,0,1,1,2,1,2,1,2,2,1,1,1,0
4,307,0,3,2,5,2,2,1,2,2,1,2,4,1
1,70,5,2,2,0,1,2,1,1,2,1,1,0,0
3,307,0,1,1,2,2,2,2,2,2,1,1,4,1
1,307,0,1,1,2,2,2,3,2,2,1,1,2,0
2,266,0,1,3,6,1,2,1,1,2,1,3,1,0
2,247,265,2,1,2,1,2,2,2,2,1,3,0,0
4,307,0,1,2,0,2,1,2,1,2,1,1,0,0
0,299,0,2,2,6,2,2,1,2,2,1,1,2,0
12,75,307,2,3,4,1,3,1,3,3,1,1,2,0
24,195,0,2,6,7,1,3,2,3,3,1,1,3,1
3,292,0,2,7,0,2,1,1,1,2,1,1,2,0
8,265,0,1,6,7,2,2,2,2,2,1,1,4,1
2,266,266,1,1,7,2,2,1,2,2,1,1,1,0
2,266,0,1,4,7,2,2,1,1,2,1,1,1,0
60,307,0,1,2,0,2,3,2,1,1,1,1,4,1
3,264,0,2,1,0,2,2,3,1,2,1,1,1,0
2,266,266,3,1,2,2,2,1,2,3,1,2,2,0
24,182,0,1,5,0,2,2,1,1,1,1,1,1,0
2,307,0,2,5,0,2,2,1,1,2,1,1,2,0
2,266,0,1,1,6,1,3,1,3,3,1,1,1,0
12,266,0,1,2,7,2,3,1,3,3,1,1,4,1
24,285,285,2,5,0,2,3,3,3,2,1,1,1,0
1,307,0,3,1,2,2,1,1,1,2,1,8,3,1
6,289,0,1,6,0,2,2,2,1,2,1,1,2,0
2,307,0,3,1,2,2,2,2,2,2,1,4,4,1
2,218,307,2,1,2,2,3,2,3,2,1,1,3,1
36,307,0,2,2,0,2,1,1,1,1,1,1,4,1
5,307,0,3,1,2,1,2,1,2,2,1,4,4,1
12,266,0,2,7,0,2,3,1,3,3,1,1,1,0
2,266,0,3,1,2,1,1,1,1,1,1,5,4,1
4,266,0,1,2,3,2,2,2,2,2,1,1,1,0
8,266,299,2,6,7,2,2,1,2,1,1,1,2,0
1,307,0,3,2,0,1,2,1,2,2,1,5,4,1
2,141,307,2,2,0,2,3,2,3,2,1,1,2,0
12,266,0,1,1,7,2,2,1,1,1,1,1,2,0
1,254,266,2,1,2,1,2,1,2,2,1,1,4,1
18,266,0,2,1,2,1,1,1,1,1,1,1,2,0
2,266,0,2,1,2,1,2,1,2,2,1,2,2,0
36,189,307,2,1,0,3,3,1,3,3,1,1,4,1
12,307,0,1,3,5,2,2,2,2,2,1,1,4,1
2,307,0,1,2,0,2,2,2,2,2,1,1,4,1
24,307,0,2,2,0,1,2,1,2,2,1,1,4,1
3,307,0,2,1,0,1,2,1,2,2,1,1,3,1
1,285,0,3,7,0,1,2,2,2,2,1,5,1,0
1,307,307,2,1,2,2,1,1,1,2,1,1,2,0
1,265,0,1,1,2,1,2,2,2,2,1,1,2,0
21,266,0,2,1,0,1,1,1,1,1,1,1,2,0
36,307,0,2,2,3,2,3,1,3,3,1,1,4,1
36,266,0,2,1,2,2,1,2,1,1,1,1,4,1
3,265,0,2,6,7,2,2,2,2,2,1,1,4,1
2,307,0,3,1,2,2,3,1,3,3,1,2,3,1
24,179,0,3,2,5,1,1,2,1,1,1,2,3,1
24,307,0,1,1,4,2,2,1,2,2,1,1,3,1
2,307,0,1,1,2,3,3,1,3,2,1,1,2,0
2,307,39,2,2,7,2,2,1,2,2,1,1,2,0
4,266,0,2,7,0,1,2,1,1,2,1,2,4,1
2,307,0,2,5,7,2,2,1,2,2,1,1,3,1
3,307,0,2,1,7,2,1,2,1,2,1,2,2,0
72,218,218,1,5,7,1,3,2,3,3,1,1,2,0
4,266,0,2,1,6,1,2,1,1,2,1,1,1,0
1,307,307,3,2,7,3,2,2,2,2,1,2,2,0
36,307,0,1,2,5,2,1,2,1,1,1,1,4,1
9,247,285,2,1,2,2,2,2,2,2,1,1,2,0
2,265,266,3,4,5,2,2,2,2,2,1,2,2,0
8,268,0,2,1,6,2,3,1,2,1,1,2,4,1
2,307,0,2,2,7,2,1,2,1,1,1,1,1,0
2,307,0,2,1,2,2,2,2,2,2,1,1,2,0
12,266,0,1,1,0,3,1,1,1,1,1,1,4,1
30,307,307,1,2,7,2,1,1,1,2,1,1,4,1
4,265,0,2,1,2,3,2,2,2,2,1,1,0,0
7,299,0,2,1,4,2,2,2,2,2,1,1,4,1
3,266,0,1,1,7,2,1,1,1,2,1,1,4,1
2,307,0,1,5,7,3,1,1,1,2,1,1,1,0
2,266,299,1,2,0,1,2,1,2,2,1,1,2,0
5,20,0,2,2,7,2,1,2,1,2,1,1,1,0
1,266,0,2,1,7,1,2,1,1,2,1,1,4,1
1,307,0,1,1,0,2,2,1,1,2,1,1,2,0
50,307,307,2,5,7,2,2,2,2,2,1,1,4,1
5,307,307,3,1,6,2,3,1,3,3,1,2,4,1
1,307,0,2,1,2,2,2,3,2,2,1,1,1,0
24,307,0,2,2,5,2,1,3,1,1,1,1,2,0
48,205,0,1,5,7,1,1,3,1,1,1,1,2,0
2,307,307,2,2,0,2,2,2,1,2,1,1,2,0
60,179,0,1,5,0,1,3,2,3,3,1,1,1,0
1,195,0,1,7,0,1,2,1,1,2,1,1,1,0
12,266,0,2,1,7,2,1,1,1,1,1,1,0,0
4,307,0,2,2,0,2,1,1,1,1,1,1,4,1
5,266,0,1,4,0,2,1,1,1,1,1,1,3,1
12,249,0,1,6,7,2,3,2,3,3,1,1,1,0
24,178,307,1,4,7,1,3,2,3,3,1,1,2,0
4,266,0,1,1,7,1,1,1,1,2,1,1,1,0
12,307,0,2,2,0,2,1,1,1,1,1,1,3,1
16,266,0,2,2,0,2,1,1,3,3,1,4,1,0
1,307,0,2,5,0,2,2,1,1,2,1,1,3,1
1,307,141,2,5,0,2,3,2,3,2,1,1,2,0
2,307,307,2,7,0,2,2,2,2,2,1,1,4,1
6,276,285,2,2,4,2,1,2,1,2,1,1,0,0
1,307,307,1,5,0,2,1,1,1,1,1,1,4,1
24,103,103,2,1,2,3,1,2,1,1,1,1,1,0
5,307,0,1,1,7,2,1,1,1,2,1,1,2,0
2,141,307,2,1,7,3,2,1,2,2,1,1,3,1
6,307,0,2,7,0,2,1,1,1,2,1,1,2,0
36,307,0,2,2,4,1,3,2,3,3,1,1,4,1
3,266,299,2,2,6,2,2,1,2,2,1,1,2,0
1,307,0,2,1,2,2,1,1,1,1,1,3,4,1
12,307,0,2,3,0,2,1,1,1,1,1,1,4,1
18,266,0,2,7,0,2,2,1,2,2,1,1,2,0
2,299,0,2,2,7,2,2,1,1,2,1,1,3,1
48,307,0,2,5,0,2,1,1,1,1,1,1,4,1
108,141,307,2,2,5,2,1,2,1,1,1,1,3,1
4,307,0,1,5,7,2,2,1,2,2,1,2,2,0
36,307,0,1,5,0,2,1,2,1,2,1,1,4,1
4,265,0,1,7,0,2,1,2,1,2,1,1,3,1
3,307,0,2,2,7,2,1,1,1,1,1,1,3,1
3,307,0,1,2,0,2,2,1,1,2,1,1,2,0
4,20,0,1,1,2,2,1,1,1,2,1,1,3,1
2,307,307,2,2,0,2,1,2,1,2,1,1,1,0
2,266,0,2,1,4,2,2,1,1,2,1,1,2,0
3,141,307,2,7,0,2,1,1,1,2,1,1,2,0
4,265,0,1,3,7,1,3,2,1,2,1,1,2,0
48,266,243,1,7,0,1,1,1,1,1,1,1,3,1
1,307,307,2,2,0,2,2,1,2,2,1,1,4,1
18,266,0,2,1,2,1,1,1,1,1,1,1,2,0
1,307,0,3,2,4,2,2,1,2,2,1,4,2,0
3,307,0,2,7,0,2,1,1,1,3,1,1,4,1
4,266,0,1,3,0,2,1,1,1,1,1,1,2,0
7,307,0,2,2,0,2,1,1,1,1,1,1,3,1
11,141,0,1,5,0,3,1,2,1,2,1,1,3,1
1,265,0,1,1,6,1,2,2,2,2,1,1,1,0
6,266,0,2,3,4,3,1,1,1,2,1,1,3,1
2,266,0,2,1,7,1,2,1,1,2,1,1,3,1
2,266,0,2,1,2,2,2,1,1,3,1,1,3,1
3,266,0,3,2,4,1,3,1,3,2,1,5,4,1
14,265,0,2,2,0,2,2,3,1,3,1,1,4,1
60,109,307,1,2,4,2,1,2,1,1,1,1,3,1
3,307,0,1,1,0,2,1,1,1,2,1,1,2,0
2,266,0,3,1,2,2,1,1,1,2,1,4,1,0
6,277,0,2,2,7,1,2,1,2,2,1,1,4,1
1,307,0,2,7,0,2,2,2,2,2,1,1,2,0
2,299,266,2,1,2,2,2,1,1,2,1,1,1,0
2,306,266,2,1,7,1,2,1,1,2,1,1,0,0
2,265,0,2,5,7,2,1,2,1,2,1,1,3,1
24,307,0,1,7,0,3,1,1,1,1,1,1,4,1
3,266,0,1,2,6,1,1,1,1,1,1,1,3,1
1,307,307,2,2,7,2,2,2,1,2,1,1,1,0
3,202,307,2,5,6,2,2,1,1,2,1,1,3,1
4,265,265,2,1,2,2,2,1,2,2,1,2,4,1
4,307,0,1,1,2,2,1,1,1,3,1,1,1,0
2,300,249,2,1,5,1,3,2,3,3,1,1,1,0
2,307,0,2,1,7,2,1,1,1,2,1,1,3,1
1,266,266,1,1,7,2,2,1,2,2,1,1,2,0
48,60,0,2,1,0,1,3,1,3,2,1,1,1,0
3,299,265,2,1,2,2,2,2,1,2,1,1,2,0
2,266,0,2,6,0,2,1,1,1,2,1,1,2,0
48,307,0,1,2,0,1,1,1,1,2,1,1,4,1
2,307,0,2,1,7,2,1,3,1,2,1,1,1,0
5,266,0,2,2,3,2,1,1,1,1,1,1,4,1
2,285,0,2,3,0,3,2,3,1,2,1,1,2,0
2,266,0,3,1,0,2,2,2,2,2,1,4,2,0
12,292,0,3,2,0,2,3,1,1,2,1,6,1,0
8,307,0,2,2,7,2,2,2,2,2,1,1,3,1
84,109,0,1,3,0,3,1,3,1,1,1,1,1,0
24,141,0,2,1,0,3,3,1,1,1,1,1,2,0
24,307,189,1,1,2,2,1,1,1,2,1,1,2,0
77,195,0,1,6,0,2,1,1,1,1,1,1,2,0
4,307,0,2,2,0,1,2,1,2,2,1,2,4,1
3,265,0,2,2,4,2,2,2,2,2,1,3,4,1
2,265,0,2,2,0,1,2,2,2,2,1,1,1,0
2,307,0,2,1,2,2,2,2,2,2,1,8,1,0
12,266,0,2,1,0,1,1,1,1,1,1,1,4,1
2,307,0,1,7,0,2,2,1,2,2,1,1,2,0
3,265,0,1,1,2,2,2,2,1,2,1,2,2,0
2,307,0,1,1,2,2,2,1,1,2,1,1,1,0
6,266,0,2,6,7,2,2,1,2,2,1,1,1,0
9,128,307,2,1,2,2,1,1,1,1,1,1,2,0
24,307,0,2,2,5,2,1,2,1,1,1,2,4,1
4,265,278,3,7,0,3,1,2,1,1,1,2,4,1
3,307,0,2,7,0,3,2,1,2,2,1,1,3,1
3,307,0,1,2,7,2,1,2,1,2,1,1,1,0
3,307,0,2,1,0,2,2,1,1,2,1,1,4,1
1,265,0,1,1,7,1,2,2,2,2,1,1,1,0
12,182,307,2,5,0,1,1,1,1,1,1,1,2,0
2,307,0,2,2,3,2,2,1,1,2,1,9,4,1
10,266,0,2,6,7,2,2,1,2,2,1,1,2,0
24,39,0,1,1,7,2,2,3,1,1,1,1,1,0
8,244,300,2,1,2,2,2,1,2,1,1,1,2,0
1,307,307,1,2,6,1,2,2,2,3,1,1,2,0
1,307,0,3,2,7,1,2,1,2,2,1,5,4,1
1,266,0,3,4,7,2,2,1,2,2,1,9,3,1
8,189,307,2,1,2,3,1,1,2,2,1,1,2,0
12,179,307,2,1,0,1,3,2,3,2,1,1,1,0
36,307,0,2,1,2,2,2,1,1,1,1,1,4,1
1,307,0,3,1,5,2,2,1,2,2,1,6,2,0
12,264,264,1,3,0,2,1,3,3,3,1,1,1,0
2,307,0,2,1,2,2,2,2,2,2,1,1,4,1
1,307,0,2,4,7,2,2,2,2,2,1,1,2,0
2,307,0,2,1,7,2,2,1,2,2,1,1,4,1
12,307,0,1,1,7,2,1,1,1,1,1,1,4,1
10,264,285,2,1,6,3,2,3,2,2,1,1,1,0
1,292,266,2,6,0,2,2,2,2,2,1,1,2,0
2,266,0,3,3,6,1,2,1,1,2,1,2,3,1
2,299,266,3,1,7,2,2,1,2,2,1,7,2,0
2,141,307,3,1,0,2,2,2,1,2,1,2,1,0
2,307,0,2,1,2,2,2,2,2,2,1,3,4,1
2,307,141,2,1,7,2,2,2,2,2,1,1,4,1
2,307,0,1,2,3,2,2,1,2,2,1,1,0,0
36,205,218,2,1,6,1,1,3,1,2,1,1,1,0
9,264,0,2,7,0,2,1,2,1,1,1,1,1,0
12,307,0,1,2,0,3,2,1,1,1,1,1,1,0
5,265,0,1,1,0,2,2,2,1,3,1,1,4,1
2,307,0,2,2,0,1,2,1,3,3,1,1,3,1
2,307,0,2,1,2,2,2,1,2,2,1,1,4,1
2,269,0,1,2,7,2,1,2,1,2,1,1,1,0
2,265,266,1,1,7,1,2,2,2,2,1,1,2,0
3,306,247,1,1,2,2,2,1,2,3,1,2,4,1
12,307,0,2,7,0,2,1,2,1,1,1,1,1,0
12,307,0,1,1,2,3,3,1,3,2,1,1,3,1
1,307,0,2,1,2,2,2,1,1,2,1,1,3,1
2,266,266,3,1,4,2,2,1,2,2,1,3,4,1
24,307,0,2,2,7,2,1,2,1,1,1,1,4,1
3,307,0,2,2,5,2,2,1,2,2,1,1,2,0
2,307,0,2,2,0,2,2,1,2,2,1,1,1,0
4,266,0,2,1,4,1,2,1,2,2,1,1,4,1
2,307,0,2,1,2,2,3,2,3,2,1,1,3,1
1,266,0,3,1,5,2,2,1,2,2,1,2,3,1
2,307,0,3,1,2,2,2,2,2,3,1,7,4,1
1,307,307,3,1,2,2,2,2,2,2,1,3,4,1
2,307,0,2,2,3,2,2,2,2,2,1,1,4,1
2,307,0,3,2,0,2,2,1,2,2,1,2,1,0
1,307,307,1,7,0,3,2,1,1,2,1,1,1,0
2,266,0,1,1,0,1,3,1,3,3,1,1,1,0
60,213,69,1,3,5,2,1,2,1,2,1,1,4,1
1,307,0,3,1,2,2,2,2,2,2,1,7,3,1
2,292,265,1,3,4,1,2,2,2,2,1,1,2,0
24,292,265,2,2,5,2,1,2,1,1,1,1,2,0
3,266,0,1,2,7,2,2,1,1,2,1,1,3,1
3,266,0,1,2,6,1,2,1,2,2,1,1,3,1
5,307,0,2,2,7,2,1,1,1,1,1,1,3,1
1,307,0,3,3,5,2,2,1,1,2,1,2,4,1
2,247,247,2,1,3,2,2,1,1,2,1,1,2,0
1,265,0,1,1,6,1,2,2,2,2,1,3,1,0
1,141,307,3,1,2,2,2,1,1,2,1,5,2,0
3,307,0,2,1,2,2,1,1,1,2,1,1,4,1
72,231,0,1,7,0,2,1,2,1,1,1,1,2,0
2,265,0,1,2,6,3,2,2,2,2,1,1,2,0
1,265,0,2,1,7,1,2,1,2,2,1,1,3,1
6,109,0,2,3,0,3,1,3,1,2,1,1,1,0
7,103,189,2,1,2,2,1,2,1,2,1,1,1,0
1,250,0,1,1,2,2,2,2,1,2,1,2,4,1
1,307,0,2,1,2,2,1,2,1,2,1,4,2,0
6,307,0,2,1,2,2,1,1,1,1,1,1,3,1
4,307,307,2,1,2,2,1,2,1,2,1,2,2,0
1,266,0,2,6,0,1,2,1,1,2,1,1,4,1
8,266,0,2,2,7,2,3,1,3,1,1,1,3,1
3,307,0,2,2,0,2,2,1,2,2,1,3,4,1
4,292,0,2,2,7,1,2,1,2,2,1,1,3,1
108,307,0,1,1,2,3,3,1,3,3,1,1,4,1
12,299,0,1,1,6,2,2,1,1,2,1,1,4,1
5,179,195,1,5,7,2,1,2,1,3,1,1,0,0
5,266,0,2,3,0,2,2,1,2,3,1,1,1,0
24,195,307,1,1,0,2,1,2,1,2,1,1,4,1
2,307,307,2,2,0,2,2,2,1,2,1,1,3,1
84,307,213,1,1,2,2,1,2,1,1,1,1,3,1
2,179,195,1,1,2,1,2,2,2,2,1,1,1,0
2,307,26,1,1,2,3,1,2,1,2,1,1,2,0
2,307,0,2,7,0,2,2,2,2,2,1,1,3,1
2,307,0,2,1,2,2,3,1,1,2,1,1,2,0
24,307,0,2,2,4,2,1,1,1,1,1,1,4,1
1,307,0,2,1,2,3,2,2,2,2,1,7,3,1
84,307,307,2,5,7,2,1,2,1,3,1,1,3,1
4,283,0,2,5,0,2,2,2,2,2,1,1,3,1
6,307,0,2,2,0,1,1,1,1,1,1,1,3,1
3,307,0,2,1,2,1,2,2,2,2,1,1,4,1
2,265,0,3,4,7,1,2,1,2,2,1,3,1,0
4,266,283,1,6,0,1,2,2,2,2,1,1,4,1
1,265,299,1,6,0,1,2,2,2,2,1,1,3,1
2,307,0,1,1,2,2,3,1,3,2,1,1,1,0
1,307,307,1,1,2,2,2,1,1,2,1,2,2,0
9,266,266,1,1,7,2,1,1,1,1,1,1,4,1
3,307,307,1,1,4,1,1,2,3,3,1,2,1,0
2,307,0,2,3,7,2,2,1,1,2,1,1,2,0
2,299,0,3,1,6,2,2,1,1,2,1,2,3,1
12,141,0,2,5,0,3,1,2,1,1,1,2,4,1
12,266,292,1,5,0,3,1,2,1,2,1,1,4,1
5,307,103,2,1,4,3,1,1,1,2,1,1,1,0
30,299,266,1,3,4,2,1,1,1,1,1,1,3,1
1,307,307,2,1,4,2,2,1,2,2,1,1,4,1
1,307,0,2,7,0,1,2,1,2,2,1,1,1,0
2,265,299,1,3,0,2,2,2,2,2,1,1,1,0
2,307,0,3,2,7,2,1,1,1,2,1,2,3,1
36,307,0,2,1,7,2,1,1,1,1,1,1,4,1
11,266,299,1,4,7,2,1,1,1,1,1,1,3,1
16,218,307,2,2,5,2,1,1,1,1,1,1,4,1
1,307,0,2,5,0,2,2,1,2,2,1,1,2,0
2,266,0,1,3,7,2,2,1,1,2,1,1,2,0
2,266,0,1,1,6,2,2,1,1,2,1,1,1,0
4,307,0,2,1,2,2,1,2,1,2,1,1,4,1
3,295,0,2,1,4,2,2,2,1,2,1,1,3,1
2,299,0,2,3,4,1,2,2,2,2,1,1,3,1
3,307,128,2,2,7,2,2,2,1,2,1,1,2,0
36,307,0,2,1,2,2,1,1,1,1,1,5,4,1
2,307,0,1,2,4,2,1,1,1,2,1,1,3,1
4,266,0,1,3,7,2,2,1,1,2,1,1,2,0
2,265,0,2,2,0,3,2,2,1,3,1,1,0,0
12,299,0,3,1,2,2,2,2,2,2,1,7,4,1
48,179,0,1,7,0,1,1,1,1,2,1,1,1,0
4,265,0,1,1,6,2,2,2,2,2,1,1,2,0
72,189,189,2,1,2,3,1,2,1,1,1,1,3,1
74,205,0,1,2,7,2,3,2,1,3,1,1,2,0
21,20,0,1,1,2,2,1,1,1,2,1,1,3,1
1,266,265,2,2,3,1,3,1,3,3,1,1,4,1
3,266,0,1,2,3,2,1,1,1,2,1,1,3,1
4,307,307,3,1,0,1,3,2,3,2,1,2,2,0
10,307,0,2,2,7,1,1,1,1,3,1,1,2,0
2,266,0,1,3,7,1,2,1,2,2,1,1,2,0
36,213,307,2,1,2,2,3,2,3,3,1,1,4,1
3,266,265,3,1,5,2,1,2,1,2,1,2,3,1
4,266,0,1,4,7,1,2,1,2,2,1,1,2,0
8,307,0,1,1,2,2,1,2,1,1,1,1,4,1
2,303,265,1,1,2,1,2,2,2,2,1,1,1,0
12,266,0,2,4,0,1,3,1,1,1,1,1,3,1
8,307,0,2,1,0,2,1,1,1,1,1,1,2,0
1,307,189,3,1,2,2,2,2,2,2,1,6,2,0
18,307,307,2,3,0,2,1,3,1,2,1,1,4,1
12,285,0,1,4,7,2,1,2,1,2,1,1,3,1
2,307,218,2,1,7,2,1,2,1,2,1,1,3,1
2,179,195,1,2,0,1,2,2,1,2,1,1,1,0
24,307,0,2,1,2,2,1,2,1,1,1,1,4,1
9,265,0,2,1,0,2,2,2,2,2,1,1,3,1
1,307,307,3,1,2,2,2,1,2,2,1,7,2,0
4,266,0,1,1,7,1,2,1,2,2,1,1,4,1
3,266,0,2,1,7,2,2,1,2,2,1,9,2,0
3,265,0,2,1,7,1,2,2,2,2,1,4,1,0
3,264,292,3,1,4,1,2,3,2,2,1,3,3,1
1,266,0,3,1,2,1,2,1,2,2,1,4,4,1
2,307,0,2,5,7,2,2,1,1,2,1,1,3,1
1,307,307,1,1,2,2,2,2,1,2,1,1,3,1
2,299,0,3,1,4,2,2,2,2,2,1,2,2,0
10,109,0,1,5,0,3,1,1,1,2,1,1,1,0
1,307,0,2,2,7,2,2,1,2,2,1,1,2,0
6,266,266,3,1,2,2,1,1,1,1,1,4,4,1
1,307,0,3,1,2,2,1,1,1,1,1,3,2,0
10,205,218,2,1,2,2,1,2,3,3,1,1,3,1
2,266,0,2,1,7,2,2,1,1,2,1,1,1,0
2,307,103,2,1,2,2,2,2,1,2,1,1,3,1
3,190,0,2,1,7,4,1,2,2,2,1,1,1,0
2,307,117,2,1,7,2,1,1,1,1,1,1,4,1
10,266,0,1,1,7,2,1,1,1,1,1,1,3,1
2,292,0,2,6,0,1,3,1,3,2,1,1,1,0
17,307,307,3,1,4,2,3,1,3,1,1,2,4,1
24,307,0,2,1,2,2,1,1,1,1,1,1,4,1
8,266,0,1,3,4,1,2,1,1,3,1,1,3,1
0,299,266,1,3,4,2,2,1,1,2,1,1,1,0
9,265,285,2,5,7,2,2,2,1,2,1,1,3,1
1,307,0,2,1,2,2,2,2,1,2,1,1,1,0
3,307,129,2,2,7,2,2,1,1,2,1,1,3,1
2,307,307,1,2,0,2,2,1,2,2,1,1,3,1
2,266,0,3,1,3,1,2,1,2,2,1,2,3,1
14,299,0,2,1,2,2,2,1,2,2,1,2,4,1
48,195,0,1,7,0,1,1,3,1,3,1,1,1,0
48,189,307,1,1,0,3,1,1,1,1,1,1,1,0
2,307,0,1,5,7,2,2,1,2,2,1,1,2,0
2,307,307,2,1,2,2,2,2,1,2,1,1,2,0
8,307,0,1,2,7,2,1,1,1,2,1,1,2,0
2,266,0,2,1,3,1,1,1,1,2,1,1,2,0
2,307,0,1,2,0,2,2,1,1,2,1,1,3,1
3,266,266,3,1,2,1,2,1,2,2,1,5,2,0
12,307,109,1,1,0,2,3,2,3,1,1,1,4,1
12,307,0,2,1,6,2,2,2,2,2,1,1,4,1
4,266,0,1,1,6,2,3,1,3,3,1,1,3,1
12,307,218,2,1,2,1,1,2,1,1,1,1,3,1
2,265,0,2,5,7,1,2,2,2,2,1,1,3,1
3,266,0,3,2,0,2,2,1,2,2,1,2,2,0
1,15,307,1,2,0,2,2,1,2,2,1,1,1,0
3,307,0,1,2,0,2,3,1,3,2,1,2,1,0
3,266,0,1,3,7,1,1,1,1,2,1,1,2,0
6,307,0,1,2,0,2,1,2,2,2,1,1,4,1
24,266,0,2,1,2,2,1,1,1,1,1,1,4,1
1,266,0,2,1,2,1,2,1,1,2,1,1,4,1
1,307,0,2,1,2,2,3,1,3,2,1,1,3,1
3,307,0,3,2,0,2,2,1,2,2,1,4,4,1
2,307,307,3,2,0,2,3,1,3,3,1,2,4,1
2,307,0,2,5,7,2,2,1,3,2,1,1,4,1
72,213,70,1,1,2,2,3,3,3,3,1,1,3,1
12,292,0,2,5,0,3,1,1,1,1,1,1,1,0
24,141,307,1,4,5,2,3,1,3,1,1,1,3,1
2,307,0,1,1,2,2,2,1,1,2,1,1,1,0
9,299,292,3,4,5,2,1,1,1,1,1,2,2,0
3,307,0,2,1,0,2,1,2,1,2,1,1,2,0
12,307,0,2,7,0,2,1,1,1,1,1,1,3,1
84,205,0,1,5,7,1,3,2,3,3,1,1,2,0
3,307,0,2,2,7,2,1,1,1,2,1,1,4,1
2,307,0,1,2,0,2,1,1,1,2,1,1,1,0
3,307,0,1,7,0,2,2,2,2,2,1,1,3,1
4,265,0,2,1,3,2,2,2,2,2,1,1,1,0
1,266,0,1,6,0,2,2,1,2,2,1,1,3,1
3,307,0,2,2,0,2,1,2,1,2,1,1,4,1
60,179,0,2,7,0,2,3,1,3,3,1,1,4,1
36,307,0,1,1,7,2,1,1,1,2,1,1,4,1
1,307,0,1,2,0,2,2,1,1,2,1,1,3,1
3,265,0,2,7,0,1,2,2,1,2,1,1,0,0
84,190,119,1,1,2,2,1,2,1,1,1,1,2,0
12,307,0,2,1,2,2,1,1,1,1,1,1,1,0
10,266,0,2,4,7,2,1,1,1,2,1,1,2,0
4,307,307,1,1,2,3,1,1,1,1,1,1,3,1
2,307,0,1,2,0,2,2,1,2,2,1,1,1,0
26,119,307,2,2,5,2,1,3,1,3,1,1,4,1
6,307,0,2,2,3,3,1,1,1,1,1,1,4,1
2,266,266,2,1,2,2,2,2,2,2,1,2,1,0
1,307,0,1,1,2,2,2,2,2,2,1,1,2,0
2,266,0,1,6,7,2,2,1,1,2,1,1,3,1
3,266,0,2,7,0,2,1,2,1,2,1,1,2,0
4,307,0,1,2,0,3,1,2,1,2,1,1,2,0
8,307,128,1,2,7,3,1,2,1,1,1,1,4,1
2,307,0,2,1,2,2,2,1,2,2,1,4,2,0
108,205,0,2,1,2,2,1,2,1,1,1,1,1,0
12,218,307,1,2,7,2,2,1,2,2,1,1,4,1
27,265,265,1,6,7,2,1,2,1,1,1,2,0,0
2,307,0,3,1,2,3,2,1,1,2,1,2,1,0
3,265,0,3,4,6,1,1,2,1,2,1,2,2,0
2,307,141,2,2,0,2,1,2,1,2,1,1,0,0
2,266,266,1,1,2,1,1,1,1,2,1,1,3,1
3,307,0,1,2,7,2,2,1,1,2,1,1,1,0
3,292,0,3,1,2,1,2,2,2,2,1,4,3,1
1,307,0,1,1,6,2,2,2,2,3,1,1,0,0
14,266,292,1,2,5,2,1,1,2,2,1,1,1,0
3,266,0,1,1,7,2,2,1,1,2,1,1,1,0
3,266,299,2,1,2,2,2,1,2,2,1,1,2,0
36,266,299,1,1,6,2,1,1,1,1,1,1,4,1
12,307,0,1,2,0,2,1,2,1,1,1,1,4,1
7,266,0,2,2,5,2,1,2,1,2,1,2,3,1
3,254,0,2,1,4,1,2,2,1,2,1,1,4,1
1,307,0,1,1,2,2,2,1,2,2,1,1,3,1
3,265,0,2,5,6,2,1,2,2,2,1,1,2,0
7,237,218,1,5,0,2,1,2,1,1,1,1,4,1
2,307,0,1,2,5,2,2,1,1,2,1,4,1,0
12,307,307,1,1,5,2,1,1,1,1,1,1,4,1
57,179,0,2,2,0,2,1,2,1,2,1,1,4,1
2,265,0,2,1,7,2,2,2,2,2,1,1,1,0
5,266,0,1,1,2,1,3,1,3,3,1,1,2,0
1,307,0,2,1,3,2,1,2,1,2,1,1,3,1
3,266,0,2,1,0,3,2,2,2,3,1,1,1,0
42,205,0,1,5,0,1,1,2,1,1,1,1,1,0
2,307,218,1,2,7,2,1,2,1,2,1,1,1,0
7,182,0,2,2,5,2,1,1,1,1,1,1,2,0
8,307,0,1,1,2,2,1,2,1,1,1,2,4,1
4,266,0,1,1,7,1,1,1,1,2,1,2,4,1
12,266,0,2,2,4,2,2,1,1,1,1,1,2,0
5,307,307,2,4,5,2,2,2,2,2,1,1,2,0
72,69,0,1,2,3,2,3,3,3,2,1,1,2,0
2,265,0,2,2,5,2,2,2,1,2,1,1,2,0
2,307,0,3,1,2,2,2,1,2,2,1,5,3,1
2,265,0,2,7,0,2,2,2,2,2,1,1,0,0
2,307,307,1,2,0,2,1,2,1,2,1,1,2,0
2,266,0,3,1,2,2,2,2,2,2,1,3,1,0
12,265,0,2,1,4,2,1,2,1,1,1,1,4,1
1,69,307,3,1,2,2,2,1,2,2,1,2,3,1
9,266,0,1,5,7,1,2,1,2,2,1,1,4,1
7,179,218,2,5,7,2,1,2,1,1,1,1,3,1
2,265,0,3,2,3,2,1,2,1,1,1,3,4,1
2,264,0,3,1,3,1,2,3,2,2,1,5,1,0
3,307,0,2,7,0,2,2,1,2,2,1,1,3,1
2,307,0,2,2,5,2,2,1,2,2,1,1,4,1
24,179,0,1,5,7,1,3,1,3,2,1,1,1,0
3,307,0,2,2,0,2,1,2,1,2,1,1,1,0
12,307,0,2,1,2,2,1,1,1,1,1,1,4,1
4,307,0,2,5,0,1,2,3,2,2,1,1,1,0
84,179,0,1,2,0,1,1,3,1,2,1,1,3,1
4,307,0,2,2,7,2,2,1,1,1,1,1,2,0
36,307,0,2,2,0,1,1,3,3,2,1,1,1,0
2,265,266,3,1,4,1,2,2,2,2,1,4,2,0
2,307,307,1,1,2,2,1,2,1,2,1,1,1,0
1,105,103,2,1,2,2,2,2,2,2,1,3,2,0
2,266,0,1,3,6,1,2,2,1,2,1,1,1,0
3,307,0,2,7,0,2,2,2,2,2,1,1,2,0
18,17,218,2,5,0,1,3,2,1,3,1,1,3,1
3,266,0,2,1,6,2,2,1,1,2,1,1,2,0
72,205,0,1,2,5,1,1,1,1,2,1,1,4,1
2,266,0,1,1,7,1,2,1,2,2,1,1,4,1
3,265,265,1,1,7,1,2,2,1,2,1,1,2,0
12,307,0,2,4,5,2,1,2,1,1,1,1,2,0
12,266,0,1,4,7,3,2,2,2,2,1,1,4,1
3,307,187,2,2,5,3,1,1,1,2,1,1,2,0
2,307,0,1,1,2,2,2,1,2,2,1,1,4,1
8,267,267,1,1,6,2,1,2,1,3,1,1,4,1
1,266,0,3,1,2,1,2,1,2,2,1,3,2,0
84,141,0,1,5,0,3,3,2,3,3,1,1,1,0
3,266,0,1,6,0,1,2,1,2,2,1,2,2,0
12,266,0,1,2,0,2,1,2,1,1,1,1,2,0
2,285,0,1,6,0,3,2,3,2,2,1,1,2,0
2,266,303,2,1,3,1,1,1,1,2,1,3,3,1
3,265,0,2,6,7,2,1,2,1,2,1,1,2,0
2,307,307,2,2,0,2,2,2,1,2,1,1,3,1
1,266,0,1,1,0,2,2,1,1,2,1,1,2,0
6,265,0,1,2,4,2,1,2,1,1,1,1,0,0
2,266,0,2,1,5,2,2,1,1,2,1,2,2,0
1,307,0,2,1,2,2,2,1,1,2,1,1,3,1
6,264,0,1,1,0,2,2,3,2,2,1,1,2,0
2,307,0,2,2,0,2,2,2,2,2,1,1,1,0
1,266,266,1,1,6,2,2,1,1,2,1,2,1,0
4,265,0,3,1,7,2,2,2,2,2,1,2,3,1
3,307,307,3,2,0,2,1,1,2,2,1,5,4,1
2,307,0,2,3,0,2,2,2,1,2,1,1,3,1
6,266,0,2,1,2,2,2,1,2,2,1,1,4,1
2,307,0,2,7,0,2,2,1,2,2,1,1,2,0
36,307,0,1,1,2,2,3,1,3,3,1,1,4,1
12,292,266,2,2,7,2,1,1,1,2,1,1,4,1
3,265,0,2,3,7,2,1,2,1,1,1,1,4,1
1,266,0,1,3,7,1,2,1,1,2,1,1,1,0
1,307,0,3,1,2,2,2,1,2,2,1,4,2,0
2,266,0,1,1,2,1,3,1,3,3,1,1,1,0
9,266,266,2,1,7,2,2,2,1,2,1,1,4,1
5,266,0,1,3,0,1,1,1,1,2,1,1,4,1
8,307,0,2,2,5,2,1,1,1,1,1,1,4,1
5,265,0,1,5,7,1,2,2,2,2,1,1,1,0
0,56,72,1,1,2,1,2,2,2,2,1,1,3,1
7,307,0,1,2,7,2,2,2,2,2,1,1,3,1
24,26,307,2,1,2,2,1,2,1,1,1,1,4,1
1,307,0,2,1,2,2,2,1,2,2,1,1,2,0
1,307,0,1,1,3,2,1,1,1,2,1,1,1,0
60,266,0,1,3,0,3,1,2,1,1,1,1,4,1
3,265,0,1,1,6,2,2,2,1,2,1,1,2,0
1,307,0,2,7,0,2,2,1,1,2,1,1,2,0
3,307,0,1,2,7,3,1,1,1,2,1,1,3,1
8,292,0,2,2,6,2,3,2,1,2,1,1,4,1
1,307,0,1,1,4,2,3,1,3,2,1,1,2,0
2,285,264,1,7,0,2,2,3,2,2,1,1,2,0
36,207,0,2,1,6,1,1,3,1,1,1,1,2,0
2,307,307,3,1,2,3,2,1,2,2,1,6,1,0
1,307,0,2,1,7,2,2,1,2,2,1,1,2,0
3,265,0,2,3,6,2,1,2,2,2,1,1,2,0
4,266,0,2,3,0,1,1,1,1,2,1,1,1,0
9,307,0,1,2,5,2,1,1,1,3,1,1,4,1
1,264,0,2,1,6,1,2,3,2,2,1,1,1,0
17,307,0,2,7,0,2,1,1,1,1,1,1,3,1
1,218,307,2,1,2,2,1,2,3,2,1,1,3,1
2,299,283,3,1,6,2,2,2,2,2,1,5,3,1
2,292,252,1,2,5,1,2,1,2,2,1,1,0,0
2,307,0,2,2,7,2,1,1,1,1,1,1,4,1
3,266,0,1,1,7,2,1,1,2,2,1,1,4,1
2,266,0,3,1,4,1,2,1,2,2,1,4,3,1
7,264,0,3,1,4,1,2,3,2,2,1,2,4,1
1,276,285,3,1,2,3,1,3,1,2,1,3,1,0
2,266,0,2,6,7,2,2,1,2,2,1,1,3,1
6,307,0,2,2,0,2,2,1,2,2,1,1,0,0
2,307,307,3,1,2,2,3,2,3,3,1,5,2,0
14,266,0,2,4,7,2,1,1,1,1,1,1,2,0
3,307,0,3,3,4,2,2,2,2,2,1,6,4,1
6,254,0,2,1,2,2,2,1,1,1,1,1,4,1
24,266,0,1,4,7,2,2,1,2,2,1,1,4,1
48,266,0,1,1,2,2,2,1,1,1,1,2,2,0
1,282,0,2,5,7,2,1,2,1,2,1,1,1,0
2,307,0,2,1,0,2,2,1,2,2,1,1,4,1
1,307,0,2,2,7,2,2,1,2,2,1,1,2,0
4,266,0,2,1,2,1,2,1,2,2,1,2,2,0
0,307,0,2,2,7,1,2,1,2,2,1,4,2,0
3,266,0,1,1,7,3,2,1,1,2,1,4,4,1
4,266,0,2,5,6,2,3,1,3,2,1,1,4,1
2,307,307,2,1,2,2,2,2,2,2,1,6,2,0
3,307,0,1,1,7,2,1,1,1,1,1,1,3,1
2,266,0,1,1,2,1,1,1,1,3,1,1,3,1
2,307,0,2,1,2,2,2,2,2,2,1,1,2,0
7,266,0,1,1,7,2,2,1,2,2,1,1,1,0
72,205,0,1,1,7,1,3,1,3,3,1,1,2,0
2,266,300,3,1,2,1,2,1,2,1,1,3,1,0
17,264,0,1,7,0,2,2,2,1,2,1,1,4,1
60,179,0,1,5,0,1,1,3,3,1,1,1,1,0
2,307,0,2,4,7,2,2,1,2,2,1,1,3,1
3,307,0,1,1,2,2,2,1,1,3,1,3,3,1
0,307,0,1,1,2,2,2,2,2,2,1,1,1,0
2,307,307,1,1,2,2,1,1,1,2,1,4,2,0
7,266,0,2,2,7,2,2,2,2,2,1,3,4,1
36,265,0,3,3,7,2,2,3,2,2,1,4,4,1
9,266,0,2,1,7,2,1,1,1,2,1,1,4,1
1,266,0,1,1,4,1,2,1,3,3,1,5,4,1
24,307,0,2,2,0,2,1,2,1,1,1,1,4,1
4,266,0,1,1,0,2,2,1,2,2,1,1,1,0
2,266,0,1,1,7,2,2,1,2,2,1,1,3,1
3,265,0,3,5,6,2,2,2,2,2,1,3,2,0
3,265,0,3,1,4,2,2,2,2,2,1,4,4,1
3,307,0,2,1,2,2,1,1,1,1,1,1,3,1
17,265,0,1,4,7,2,1,2,1,1,1,1,3,1
6,264,266,1,4,5,2,3,2,1,2,1,1,1,0
2,307,307,2,2,0,2,1,2,1,2,1,1,2,0
2,307,0,3,4,5,2,2,1,2,2,1,4,2,0
2,307,0,1,1,2,2,2,2,1,2,1,1,1,0
84,109,0,2,4,0,3,3,3,3,2,1,1,1,0
1,307,0,1,2,0,2,2,2,2,2,1,1,2,0
6,292,0,2,2,6,1,2,1,3,3,1,1,1,0
1,288,0,1,2,5,2,1,3,1,2,1,1,2,0
1,307,0,3,1,2,2,1,2,1,2,1,5,2,0
36,307,179,2,2,0,1,1,2,1,3,1,1,1,0
84,266,0,1,2,7,2,1,1,1,1,1,1,1,0
2,266,0,1,6,7,2,2,1,1,2,1,1,2,0
2,307,0,2,1,0,1,1,1,1,2,1,1,2,0
5,292,0,2,6,7,3,1,2,1,2,1,1,3,1
5,266,299,1,1,2,2,1,1,1,1,1,1,2,0
4,307,141,1,1,2,2,2,1,2,2,1,1,2,0
1,266,0,1,3,4,2,2,1,2,2,1,1,1,0
2,266,266,3,2,3,1,2,1,2,2,1,3,2,0
2,307,0,2,2,7,1,3,1,3,3,1,1,4,1
24,264,265,1,1,2,3,3,3,1,2,1,1,1,0
4,265,0,3,2,5,2,1,2,1,2,1,2,1,0
5,256,0,3,6,0,2,2,2,3,3,1,5,4,1
84,195,0,2,6,7,1,1,3,1,1,1,1,3,1
12,307,0,2,2,7,2,1,1,1,1,1,1,4,1
12,307,0,2,2,3,1,3,1,3,3,1,1,2,0
3,247,243,1,3,4,2,2,1,2,2,1,1,1,0
84,128,0,2,2,7,1,1,2,1,1,1,1,3,1
3,307,0,2,1,2,2,2,2,1,2,1,1,1,0
1,266,0,1,2,4,1,2,1,2,2,1,1,2,0
4,292,246,2,5,0,2,2,2,2,2,1,1,1,0
1,266,0,2,1,2,2,3,1,3,3,1,2,1,0
4,152,307,3,1,2,2,2,1,1,2,1,2,3,1
8,307,307,2,2,0,2,2,1,1,1,1,1,4,1
2,307,0,2,2,0,2,2,2,1,2,1,1,4,1
4,307,0,1,1,0,1,2,1,2,2,1,1,3,1
1,307,307,3,1,2,2,2,2,2,2,1,9,3,1
1,265,0,3,2,6,2,2,2,2,2,1,2,1,0
12,303,0,2,1,4,1,1,2,1,1,1,1,1,0
24,307,0,1,2,6,2,1,1,1,1,1,1,2,0
2,200,307,2,1,2,2,1,1,1,2,1,1,2,0
2,307,0,2,2,7,2,1,1,1,2,1,1,3,1
5,307,0,1,2,4,2,1,2,1,2,1,1,4,1
12,265,0,1,3,7,2,2,2,1,2,1,1,2,0
12,266,266,1,1,6,2,1,1,1,1,1,1,4,1
1,307,307,1,1,2,2,3,2,3,3,1,1,4,1
3,307,0,2,1,0,2,2,1,2,2,1,1,4,1
5,266,0,1,3,4,2,2,1,2,2,1,1,1,0
36,19,0,1,1,2,2,1,1,1,2,1,1,1,0
3,307,0,2,5,7,2,1,1,1,1,1,1,4,1
1,307,0,2,2,7,2,2,2,1,2,1,1,1,0
3,266,0,2,1,7,2,2,2,2,2,1,1,1,0
2,307,141,1,2,7,2,2,2,2,2,1,1,1,0
3,307,0,2,1,2,2,2,1,2,2,1,2,4,1
2,307,0,2,1,7,2,3,1,3,3,1,1,2,0
27,307,0,2,3,0,2,1,1,1,1,1,1,4,1
3,299,0,2,1,2,1,2,2,1,2,1,2,2,0
2,307,0,2,1,2,2,1,1,1,2,1,1,2,0
5,266,0,1,2,5,1,1,1,1,2,1,1,3,1
36,205,0,2,7,0,1,1,3,1,2,1,1,2,0
4,265,0,2,1,4,3,2,2,2,3,1,1,2,0
12,307,307,1,2,7,2,3,1,3,3,1,1,4,1
6,307,307,1,2,0,2,2,1,2,2,1,2,4,1
3,307,0,3,2,0,1,2,1,2,2,1,6,4,1
3,307,0,1,2,0,2,2,1,1,2,1,1,2,0
1,266,265,1,6,7,2,2,2,2,2,1,1,1,0
17,182,0,1,7,0,2,1,1,1,2,1,1,1,0
2,307,0,2,2,0,2,1,1,1,2,1,1,3,1
1,307,0,2,2,0,2,2,1,1,2,1,1,2,0
36,109,0,2,3,0,3,1,2,1,1,1,1,4,1
4,266,265,1,1,5,2,1,2,1,2,1,1,3,1
2,299,299,3,2,3,1,1,1,1,2,1,2,1,0
4,292,0,2,2,6,3,2,2,2,2,1,1,1,0
7,266,0,2,6,0,1,1,1,1,3,1,1,4,1
1,265,0,2,1,0,2,1,2,1,2,1,1,1,0
2,307,0,2,1,2,2,2,1,1,2,1,1,2,0
2,307,307,2,5,0,2,2,2,2,2,1,2,4,1
4,243,0,2,7,0,2,2,1,2,1,1,1,2,0
9,307,307,1,2,4,2,2,2,1,1,1,1,4,1
12,266,0,2,1,2,1,1,1,1,1,1,1,4,1
11,307,0,2,5,7,2,3,1,3,1,1,1,1,0
3,307,0,2,1,2,2,1,1,1,1,1,1,4,1
9,266,0,2,5,0,2,2,1,2,2,1,1,2,0
3,266,0,3,2,5,2,2,1,2,2,1,3,3,1
1,266,292,1,1,7,1,2,1,2,2,1,1,2,0
84,307,0,2,2,0,2,3,2,3,2,1,1,4,1
3,292,0,1,2,0,2,1,1,1,2,1,1,1,0
1,307,0,2,1,2,1,2,2,2,2,1,1,3,1
1,266,254,3,4,6,2,2,2,2,2,1,4,2,0
3,266,0,1,1,7,2,1,1,1,2,1,1,2,0
48,307,0,1,2,0,2,1,1,1,3,1,1,4,1
20,307,0,2,2,7,2,1,2,1,1,1,1,4,1
60,252,299,1,1,6,3,1,2,1,1,1,2,4,1
54,205,0,2,7,0,1,1,3,1,3,1,1,3,1
4,266,0,2,1,0,2,2,1,2,2,1,1,2,0
2,307,0,3,1,2,1,2,1,2,2,1,9,4,1
1,307,0,2,2,0,2,2,2,1,2,1,4,2,0
3,292,299,2,2,5,2,1,1,1,2,1,1,4,1
2,307,0,2,1,2,2,1,1,1,2,1,1,2,0
2,307,0,1,1,2,2,1,1,1,2,1,1,1,0
2,266,0,2,3,7,1,2,1,2,2,1,1,2,0
7,265,0,2,6,0,2,2,2,2,2,1,1,2,0
2,307,0,2,1,2,2,2,1,2,2,1,1,4,1
3,266,0,2,1,7,1,1,1,1,2,1,1,3,1
2,307,307,2,7,0,2,1,2,1,2,1,1,3,1
2,307,0,3,1,3,2,2,1,2,2,1,6,1,0
1,266,0,2,1,2,2,2,1,1,2,1,1,2,0
8,307,39,2,1,2,2,1,3,1,1,1,1,2,0
8,292,266,1,2,5,2,1,1,1,2,1,1,2,0
3,307,0,2,1,2,2,2,1,1,2,1,2,4,1
5,103,0,1,2,3,2,1,2,1,2,1,1,3,1
1,266,0,3,2,5,1,2,1,2,2,1,7,1,0
54,213,0,1,1,2,2,1,3,1,1,1,1,0,0
3,283,0,1,4,7,2,1,1,1,2,1,1,1,0
1,289,266,2,5,6,2,2,1,1,2,1,1,1,0
2,266,266,1,2,0,1,2,1,2,2,1,1,1,0
6,247,0,2,2,7,2,1,2,1,3,1,1,4,1
1,307,307,1,2,0,2,2,1,2,2,1,1,2,0
12,307,0,2,2,0,2,3,1,3,3,1,1,4,1
5,307,0,1,2,0,2,1,1,1,2,1,1,2,0
1,307,0,2,2,7,2,2,2,2,2,1,1,2,0
24,285,0,2,1,2,2,1,3,1,3,1,1,3,1
2,266,0,3,4,6,2,2,2,1,2,1,2,1,0
12,283,0,2,2,5,2,1,1,1,1,1,1,4,1
4,246,264,2,6,0,2,2,3,1,2,1,1,2,0
2,266,0,2,2,5,1,2,1,1,2,1,3,2,0
11,307,0,1,1,2,2,1,1,3,2,1,1,2,0
3,266,0,3,4,6,2,2,1,1,2,1,5,4,1
4,266,0,2,1,4,2,2,1,1,2,1,1,3,1
84,147,218,1,7,0,1,1,2,1,2,1,1,1,0
2,26,307,2,1,2,2,1,2,1,2,1,1,1,0
2,307,307,2,1,0,2,1,2,1,1,1,2,1,0
3,266,0,2,1,3,1,2,1,2,2,1,1,2,0
6,266,266,1,1,7,2,2,1,2,2,1,2,4,1
1,266,0,2,2,4,1,2,1,2,2,1,1,1,0
10,266,0,2,1,2,2,1,1,1,1,1,1,3,1
9,266,0,2,6,0,2,3,1,3,3,1,1,4,1
2,266,0,3,4,0,2,2,1,2,2,1,3,2,0
2,307,0,2,2,0,2,1,2,1,2,1,1,3,1
2,266,0,1,1,0,2,1,2,1,2,1,1,2,0
3,307,0,1,1,0,2,2,1,1,2,1,1,3,1
30,179,0,2,5,7,2,1,1,1,2,1,1,1,0
60,179,0,2,2,0,1,1,2,1,1,1,1,1,0
1,265,265,2,1,4,2,2,2,2,2,1,1,2,0
24,39,0,2,1,2,2,1,2,1,3,1,4,1,0
4,266,0,3,2,7,2,2,1,1,3,1,3,4,1
6,265,0,1,2,0,2,1,2,1,3,1,1,4,1
36,307,0,2,2,0,2,1,1,1,1,1,1,3,1
4,141,307,2,1,5,2,1,2,1,2,1,1,1,0
3,307,0,2,3,0,2,1,1,1,1,1,1,4,1
12,307,307,1,1,2,2,2,2,2,2,1,1,4,1
12,307,307,3,2,7,2,1,1,1,3,1,2,4,1
2,266,0,2,4,7,2,1,1,1,1,1,4,2,0
2,307,0,2,2,0,2,1,1,1,1,1,1,3,1
12,264,0,2,1,2,2,3,2,3,3,1,1,4,1
2,266,265,2,5,6,2,2,1,2,2,1,1,1,0
1,307,0,2,1,2,2,2,2,2,2,1,1,3,1
1,285,0,2,7,0,2,2,3,2,2,1,1,2,0
2,307,307,2,1,2,2,2,1,1,2,1,4,4,1
3,307,0,2,2,0,2,1,2,1,2,1,1,2,0
1,247,0,1,6,0,1,2,1,2,2,1,1,4,1
4,266,0,1,1,7,2,1,2,1,2,1,1,2,0
5,266,0,2,2,6,2,2,1,1,2,1,1,4,1
24,266,0,2,4,0,2,1,1,1,2,1,1,2,0
5,307,307,2,4,7,1,1,1,1,1,1,1,1,0
3,266,0,1,1,7,2,2,1,1,2,1,1,2,0
2,266,0,3,1,6,2,2,1,1,2,1,2,3,1
36,299,0,2,6,0,1,1,1,1,1,1,1,2,0
60,103,307,2,1,0,2,1,3,1,1,1,1,2,0
12,307,0,1,2,0,2,2,1,1,2,1,1,4,1
3,307,0,1,1,2,2,2,2,1,2,1,2,2,0
3,307,0,2,2,0,2,1,1,1,2,1,1,4,1
1,307,0,2,5,0,2,1,1,1,2,1,1,2,0
3,266,0,2,1,7,1,1,1,1,2,1,1,3,1
5,266,0,1,1,3,2,3,1,1,1,1,1,0,0
12,307,0,2,2,0,2,3,1,3,3,1,1,4,1
3,266,0,1,6,7,1,2,1,2,2,1,1,2,0
1,109,141,3,1,2,2,1,2,1,2,1,7,4,1
84,69,307,1,5,7,2,3,3,3,2,1,1,3,1
2,307,0,1,2,0,2,1,2,1,2,1,1,1,0
3,307,0,1,1,2,2,1,2,1,2,1,1,2,0
3,292,266,2,5,6,1,2,1,2,2,1,1,2,0
24,266,0,2,2,3,2,1,1,1,1,1,1,1,0
3,266,0,2,1,2,2,1,1,1,2,1,1,2,0
3,307,0,1,5,0,2,1,1,1,2,1,1,1,0
4,307,0,2,7,0,2,1,1,1,2,1,1,3,1
6,307,0,1,2,7,2,1,1,1,2,1,1,4,1
1,307,307,2,1,2,2,2,1,1,2,1,1,2,0
3,307,0,2,2,0,2,1,1,1,2,1,1,1,0
2,265,266,2,6,7,2,1,2,1,2,1,1,2,0
3,265,266,2,1,3,2,2,1,2,2,1,1,2,0
18,189,0,2,1,2,4,1,2,1,1,1,1,1,0
1,307,307,2,1,7,1,2,1,2,2,1,2,2,0
36,307,213,1,7,0,2,3,1,1,1,1,1,4,1
3,264,0,3,1,2,1,2,3,2,2,1,3,2,0
24,109,0,2,3,0,2,1,1,1,1,1,1,1,0
7,307,307,1,1,2,2,1,1,1,3,1,1,4,1
41,283,0,2,1,7,3,1,2,1,1,1,1,4,1
1,307,307,2,1,2,2,2,2,1,2,1,1,3,1
14,292,0,1,2,5,2,1,2,1,1,1,1,2,0
3,307,0,1,1,7,1,3,1,3,3,1,1,2,0
1,307,0,1,1,0,2,2,2,2,2,1,1,1,0
1,307,0,1,1,2,2,3,1,3,2,1,1,3,1
4,307,307,2,7,0,1,1,1,1,1,1,1,4,1
1,266,0,3,1,2,2,2,1,1,2,1,4,2,0
2,266,0,1,1,7,1,2,1,2,2,1,1,3,1
5,78,307,1,1,2,2,1,1,1,2,1,1,1,0
9,141,307,2,1,7,3,1,1,1,1,1,1,4,1
3,266,265,3,3,6,1,2,1,2,2,1,3,2,0
2,307,0,1,2,7,2,1,2,1,2,1,1,2,0
1,307,0,2,1,6,2,2,2,2,2,1,1,2,0
6,307,0,2,2,7,2,1,1,1,1,1,1,4,1
12,307,0,2,4,5,2,1,2,1,1,1,1,3,1
2,307,0,2,1,4,2,2,1,2,2,1,1,2,0
6,266,0,1,1,7,1,3,2,3,2,1,1,4,1
9,292,0,1,7,0,2,1,1,1,2,1,1,1,0
1,264,0,3,5,6,1,2,2,2,2,1,2,2,0
1,284,295,2,1,7,1,2,1,2,2,1,1,4,1
2,266,0,1,6,0,2,2,1,1,2,1,1,4,1
6,285,265,1,6,7,2,1,2,1,2,1,1,2,0
2,307,0,2,3,7,2,2,1,2,2,1,1,2,0
3,141,307,2,5,0,2,1,1,1,1,1,2,2,0
2,266,0,1,1,7,2,2,2,1,3,1,1,4,1
48,169,0,1,2,5,1,1,3,1,3,1,1,3,1
4,243,0,1,6,7,2,2,1,2,2,1,1,4,1
2,307,0,3,2,0,2,2,1,2,2,1,4,4,1
2,307,0,1,1,7,2,2,2,1,2,1,1,2,0
60,307,307,2,1,0,2,3,2,3,3,1,1,4,1
3,307,0,2,2,7,3,3,1,3,2,1,1,3,1
2,266,299,2,2,0,2,2,1,2,2,1,1,2,0
2,307,0,2,1,2,1,1,2,1,2,1,3,4,1
6,307,0,2,2,7,2,1,3,1,1,1,1,3,1
1,266,0,1,1,2,2,1,1,1,2,1,3,2,0
2,307,0,2,1,2,2,1,1,1,2,1,1,3,1
12,39,307,2,1,7,2,1,3,1,1,1,1,3,1
2,266,0,2,2,0,1,3,1,1,2,1,1,2,0
11,307,0,1,1,5,2,1,1,1,2,1,1,4,1
3,243,0,3,1,3,1,2,1,2,2,1,9,3,1
5,307,0,1,1,7,2,1,2,2,2,1,1,4,1
3,243,0,3,2,4,1,2,2,2,2,1,2,4,1
12,42,0,2,1,7,1,1,1,1,1,1,1,2,0
1,265,0,3,1,2,1,2,1,2,2,1,3,1,0
7,307,0,2,2,3,2,1,2,3,1,1,1,4,1
2,265,0,2,1,0,2,2,2,2,2,1,1,2,0
1,307,0,3,1,2,2,2,1,2,2,1,9,3,1
12,265,0,2,1,7,2,3,2,3,3,1,1,4,1
1,299,266,1,1,6,2,2,1,1,2,1,1,2,0
19,307,218,1,1,2,2,1,1,1,2,1,1,4,1
4,266,0,1,1,0,2,1,1,1,2,1,1,2,0
12,60,0,2,6,0,1,3,1,3,3,1,1,2,0
1,307,307,2,2,7,2,2,1,3,2,1,1,1,0
17,189,0,1,1,0,2,1,1,1,2,1,1,2,0
15,285,299,1,3,4,3,1,2,1,2,1,1,3,1
2,307,0,1,2,3,2,2,2,1,2,1,1,3,1
1,266,0,1,3,7,1,2,1,2,2,1,1,4,1
5,266,0,2,2,6,1,1,1,1,1,1,1,2,0
12,103,307,2,1,0,3,1,2,1,2,1,1,2,0
2,307,0,2,2,7,2,1,1,1,1,1,1,3,1
2,307,0,2,1,2,2,2,2,1,2,1,1,0,0
1,307,0,2,1,5,2,2,1,2,2,1,1,1,0
2,265,266,1,2,5,2,2,2,1,2,1,1,0,0
1,285,265,1,5,7,1,2,3,1,2,1,4,1,0
1,307,0,3,2,3,2,1,1,1,1,1,3,2,0
1,307,0,1,5,7,2,2,2,2,2,1,1,2,0
3,268,0,2,2,4,2,2,2,2,2,1,1,3,1
2,266,0,2,6,7,2,2,1,1,2,1,1,1,0
1,266,0,2,1,2,2,2,1,2,2,1,1,4,1
2,307,0,2,1,2,2,3,1,1,2,1,1,2,0
2,185,0,1,1,7,2,2,2,2,2,1,1,2,0
2,199,307,2,1,2,2,1,2,1,3,1,2,3,1
2,266,0,1,1,0,2,2,1,2,2,1,1,1,0
2,307,307,2,7,0,1,2,1,1,2,1,1,3,1
2,266,0,1,1,2,1,2,1,2,2,1,3,1,0
9,147,195,1,7,0,1,1,2,1,2,1,1,1,0
2,307,307,1,2,7,2,2,2,2,2,1,2,1,0
3,285,266,3,4,6,2,2,2,2,2,1,5,1,0
42,307,0,2,1,0,1,1,1,1,1,1,1,4,1
3,307,0,1,2,5,2,2,2,2,2,1,5,3,1
5,307,0,2,5,0,2,1,1,1,2,1,1,2,0
2,292,299,2,2,5,1,2,1,1,2,1,1,2,0
48,266,0,1,5,7,2,2,1,2,1,1,1,3,1
1,247,0,3,1,2,1,2,1,2,2,1,3,3,1
24,307,0,2,2,3,2,1,1,1,1,1,1,4,1
1,307,0,2,1,7,2,3,1,1,2,1,1,4,1
2,266,0,1,1,7,2,1,1,1,2,1,1,3,1
2,307,307,1,5,0,2,2,2,1,2,1,1,4,1
2,307,307,1,1,2,2,1,2,1,2,1,1,1,0
4,307,0,1,4,5,2,2,1,2,2,1,1,4,1
2,265,0,3,1,7,1,2,2,1,2,1,2,2,0
1,307,0,2,1,7,2,3,2,3,2,1,1,3,1
4,307,307,2,1,0,2,1,1,1,2,1,1,4,1
17,307,0,1,1,0,2,1,2,1,1,1,1,4,1
3,307,307,2,1,2,2,2,1,1,2,1,2,4,1
2,307,0,2,1,2,2,2,1,1,2,1,1,4,1
3,266,0,2,4,6,1,2,1,2,2,1,3,2,0
4,292,283,2,5,7,2,2,2,1,2,1,1,2,0
3,266,266,3,2,6,1,2,1,2,2,1,3,3,1
1,266,0,2,6,7,2,3,1,3,3,1,1,0,0
5,265,0,2,1,4,2,1,2,1,2,1,1,3,1
30,307,0,1,1,0,2,1,2,1,1,1,1,4,1
1,307,0,3,1,2,2,2,1,2,2,1,4,1,0
24,307,0,1,1,2,2,1,2,1,1,1,1,1,0
2,307,0,2,1,2,2,1,2,1,2,1,3,3,1
2,266,0,1,2,0,1,2,1,2,2,1,1,3,1
12,307,0,2,1,0,2,1,1,1,1,1,1,4,1
2,307,0,2,1,2,2,2,1,1,2,1,5,4,1
12,266,254,2,1,4,2,3,1,3,3,1,5,4,1
0,307,0,2,2,0,2,1,1,1,2,1,1,3,1
12,264,0,2,6,7,2,1,2,1,2,1,1,2,0
6,213,205,2,1,2,2,1,2,1,2,1,2,4,1
8,266,0,1,1,7,2,2,1,2,2,1,1,3,1
18,285,0,1,7,0,3,1,3,1,1,1,1,3,1
3,307,102,2,1,2,2,3,1,3,3,1,1,3,1
5,303,0,2,2,4,2,1,1,1,1,1,3,4,1
1,266,265,3,3,5,2,3,1,1,2,1,6,1,0
24,307,0,2,2,3,2,1,2,1,1,1,2,4,1
2,266,283,2,1,2,1,2,1,1,2,1,1,2,0
3,299,0,2,1,2,2,2,1,2,2,1,1,2,0
1,307,0,2,2,5,2,2,2,1,2,1,1,1,0
1,266,0,3,2,4,2,2,2,2,2,1,4,2,0
4,265,0,1,7,0,2,1,1,1,2,1,1,4,1
6,307,189,1,2,3,2,1,2,1,1,1,1,3,1
1,307,0,2,2,5,2,2,1,1,2,1,1,1,0
1,265,266,3,1,6,1,2,2,2,2,1,2,1,0
5,200,0,2,2,0,2,2,1,1,2,1,1,1,0
3,307,0,2,5,0,2,2,2,2,2,1,1,3,1
3,307,0,2,1,2,2,2,1,2,2,1,4,4,1
2,266,0,2,1,7,1,1,1,1,2,1,1,1,0
6,265,0,2,3,4,2,2,2,2,3,1,2,4,1
24,307,0,2,2,5,2,2,1,1,1,1,1,4,1
2,109,0,1,2,5,1,3,2,3,3,1,1,0,0
4,307,0,1,1,2,2,1,1,1,2,1,1,4,1
2,307,0,1,1,2,1,1,1,1,2,1,1,4,1
4,292,0,2,2,5,2,2,1,2,2,1,1,4,1
4,307,307,1,3,0,2,1,1,1,2,1,1,2,0
3,128,307,2,1,2,2,1,2,1,2,1,1,3,1
7,307,0,1,3,0,2,1,1,1,1,1,1,3,1
12,109,0,1,3,0,3,3,2,3,2,1,1,2,0
3,265,0,2,2,3,1,1,2,1,2,1,1,4,1
4,266,0,1,3,0,2,2,1,2,2,1,1,1,0
2,266,266,2,2,6,1,1,1,2,2,1,2,3,1
2,307,0,2,2,3,2,1,1,1,2,1,1,3,1
6,266,0,3,5,6,2,2,2,1,2,1,2,1,0
108,266,0,1,1,7,1,2,1,2,2,1,1,0,0
2,307,0,2,1,2,2,1,1,1,2,1,1,2,0
4,266,0,2,7,0,2,2,1,2,2,1,1,1,0
3,266,0,3,1,5,2,2,1,1,2,1,4,4,1
2,247,0,1,6,7,1,2,2,1,2,1,1,1,0
12,307,0,1,2,0,3,1,1,1,1,1,1,0,0
2,292,0,3,5,6,1,2,1,2,2,1,4,1,0
4,266,0,2,4,7,2,2,1,2,2,1,1,0,0
1,218,307,1,2,0,2,2,1,1,2,1,1,2,0
1,307,0,3,1,2,2,2,2,2,2,1,8,1,0
36,307,0,2,2,7,3,1,1,1,1,1,1,4,1
3,306,0,1,1,7,1,1,1,1,2,1,1,4,1
2,254,265,1,1,4,2,2,2,1,2,1,1,4,1
1,307,0,2,2,0,2,2,1,2,2,1,1,3,1
4,266,0,1,5,7,2,3,2,1,3,1,1,2,0
60,247,247,2,1,2,2,1,1,1,2,1,2,1,0
48,69,0,2,3,5,2,3,3,3,3,1,1,3,1
4,307,0,2,4,0,1,2,2,1,1,1,1,3,1
24,266,0,1,5,7,2,1,1,1,1,1,1,3,1
1,266,0,3,1,4,1,2,1,2,2,1,2,1,0
5,265,299,2,5,7,2,2,2,1,2,1,1,1,0
4,307,307,1,2,0,2,1,1,1,2,1,1,3,1
3,266,0,1,5,0,1,2,1,1,2,1,1,1,0
1,265,266,2,2,4,1,2,2,1,2,1,1,3,1
48,307,0,1,2,4,3,3,1,2,2,1,1,4,1
1,307,0,3,1,2,2,2,1,1,2,1,9,3,1
4,266,0,2,3,6,2,2,1,1,1,1,1,2,0
14,265,0,1,1,4,2,1,2,1,2,1,2,4,1
24,82,0,1,2,5,2,3,1,3,3,1,1,1,0
3,299,0,3,2,3,2,2,2,1,2,1,2,2,0
0,266,0,1,1,0,1,2,1,2,2,1,1,4,1
2,307,0,1,7,0,2,1,1,1,2,1,1,1,0
2,241,241,1,1,4,2,2,1,2,2,1,1,2,0
60,247,0,1,1,2,3,1,1,1,1,1,1,1,0
2,266,266,1,2,5,1,3,1,1,2,1,1,2,0
7,307,0,1,1,7,2,1,1,1,1,1,1,3,1
4,307,307,2,1,7,2,1,1,1,2,1,1,4,1
4,266,0,2,1,6,1,1,2,1,2,1,1,1,0
1,307,0,2,1,2,1,2,2,1,1,1,1,4,1
3,307,0,3,1,2,2,2,2,2,2,1,7,2,0
1,266,0,2,1,0,2,2,1,2,2,1,1,2,0
6,266,264,1,4,5,2,3,2,1,3,1,1,1,0
10,307,109,1,3,0,2,2,2,2,2,1,1,4,1
4,299,0,1,6,0,1,1,1,1,2,1,1,1,0
3,266,0,1,1,6,2,1,1,1,2,1,1,4,1
24,307,0,2,2,7,2,1,1,1,1,1,5,4,1
5,307,0,2,1,2,2,1,1,1,1,1,1,3,1
3,266,0,2,5,6,2,1,1,1,1,1,1,4,1
7,307,307,1,1,2,2,1,1,1,3,1,1,4,1
36,50,189,1,1,2,4,1,1,1,2,1,1,2,0
7,285,264,1,1,2,3,1,3,1,2,1,1,1,0
1,307,0,1,7,0,1,2,1,2,2,1,4,1,0
2,307,307,1,2,5,2,1,1,1,2,1,1,3,1
2,307,0,2,1,2,2,2,1,1,2,1,1,2,0
5,266,0,1,1,7,2,2,1,1,2,1,1,1,0
2,50,307,3,1,2,2,2,1,2,2,1,6,4,1
7,252,266,1,2,7,2,1,1,1,2,1,1,1,0
1,299,0,2,1,7,2,2,2,2,2,1,1,2,0
0,114,0,3,3,6,2,2,2,2,3,1,9,4,1
0,307,307,2,1,7,2,2,1,2,2,1,1,2,0
2,266,0,1,4,7,2,1,1,1,2,1,2,1,0
24,307,0,2,3,0,2,1,1,1,1,1,1,4,1
3,265,0,3,1,2,2,3,2,3,3,1,4,3,1
2,307,0,2,1,0,2,1,2,1,2,1,1,2,0
2,307,0,2,2,0,2,1,1,1,2,1,1,2,0
2,307,0,2,2,0,1,3,1,3,2,1,1,0,0
11,266,0,2,1,4,2,1,1,1,1,1,1,3,1
2,265,0,1,4,7,3,2,2,1,3,1,1,2,0
2,266,0,1,1,7,2,2,1,1,2,1,1,2,0
2,307,0,2,1,7,2,2,1,1,2,1,1,3,1
3,266,0,2,2,6,2,3,1,3,3,1,1,4,1
5,266,0,1,3,7,2,1,1,1,1,1,1,3,1
2,307,307,2,1,0,2,1,1,1,3,1,1,4,1
18,266,266,2,1,7,2,1,1,1,1,1,1,4,1
48,195,0,2,6,0,1,1,2,1,1,1,1,4,1
2,266,0,2,1,4,2,2,1,1,2,1,6,2,0
2,265,266,1,6,7,3,1,2,2,2,1,1,2,0
1,266,0,1,1,7,2,2,1,2,2,1,1,3,1
1,265,0,1,6,7,1,2,2,2,2,1,1,1,0
2,266,299,3,1,0,2,2,1,2,2,1,2,1,0
5,266,0,2,1,2,1,1,1,1,3,1,1,3,1
2,266,0,2,5,7,1,2,1,2,2,1,1,1,0
9,307,0,1,1,2,2,1,1,1,1,1,1,4,1
1,266,0,2,1,4,2,2,1,1,2,1,1,1,0
24,266,0,2,2,4,2,2,1,2,1,1,1,4,1
3,307,0,2,1,2,2,1,1,1,2,1,1,4,1
9,264,0,1,1,7,2,2,3,1,2,1,1,4,1
3,307,307,1,1,2,2,1,2,1,2,1,1,1,0
36,307,0,1,2,0,2,1,2,1,1,1,1,0,0
2,265,0,1,1,0,2,3,2,3,3,1,1,4,1
9,266,0,2,5,7,2,2,1,1,2,1,1,1,0
3,266,0,2,2,5,2,2,1,1,3,1,1,1,0
7,307,0,1,1,0,2,1,1,1,2,1,1,4,1
2,265,0,3,2,4,1,2,2,2,2,1,3,2,0
12,292,0,1,2,5,3,2,1,1,2,1,1,3,1
12,285,0,3,1,7,2,1,2,1,2,1,3,1,0
8,307,0,2,1,2,2,1,1,1,1,1,1,3,1
2,289,266,1,1,7,1,2,1,2,2,1,2,3,1
1,247,266,2,1,6,2,2,1,2,2,1,1,1,0
2,307,0,2,1,2,2,2,2,2,2,1,1,4,1
8,307,0,1,2,0,3,3,1,3,3,1,1,2,0
2,307,0,2,2,0,2,2,2,1,2,1,1,2,0
2,266,0,1,1,7,2,2,1,3,2,1,1,1,0
9,307,0,2,2,5,1,1,1,1,1,1,1,3,1
3,266,0,1,1,2,3,2,1,2,2,1,4,1,0
3,265,0,3,1,3,2,3,1,3,2,1,2,1,0
2,307,0,3,1,2,2,2,1,2,2,1,6,1,0
3,265,0,2,1,0,2,1,2,1,2,1,1,3,1
2,292,0,3,2,5,1,2,2,1,2,1,2,1,0
6,254,0,3,1,2,1,2,2,2,2,1,5,4,1
3,189,307,2,1,2,2,1,2,1,2,1,1,1,0
2,0,205,2,2,5,1,2,1,2,2,1,1,3,1
3,307,0,1,1,7,2,1,1,1,2,1,1,1,0
2,265,265,3,1,2,2,2,2,2,2,1,5,1,0
2,307,0,2,2,7,2,1,2,1,3,1,1,4,1
2,307,0,2,1,0,2,1,2,1,2,1,1,1,0
1,307,0,3,1,2,2,3,1,3,3,1,6,4,1
2,307,0,2,2,0,2,1,1,1,2,1,1,2,0
1,265,0,1,1,4,1,2,2,2,2,1,6,4,1
48,206,0,2,2,0,2,1,2,1,2,1,1,4,1
36,205,0,1,5,0,2,1,1,1,3,1,1,3,1
4,265,0,2,2,3,2,2,2,2,2,1,1,3,1
2,265,0,1,3,7,3,2,2,2,2,1,2,2,0
3,266,0,2,1,7,1,2,1,2,2,1,1,0,0
40,266,0,2,1,6,2,1,1,1,1,1,1,4,1
20,218,0,2,2,5,2,1,2,1,2,1,1,2,0
2,307,307,2,1,0,2,2,2,1,2,1,1,2,0
4,247,292,1,6,0,2,2,2,2,2,1,1,2,0
2,242,0,1,6,7,2,1,3,1,2,1,1,3,1
4,307,0,1,1,2,2,2,1,2,2,1,1,1,0
12,179,307,1,2,5,2,1,2,1,1,1,1,0,0
4,306,0,1,1,7,2,1,1,1,2,1,1,2,0
2,266,0,2,3,6,1,3,1,3,3,1,1,4,1
11,20,307,2,1,2,2,2,1,2,2,1,1,2,0
12,266,0,2,4,7,2,3,1,3,3,1,1,2,0
4,266,0,3,1,2,2,1,1,2,1,1,2,4,1
1,307,307,3,2,0,2,2,2,2,2,1,2,2,0
3,247,243,1,4,7,1,3,2,3,3,1,1,4,1
12,264,264,2,6,7,2,2,3,2,1,1,1,4,1
15,265,0,1,3,7,2,1,2,1,2,1,1,1,0
3,264,0,2,7,0,2,1,3,1,1,1,1,2,0
6,266,0,2,3,0,2,2,1,2,2,1,1,4,1
12,266,0,2,2,0,2,2,1,2,2,1,1,4,1
3,307,0,2,1,2,2,1,2,1,2,1,1,3,1
1,307,0,2,2,0,2,2,1,1,2,1,1,3,1
36,179,207,2,5,0,2,1,2,3,1,1,1,0,0
24,307,0,2,7,0,2,1,2,1,1,1,2,3,1
60,122,0,1,2,0,3,1,3,1,1,1,1,1,0
8,307,0,2,1,7,2,1,2,1,1,1,1,4,1
5,266,288,2,3,5,2,2,1,1,2,1,1,4,1
36,119,119,1,1,7,3,1,3,1,2,1,1,1,0
1,266,0,1,1,7,2,2,1,1,2,1,1,1,0
2,307,0,2,1,5,2,1,1,1,2,1,3,3,1
2,266,0,3,1,7,2,2,1,2,2,1,7,2,0
3,266,0,1,7,0,2,3,1,1,2,1,1,2,0
1,266,0,1,1,4,2,2,1,1,2,1,2,2,0
2,266,0,1,6,7,1,3,1,3,3,1,1,1,0
19,285,0,1,1,7,2,1,3,1,1,1,1,1,0
2,307,0,1,2,0,2,1,2,1,2,1,1,2,0
3,265,0,3,1,7,2,2,2,2,2,1,2,1,0
2,266,0,1,5,0,1,2,1,2,2,1,1,4,1
3,265,0,3,1,2,2,2,2,2,2,1,4,3,1
8,307,189,1,1,0,3,1,1,1,1,1,1,2,0
3,265,0,2,4,7,1,2,1,2,2,1,1,1,0
24,307,0,2,1,0,2,1,1,3,2,1,1,2,0
2,266,0,2,4,7,2,1,1,1,2,1,1,3,1
2,307,0,1,1,7,2,2,1,2,2,1,1,1,0
2,307,0,3,1,6,2,1,2,1,2,1,5,3,1
0,50,307,1,1,0,2,2,1,2,2,1,1,2,0
3,266,0,2,1,2,2,1,1,1,2,1,1,4,1
12,307,0,2,2,7,2,2,1,2,1,1,1,2,0
1,307,0,2,2,0,3,2,1,1,2,1,1,4,1
3,266,0,1,1,7,2,1,1,1,1,1,1,4,1
3,292,266,2,2,5,1,2,1,2,2,1,1,1,0
1,266,266,3,1,5,2,1,1,1,2,1,2,2,0
5,78,307,1,1,2,2,1,1,1,1,1,1,3,1
1,307,0,1,1,0,1,2,1,1,2,1,1,2,0
2,307,0,2,1,2,1,2,1,2,2,1,4,1,0
3,307,0,1,2,0,2,1,1,1,2,1,1,3,1
24,285,265,2,1,2,2,3,2,3,2,1,1,3,1
3,266,0,3,2,4,2,1,1,1,3,1,5,4,1
4,179,0,1,2,0,1,1,2,1,3,1,1,2,0
18,265,0,1,7,0,2,1,2,1,1,1,1,2,0
3,307,189,2,1,2,2,1,2,1,2,1,1,1,0
4,266,0,1,1,0,1,2,1,1,2,1,1,4,1
2,265,0,2,1,2,1,2,2,1,2,1,1,3,1
2,195,179,1,1,2,1,2,2,1,2,1,1,1,0
1,307,0,3,2,6,2,2,1,2,2,1,6,4,1
2,307,0,1,1,0,3,1,2,1,2,1,1,4,1
2,307,307,1,2,0,2,1,2,1,2,1,1,3,1
6,307,0,1,3,4,2,2,2,1,2,1,1,2,0
1,307,0,2,5,7,3,2,2,2,2,1,1,1,0
13,307,0,1,1,0,1,1,3,2,2,1,1,4,1
12,265,0,1,2,7,2,1,2,1,1,1,1,1,0
1,265,0,1,1,7,2,2,2,2,2,1,1,2,0
4,266,0,2,7,0,2,2,1,2,1,1,1,4,1
4,103,307,1,1,2,2,1,1,2,2,1,1,2,0
1,307,0,2,1,2,2,2,2,2,2,1,1,3,1
2,305,0,3,1,7,1,1,1,1,3,1,2,3,1
24,266,0,1,6,7,2,2,1,2,1,1,1,4,1
36,207,0,1,2,5,2,3,2,3,3,1,1,4,1
2,266,0,2,2,7,1,2,1,2,2,1,1,1,0
20,303,0,2,1,2,1,1,1,1,1,1,1,2,0
5,307,307,2,5,0,2,1,1,1,2,1,1,2,0
1,266,0,3,4,6,1,2,1,1,2,1,3,4,1
4,307,0,2,1,2,2,1,1,1,1,1,1,4,1
2,266,266,3,1,4,2,2,1,2,2,1,4,4,1
12,307,0,2,1,2,2,2,1,1,2,1,1,2,0
3,307,0,2,2,5,2,2,2,1,2,1,1,2,0
50,60,205,1,2,0,2,2,1,2,1,1,1,4,1
8,69,0,2,3,0,2,1,2,1,2,1,1,3,1
6,266,292,1,1,6,1,1,1,1,3,1,1,4,1
2,266,0,1,1,7,2,2,1,1,2,1,1,2,0
36,103,307,1,1,3,3,3,2,3,3,1,1,1,0
3,307,0,2,1,2,2,2,1,1,2,1,1,3,1
24,292,0,2,1,2,2,3,2,3,3,1,1,4,1
1,266,0,2,6,7,2,2,1,2,2,1,1,1,0
48,218,0,2,2,4,2,2,3,3,3,1,1,3,1
4,265,0,1,1,6,2,1,2,1,1,1,1,4,1
3,307,0,1,1,0,2,2,2,1,2,1,1,1,0
1,307,307,3,1,2,2,2,2,2,3,1,7,1,0
1,307,0,1,1,0,2,2,1,2,1,1,1,4,1
2,179,195,2,2,0,1,2,1,2,2,1,1,1,0
21,264,292,1,5,6,3,1,3,1,2,1,1,4,1
7,266,0,2,5,7,1,1,1,1,1,1,1,4,1
2,307,0,2,1,4,2,1,3,1,2,1,1,2,0
24,152,0,2,2,0,1,3,1,3,2,1,1,2,0
2,307,307,1,2,0,2,1,1,2,2,1,2,2,0
1,299,266,2,1,6,2,1,2,1,2,1,1,3,1
12,307,0,2,2,0,1,1,1,1,1,1,1,3,1
2,266,0,1,2,3,2,2,1,2,2,1,1,2,0
3,266,0,1,3,5,2,2,1,1,2,1,2,1,0
1,299,0,3,2,5,2,1,2,1,1,1,3,1,0
23,265,0,2,1,2,2,2,2,3,3,1,1,4,1
2,266,0,3,1,4,2,2,2,1,2,1,2,3,1
3,307,0,2,2,7,2,1,1,1,2,1,1,1,0
3,265,0,1,6,0,2,2,2,2,2,1,1,4,1
3,173,75,2,7,0,2,2,1,2,2,1,1,3,1
108,266,0,1,3,0,3,1,1,1,1,1,1,3,1
6,266,0,2,4,7,1,1,1,1,1,1,1,3,1
9,179,0,1,1,7,1,1,2,2,2,1,1,4,1
4,307,141,2,5,0,2,2,1,2,2,1,1,3,1
18,307,213,2,3,7,2,1,2,1,1,1,1,2,0
7,266,0,1,6,7,2,2,1,1,2,1,1,4,1
0,307,0,1,5,7,2,3,2,3,3,1,1,4,1
3,266,0,3,2,5,1,2,1,3,2,1,4,3,1
5,266,0,2,1,5,2,2,1,1,2,1,3,4,1
1,11,0,2,2,0,2,2,2,2,2,1,1,4,1
5,103,307,2,1,2,2,1,1,1,1,1,1,2,0
3,307,307,2,2,7,2,1,1,1,2,1,1,3,1
2,307,0,1,1,0,2,1,2,1,3,1,1,4,1
4,307,0,2,1,7,2,2,1,1,2,1,1,3,1
14,128,0,2,2,7,1,1,1,1,2,1,1,1,0
2,307,307,2,1,2,2,3,1,3,3,1,1,2,0
12,307,218,2,2,7,2,1,2,1,1,1,1,2,0
1,265,0,1,1,2,1,2,2,2,2,1,1,1,0
2,283,0,3,1,7,1,3,1,3,3,1,5,4,1
1,307,0,1,2,0,1,2,2,1,2,1,1,2,0
36,307,40,1,2,4,2,3,1,3,3,1,1,3,1
2,266,0,2,2,4,1,2,1,2,2,1,1,1,0
2,307,0,1,2,7,2,2,1,2,2,1,1,3,1
2,283,0,1,1,7,2,2,1,2,2,1,1,1,0
1,307,0,2,1,2,2,3,1,3,2,1,1,3,1
1,250,0,1,1,0,1,2,2,2,3,1,1,2,0
36,307,0,2,1,2,2,1,1,1,2,1,2,3,1
6,265,265,1,4,0,2,2,2,2,2,1,1,4,1
14,307,0,2,1,2,2,2,2,2,2,1,1,4,1
2,307,307,2,2,4,2,2,2,2,2,1,1,2,0
12,292,0,2,2,3,2,3,2,3,3,1,1,4,1
1,266,0,2,1,4,1,2,1,2,2,1,1,4,1
2,307,0,1,1,2,2,2,1,1,2,1,1,4,1
1,307,0,2,2,0,2,2,1,2,2,1,2,2,0
5,292,0,2,7,0,2,2,2,2,2,1,1,3,1
36,265,0,1,6,7,2,1,2,1,2,1,1,4,1
1,307,0,3,1,2,2,2,1,2,2,1,7,2,0
36,264,0,1,7,0,2,2,3,1,2,1,1,4,1
2,292,264,2,1,4,1,2,2,3,2,1,1,1,0
2,265,0,1,1,6,2,1,2,1,2,1,4,4,1
2,307,307,2,2,0,2,1,1,1,2,1,1,3,1
60,307,0,1,2,3,2,1,1,1,2,1,1,1,0
2,266,0,2,1,2,2,2,1,1,2,1,1,3,1
4,307,0,2,5,0,2,1,1,1,2,1,1,3,1
2,247,266,2,2,7,1,2,1,1,3,1,1,0,0
12,266,0,1,2,7,3,2,1,2,2,1,1,3,1
36,266,0,1,1,2,1,2,1,2,2,1,1,1,0
12,307,0,2,2,7,1,1,2,1,1,1,1,2,0
5,264,0,1,4,0,2,2,2,2,2,1,1,1,0
3,266,0,2,2,7,1,2,1,1,2,1,1,3,1
3,247,243,2,1,6,2,2,1,2,2,1,1,0,0
7,266,0,1,1,7,2,1,1,1,2,1,1,2,0
12,266,0,1,1,7,2,3,1,3,2,1,1,4,1
1,265,0,2,6,7,1,3,2,3,2,1,1,2,0
12,266,0,2,2,5,2,2,1,2,2,1,1,4,1
2,266,0,2,4,0,3,2,1,1,2,1,1,2,0
2,266,0,1,7,0,2,1,2,1,2,1,1,2,0
3,266,0,1,1,6,2,2,1,2,2,1,1,3,1
49,205,0,1,2,5,1,1,3,1,1,1,1,2,0
48,266,0,2,2,5,3,1,1,1,3,1,1,4,1
1,266,0,3,4,7,2,2,1,2,2,1,6,1,0
10,266,0,1,1,7,3,2,1,2,2,1,1,2,0
1,264,0,2,3,0,1,3,3,3,3,1,1,1,0
1,78,307,2,1,2,2,3,2,3,2,1,1,3,1
20,195,0,1,1,0,2,3,1,3,3,1,1,1,0
8,265,0,2,1,2,2,3,2,3,1,1,1,1,0
2,266,0,1,3,0,1,2,1,2,2,1,1,3,1
2,307,0,2,2,7,3,1,1,1,1,1,1,2,0
3,109,212,3,1,2,2,3,1,3,3,1,3,2,0
36,307,0,1,2,5,1,1,2,1,1,1,1,2,0
24,265,0,2,1,4,2,1,2,1,1,1,1,4,1
2,266,0,1,4,0,2,2,1,1,2,1,1,2,0
72,109,0,2,5,0,3,1,2,1,3,1,1,3,1
3,265,0,1,5,7,2,3,2,3,2,1,1,3,1
12,307,307,1,2,0,1,1,1,1,2,1,1,4,1
31,266,0,1,6,0,2,2,1,2,1,1,1,4,1
36,179,0,1,5,0,1,1,2,3,1,1,1,1,0
2,266,0,1,1,0,1,2,1,1,2,1,1,4,1
1,266,0,3,1,2,2,2,1,2,2,1,8,1,0
1,283,0,1,1,6,2,2,1,2,2,1,4,2,0
4,239,307,2,1,2,2,1,1,3,2,1,1,3,1
3,266,0,1,7,0,2,2,1,1,2,1,1,1,0
8,42,307,1,5,0,2,1,1,1,1,1,1,4,1
29,251,285,1,4,5,2,1,2,1,2,1,1,0,0
36,128,0,2,2,7,1,3,2,3,3,1,1,2,0
2,307,307,1,1,7,2,1,2,1,2,1,1,1,0
12,265,0,2,4,5,2,3,2,3,1,1,1,4,1
24,307,0,1,3,5,2,1,1,1,1,1,1,4,1
29,266,0,1,1,7,1,1,1,1,2,1,1,4,1
1,206,189,1,1,5,1,2,2,2,2,1,1,1,0
96,207,0,1,2,0,1,3,2,3,2,1,1,4,1
4,266,0,2,3,6,2,2,1,2,2,1,2,3,1
3,307,0,2,2,4,2,1,1,1,2,1,1,3,1
23,265,0,2,1,7,2,2,2,3,3,1,1,4,1
2,307,0,1,1,2,2,2,2,2,2,1,1,2,0
2,307,0,1,2,0,2,2,1,2,2,1,1,1,0
2,307,307,2,2,0,2,1,2,1,2,1,1,3,1
24,307,0,1,5,0,2,1,2,1,2,1,1,2,0
4,262,0,1,1,7,2,2,2,2,2,1,1,2,0
5,266,0,1,1,2,1,1,1,1,2,1,2,4,1
2,266,0,2,1,2,2,1,1,1,2,1,1,2,0
6,60,0,1,7,0,1,1,3,1,1,1,1,2,0
3,307,0,2,2,0,2,3,1,3,3,1,1,1,0
18,266,0,2,6,0,1,1,1,3,1,1,1,0,0
1,307,0,2,1,7,2,3,1,3,2,1,1,3,1
10,266,303,2,1,4,2,1,1,1,1,1,1,3,1
1,266,0,2,6,7,2,1,1,1,2,1,3,2,0
2,307,0,2,7,0,2,2,1,2,2,1,1,4,1
1,307,0,1,4,5,2,2,1,1,2,1,1,2,0
3,266,0,3,1,2,2,2,1,2,2,1,4,3,1
24,307,0,2,2,5,1,3,2,3,3,1,1,1,0
1,307,0,2,2,7,2,2,1,2,2,1,1,1,0
3,266,0,2,1,4,1,1,1,1,2,1,1,2,0
4,307,0,1,2,7,2,1,2,1,2,1,1,3,1
1,307,0,3,1,2,2,2,1,2,2,1,3,4,1
1,266,0,1,1,2,2,2,1,2,2,1,1,2,0
2,265,0,3,1,4,2,2,2,1,3,1,9,3,1
2,141,307,3,1,2,2,2,2,2,2,1,3,1,0
2,213,307,1,2,3,2,2,2,2,2,1,1,3,1
1,266,0,2,7,0,1,2,1,1,2,1,1,3,1
60,179,0,2,5,0,1,1,1,1,3,1,1,1,0
1,266,0,1,4,7,2,2,1,2,2,1,1,1,0
1,266,0,3,4,7,1,2,1,2,2,1,5,1,0
24,265,292,2,1,4,2,1,2,1,3,1,3,4,1
1,266,0,3,3,6,2,2,1,2,2,1,3,2,0
1,15,307,3,1,7,2,2,1,2,2,1,2,3,1
2,266,0,3,1,5,1,2,1,1,2,1,3,2,0
0,50,307,2,2,0,2,2,1,2,2,1,1,3,1
3,266,0,1,5,6,2,2,1,2,2,1,3,2,0
21,307,0,1,1,2,2,1,2,1,2,1,1,4,1
2,307,307,3,1,2,2,2,1,2,2,1,3,4,1
6,307,0,1,2,0,1,1,1,1,2,1,1,4,1
12,307,0,2,2,4,2,1,1,1,1,1,1,2,0
48,179,0,1,4,0,1,1,2,1,1,1,1,3,1
12,266,0,1,2,7,2,1,1,1,1,1,1,2,0
3,307,0,1,1,2,2,1,2,1,3,1,1,2,0
1,266,299,1,3,4,2,2,1,1,2,1,1,1,0
12,307,0,1,1,2,2,1,1,1,2,1,1,4,1
48,265,0,1,1,6,3,3,3,3,3,1,1,4,1
3,152,0,2,2,0,1,1,1,1,2,1,1,1,0
12,265,0,3,1,5,2,1,2,1,1,1,2,4,1
2,307,307,3,2,0,2,2,1,2,2,1,2,4,1
2,307,0,2,2,0,1,3,2,3,3,1,3,2,0
2,307,0,2,2,0,2,1,1,1,2,1,1,4,1
2,266,266,3,1,3,1,2,2,2,2,1,3,2,0
20,265,0,1,6,7,2,1,2,1,1,1,1,1,0
2,218,75,1,1,3,2,1,2,1,2,1,1,3,1
12,264,0,1,4,7,3,3,3,1,1,1,1,3,1
2,266,0,1,3,7,2,2,1,1,2,1,1,1,0
2,307,0,2,2,7,2,1,1,1,2,1,1,3,1
0,307,0,3,1,5,2,2,1,2,2,1,7,3,1
12,265,0,2,4,5,1,3,2,3,2,1,1,2,0
3,299,0,2,1,2,1,1,1,1,2,1,1,4,1
1,70,307,1,1,7,2,2,1,2,2,1,1,1,0
2,288,264,2,2,5,1,2,2,2,2,1,1,4,1
24,76,0,2,1,7,2,1,1,1,3,1,1,1,0
4,299,0,2,1,4,1,2,2,1,1,1,1,1,0
2,266,0,1,6,0,1,2,1,2,2,1,1,2,0
12,307,0,1,5,0,2,1,2,1,2,1,1,3,1
1,307,0,1,1,2,2,3,1,3,2,1,1,3,1
15,266,0,1,1,7,2,1,1,1,1,1,1,4,1
8,292,0,1,7,0,2,2,1,2,2,1,1,4,1
6,266,0,1,1,3,3,1,1,1,1,1,2,4,1
5,264,265,3,3,0,2,2,2,1,2,1,2,3,1
3,266,0,3,1,4,1,1,1,1,2,1,3,2,0
4,307,0,1,2,0,2,1,1,1,2,1,1,3,1
18,266,265,2,2,3,2,2,1,1,2,1,1,3,1
8,141,307,1,1,2,3,2,2,1,2,1,1,4,1
3,254,265,2,1,2,1,2,2,1,2,1,1,2,0
24,307,0,2,1,2,2,1,1,1,1,1,1,4,1
2,266,247,1,2,6,1,2,1,2,2,1,1,0,0
1,307,0,2,7,0,2,2,2,2,2,1,1,3,1
2,266,0,1,2,3,1,2,1,2,2,1,1,1,0
6,266,0,1,1,0,2,3,1,3,3,1,1,2,0
4,264,285,2,2,0,2,2,3,1,2,1,1,2,0
3,266,0,2,1,7,2,3,1,3,3,1,1,2,0
2,307,0,2,1,2,2,1,2,1,2,1,1,4,1
19,78,0,2,1,2,3,1,1,1,2,1,1,2,0
3,307,0,2,1,2,2,3,1,3,2,1,2,3,1
11,266,0,1,1,7,2,1,1,1,1,1,1,4,1
5,307,307,2,1,7,2,1,1,1,1,1,1,4,1
2,307,0,3,1,2,2,2,1,2,2,1,6,4,1
48,182,205,1,1,2,1,1,1,1,2,1,1,4,1
1,307,307,1,2,7,2,2,2,2,2,1,1,1,0
27,179,205,1,6,0,2,3,2,3,2,1,1,1,0
2,266,0,2,5,7,1,2,1,1,2,1,1,0,0
4,266,0,2,1,4,2,2,1,1,2,1,1,1,0
48,218,179,2,5,0,2,1,3,1,1,1,1,3,1
2,146,0,2,2,5,2,2,1,1,3,1,1,3,1
1,307,0,3,1,2,2,2,2,1,3,1,2,2,0
20,147,218,2,7,0,1,1,2,1,1,1,1,1,0
12,307,0,3,2,0,2,3,2,3,3,1,4,4,1
1,266,0,2,2,0,3,2,1,1,2,1,1,2,0
3,266,0,1,1,0,1,2,1,2,2,1,2,3,1
12,306,0,1,1,7,2,3,1,3,1,1,1,3,1
24,189,0,2,1,2,2,1,2,1,1,1,1,1,0
11,264,0,1,1,7,2,2,1,2,2,1,1,4,1
39,296,243,2,2,7,2,1,1,1,1,1,1,4,1
1,307,189,2,1,7,2,1,1,1,2,1,1,0,0
24,307,0,2,2,7,2,3,2,3,3,1,1,4,1
2,307,307,2,2,0,2,1,2,1,2,1,1,4,1
12,307,0,2,5,0,1,1,3,1,3,1,1,3,1
41,218,179,2,3,0,1,2,2,1,3,1,1,2,0
2,307,0,2,1,2,2,2,1,1,2,1,2,2,0
24,307,0,2,2,0,2,1,1,1,1,1,1,4,1
1,307,0,1,1,2,2,2,2,2,2,1,1,2,0
5,265,0,1,4,7,2,1,2,1,2,1,1,4,1
1,307,0,2,1,0,2,2,1,1,2,1,1,3,1
24,179,0,1,5,0,1,1,1,1,3,1,1,4,1
1,265,0,3,2,3,2,2,2,2,2,1,4,1,0
2,266,0,2,1,6,1,2,1,2,2,1,1,4,1
7,266,0,1,1,2,2,2,1,2,2,1,2,4,1
10,266,0,2,1,7,2,2,2,2,3,1,2,4,1
3,266,0,1,4,0,2,1,1,1,2,1,1,3,1
1,285,264,1,3,5,2,2,3,1,2,1,1,2,0
2,266,0,1,1,2,1,2,1,2,2,1,1,2,0
24,218,307,1,3,0,2,2,2,2,2,1,1,4,1
2,189,307,3,1,4,2,2,2,1,2,1,3,1,0
2,307,0,2,1,2,2,1,2,1,2,1,1,1,0
24,307,0,1,2,7,2,2,1,2,2,1,1,3,1
2,141,307,2,2,4,2,2,2,1,2,1,1,2,0
12,307,0,1,1,0,2,1,1,1,1,1,1,3,1
5,266,0,2,1,7,2,1,1,1,2,1,1,1,0
62,20,0,1,1,2,1,1,1,1,1,1,1,3,1
3,307,307,1,1,0,2,2,1,2,2,1,1,0,0
2,307,307,1,1,2,1,2,1,2,2,1,1,3,1
2,299,0,3,1,6,2,1,1,1,2,1,2,4,1
24,266,0,2,1,2,2,2,1,1,2,1,1,4,1
12,218,0,2,6,0,2,3,3,3,2,1,1,2,0
84,179,0,1,1,0,1,1,2,1,1,1,1,4,1
3,307,0,2,1,2,2,3,1,3,2,1,1,2,0
9,206,206,1,7,0,3,1,3,1,2,1,1,2,0
12,307,0,2,1,2,1,2,2,2,2,1,1,4,1
2,265,266,1,1,0,3,2,2,2,2,1,1,2,0
7,266,0,1,1,7,2,3,1,3,2,1,1,4,1
6,307,0,2,2,7,2,1,2,1,2,1,1,3,1
4,266,0,1,7,0,1,1,1,1,2,1,1,3,1
2,289,0,2,1,6,2,1,1,1,2,1,1,0,0
1,189,307,1,1,2,2,2,2,2,2,1,1,1,0
1,266,0,1,1,7,1,2,1,2,2,1,1,2,0
2,307,0,2,5,7,2,2,2,1,2,1,1,1,0
12,266,0,2,1,7,1,1,1,1,2,1,1,4,1
36,205,0,2,3,6,1,3,3,3,3,1,1,1,0
5,307,0,1,1,2,2,1,1,1,2,1,1,1,0
7,265,0,2,1,2,2,2,2,2,2,1,2,3,1
1,307,117,2,1,2,2,1,1,1,1,1,1,4,1
12,167,0,2,7,0,1,1,2,1,3,1,1,2,0
1,307,0,2,2,0,2,2,1,2,2,1,1,1,0
3,307,0,1,1,2,2,1,1,1,1,1,2,3,1
1,266,0,1,6,7,1,2,1,2,2,1,2,1,0
4,265,0,3,1,2,2,3,2,3,3,1,2,4,1
3,218,0,1,1,7,2,2,3,1,1,1,1,1,0
1,285,254,2,3,6,2,1,3,1,2,1,1,3,1
2,266,0,1,3,7,2,2,1,2,2,1,1,2,0
3,266,0,1,1,7,2,1,2,1,3,1,1,2,0
36,307,0,1,2,0,1,3,3,3,2,1,1,1,0
2,307,0,2,2,0,2,2,1,2,2,1,1,1,0
3,20,103,3,1,2,2,2,1,1,3,1,3,2,0
4,262,0,3,1,2,2,2,2,2,2,1,3,3,1
27,307,0,2,2,4,2,1,1,1,2,1,1,2,0
2,307,0,2,2,5,2,1,3,1,2,1,1,3,1
2,266,0,1,2,7,2,2,1,2,2,1,1,0,0
12,266,0,1,2,6,2,2,1,1,1,1,1,2,0
2,264,0,1,1,7,1,2,1,2,2,1,1,2,0
12,265,265,2,2,0,2,1,2,1,1,1,1,4,1
2,307,0,2,1,2,2,1,2,1,2,1,1,3,1
3,266,0,1,5,0,1,2,1,2,2,1,1,2,0
3,299,0,1,4,7,2,3,1,3,3,1,1,2,0
2,307,0,2,2,0,2,2,2,1,2,1,1,1,0
2,307,0,2,2,0,2,3,1,1,2,1,1,2,0
2,307,0,1,2,0,2,1,1,1,2,1,1,2,0
12,307,0,2,2,0,2,3,1,3,3,1,1,4,1
2,307,0,1,1,0,2,1,1,1,2,1,1,1,0
1,307,0,1,1,2,2,2,1,2,2,1,3,2,0
7,218,0,2,1,0,3,1,3,1,1,1,1,4,1
15,213,0,1,7,0,2,3,3,3,3,1,1,2,0
3,307,307,1,1,7,2,1,2,1,2,1,1,4,1
11,307,307,1,5,0,2,1,1,1,1,1,1,0,0
18,178,307,2,5,0,2,1,3,1,1,1,1,3,1
7,213,307,2,2,7,2,3,2,3,1,1,1,3,1
1,307,307,2,3,0,2,2,1,2,2,1,1,2,0
3,307,0,2,1,2,3,3,1,3,2,1,1,3,1
6,266,0,1,7,0,1,1,2,1,1,1,1,4,1
3,307,0,1,1,7,2,2,3,1,2,1,1,4,1
1,307,0,3,1,2,2,2,1,1,2,1,3,2,0
2,307,0,1,1,2,2,1,2,1,2,1,1,1,0
13,303,266,2,1,2,2,1,1,1,2,1,1,4,1
2,307,0,2,1,7,2,1,2,1,1,1,1,4,1
8,307,0,2,2,0,2,1,1,1,1,1,1,4,1
5,307,0,2,1,0,2,3,1,3,3,1,1,4,1
3,266,0,3,7,0,2,2,1,1,2,1,2,2,0
48,266,0,1,1,2,2,1,1,1,1,1,1,2,0
2,307,0,3,1,2,2,2,1,2,2,1,4,4,1
3,266,299,1,1,6,2,2,1,2,2,1,1,2,0
3,307,0,2,1,2,2,1,2,1,2,1,1,1,0
1,307,0,3,1,7,2,3,2,3,3,1,2,3,1
3,265,0,1,1,6,2,2,2,2,2,1,1,4,1
3,266,0,2,2,0,1,2,2,1,2,1,1,2,0
1,266,0,2,1,4,2,2,1,1,2,1,2,2,0
1,307,0,1,1,0,1,2,1,2,2,1,1,2,0
2,307,0,2,1,0,2,2,1,2,2,1,1,3,1
24,307,0,2,1,2,2,1,2,1,1,1,1,4,1
2,307,0,2,2,0,2,2,2,1,2,1,1,4,1
3,265,0,1,1,7,2,1,2,1,2,1,1,2,0
2,266,0,3,1,6,1,2,1,2,2,1,5,3,1
30,195,0,2,6,7,1,1,2,1,2,1,1,3,1
2,254,0,2,1,5,1,1,2,1,2,1,1,3,1
30,152,307,3,3,5,1,3,1,3,3,1,2,1,0
2,265,0,2,1,2,2,1,2,2,2,1,1,4,1
72,205,205,2,5,6,2,3,3,3,2,1,1,0,0
2,265,266,3,1,6,1,1,2,1,2,1,2,3,1
5,304,247,2,6,7,2,2,1,1,2,1,2,4,1
1,307,0,2,5,0,1,2,1,2,2,1,1,2,0
1,266,0,3,2,6,1,2,1,2,2,1,3,3,1
2,205,0,3,1,2,1,2,3,2,2,1,3,1,0
1,299,292,1,1,2,2,2,1,1,2,1,3,2,0
17,251,266,1,1,2,2,1,1,1,1,1,1,2,0
2,266,0,1,2,0,2,1,1,1,2,1,1,3,1
3,266,247,2,4,7,1,1,1,1,1,1,1,2,0
8,103,307,2,1,2,2,2,2,2,2,1,1,2,0
14,265,299,3,3,4,1,2,2,2,2,1,3,4,1
2,307,0,2,2,0,2,1,2,1,2,1,1,2,0
1,266,0,2,1,4,2,2,1,1,2,1,1,3,1
1,307,0,1,2,0,1,2,1,2,2,1,1,3,1
2,307,0,2,2,7,2,3,2,3,2,1,1,3,1
2,266,266,2,1,0,2,2,1,2,2,1,3,2,0
12,266,0,2,2,4,2,1,1,1,1,1,1,4,1
1,307,0,2,2,0,1,2,1,2,2,1,1,1,0
4,266,0,1,6,7,2,2,1,2,2,1,1,2,0
9,307,0,1,1,2,2,2,1,2,1,1,1,3,1
2,307,0,1,1,2,2,2,1,1,2,1,1,2,0
2,266,0,1,5,0,1,2,1,2,2,1,1,2,0
1,254,0,3,1,6,1,2,1,2,2,1,4,1,0
5,266,0,2,7,0,2,2,1,1,2,1,1,3,1
24,179,0,1,2,3,1,1,1,1,1,1,1,1,0
3,307,0,2,1,0,1,2,2,2,2,1,1,4,1
4,266,265,2,1,7,2,1,2,2,2,1,1,2,0
2,307,0,1,7,0,2,1,1,1,2,1,1,3,1
12,195,0,1,1,6,2,1,1,1,1,1,1,1,0
4,76,307,1,1,7,2,1,1,1,2,1,1,2,0
6,207,0,1,1,2,1,1,2,1,2,1,1,3,1
4,307,0,1,2,0,2,1,1,1,3,1,1,4,1
12,266,0,1,6,7,2,2,1,1,1,1,1,4,1
12,307,0,1,3,0,2,2,1,1,2,1,1,4,1
50,205,0,1,6,7,1,1,1,1,1,1,1,4,1
108,189,0,2,1,0,3,3,2,3,3,1,1,4,1
3,285,0,1,5,7,2,1,3,1,2,1,1,1,0
2,307,0,3,5,7,2,1,1,1,2,1,3,3,1
2,265,0,2,1,5,2,3,2,3,3,1,1,4,1
2,307,49,1,7,0,2,1,2,1,1,1,1,3,1
4,307,0,2,2,0,2,2,2,1,2,1,1,4,1
2,266,265,1,1,6,2,1,1,2,2,1,1,1,0
1,307,307,2,2,7,2,2,2,1,2,1,1,1,0
36,307,0,2,2,0,3,1,2,1,1,1,1,4,1
48,307,307,2,1,0,2,2,1,2,2,1,1,4,1
2,307,218,2,1,2,1,2,1,2,2,1,1,4,1
24,218,307,2,5,0,2,1,2,1,1,1,1,4,1
36,266,303,2,1,3,2,1,1,1,1,1,1,2,0
1,307,0,2,1,2,2,1,1,1,2,1,1,2,0
18,307,0,2,4,5,2,1,1,1,1,1,1,4,1
4,266,0,2,5,7,1,1,1,1,1,1,1,1,0
3,266,0,2,2,3,2,3,2,3,3,1,1,1,0
12,266,0,2,1,2,2,1,1,1,1,1,1,3,1
11,266,266,1,1,2,3,1,1,3,3,1,1,4,1
3,141,307,2,2,7,2,3,1,3,2,1,1,2,0
1,307,0,2,1,7,2,2,1,1,2,1,1,4,1
1,307,0,2,1,0,2,3,1,3,2,1,1,3,1
5,265,0,1,1,7,2,3,2,3,1,1,1,4,1
2,265,0,3,1,2,2,2,2,2,2,1,3,3,1
36,20,0,1,1,2,2,3,1,3,1,1,1,1,0
84,97,0,2,2,0,3,1,2,1,1,1,1,4,1
1,307,0,1,1,2,2,2,1,2,2,1,1,2,0
2,254,0,2,1,2,1,2,1,2,2,1,1,1,0
1,307,307,1,7,0,2,2,1,1,3,1,1,1,0
9,307,39,2,2,7,3,1,2,1,1,1,1,2,0
1,266,0,1,1,7,2,3,1,3,3,1,1,0,0
1,266,0,1,1,4,2,2,1,2,2,1,1,4,1
2,307,0,2,1,0,1,1,2,1,2,1,1,2,0
2,307,307,3,1,4,2,2,1,1,2,1,2,4,1
1,266,0,2,3,6,2,2,1,2,2,1,1,1,0
3,141,307,1,1,0,2,2,1,1,2,1,1,2,0
32,182,0,1,1,5,1,1,1,1,2,1,2,1,0
36,141,0,1,2,3,3,1,1,1,2,1,1,1,0
9,253,0,1,6,0,2,3,2,1,3,1,1,4,1
1,307,0,1,1,7,2,1,2,1,3,1,1,4,1
7,205,0,3,2,3,1,1,1,1,2,1,2,1,0
2,307,0,2,1,7,2,2,1,1,2,1,1,2,0
6,266,299,2,6,7,1,2,1,2,1,1,1,0,0
36,109,0,1,3,5,3,1,2,1,2,1,1,4,1
19,72,152,2,5,7,2,1,1,1,1,1,1,4,1
5,266,285,1,2,3,2,2,3,1,2,1,1,1,0
6,266,0,2,1,2,1,1,1,1,1,1,1,3,1
24,282,283,3,1,5,2,2,2,2,3,1,9,4,1
1,307,0,1,1,2,2,2,1,1,2,1,1,2,0
3,266,0,3,1,2,1,2,1,1,2,1,4,3,1
18,69,0,1,3,0,2,1,3,1,2,1,1,3,1
12,266,0,2,1,6,2,1,1,1,2,1,3,1,0
15,266,0,2,1,2,2,2,1,2,2,1,1,2,0
1,307,307,3,1,2,2,2,2,2,2,1,3,4,1
24,266,0,1,6,7,2,3,1,3,1,1,1,2,0
48,307,0,2,1,2,2,2,2,2,2,1,9,4,1
72,128,0,1,2,7,2,1,1,1,1,1,1,4,1
24,189,0,1,1,2,3,3,1,3,1,1,1,2,0
84,195,0,1,1,6,1,1,1,1,3,1,1,3,1
1,265,0,3,2,4,2,2,2,2,2,1,4,1,0
24,307,109,2,2,0,3,1,2,2,1,1,1,4,1
4,292,0,2,2,7,1,1,1,1,2,1,1,2,0
60,189,0,2,1,2,3,1,1,1,1,1,1,3,1
6,307,0,1,2,5,1,1,1,1,2,1,1,4,1
2,307,0,2,7,0,2,2,2,1,2,1,1,2,0
5,265,0,1,4,7,2,1,2,1,2,1,1,3,1
5,299,0,3,5,6,1,2,1,1,2,1,2,4,1
2,307,141,3,2,5,2,2,2,2,2,1,4,2,0
0,265,0,2,1,4,2,2,2,1,2,1,2,3,1
2,307,307,2,1,2,2,2,2,2,2,1,1,1,0
0,266,0,1,1,2,2,2,1,2,2,1,1,4,1
1,266,0,3,1,2,1,2,1,2,1,1,3,1,0
2,266,0,3,1,2,2,2,1,2,2,1,3,4,1
10,265,264,2,1,2,3,2,2,2,2,1,1,1,0
6,75,307,2,2,0,2,1,1,1,1,1,1,4,1
2,307,0,1,1,2,2,1,1,1,2,1,1,2,0
3,264,0,2,1,2,3,1,3,1,2,1,1,1,0
3,266,0,2,1,2,1,2,1,2,2,1,1,3,1
4,265,247,3,1,3,2,2,2,2,2,1,5,2,0
2,307,0,2,1,2,2,3,2,3,1,1,1,4,1
0,50,307,1,2,0,2,2,1,2,2,1,1,3,1
0,307,0,2,1,2,2,2,2,2,2,1,6,4,1
3,266,0,3,2,7,1,2,1,2,2,1,4,0,0
2,266,266,2,1,2,2,2,1,2,2,1,1,3,1
36,265,265,2,1,4,2,1,1,1,1,1,2,4,1
1,307,0,2,1,2,2,1,1,1,2,1,1,3,1
1,307,0,2,1,2,2,2,1,2,3,1,9,1,0
0,266,0,3,1,6,2,2,1,2,2,1,2,0,0
2,307,307,1,2,4,2,2,1,1,2,1,1,4,1
3,307,0,2,7,0,2,1,1,1,2,1,1,2,0
7,266,0,2,3,0,2,1,1,1,1,1,1,2,0
24,205,0,2,1,2,1,1,3,1,2,1,1,0,0
2,307,117,1,1,2,2,1,1,1,2,1,1,2,0
2,307,0,3,2,3,1,2,1,2,2,1,3,3,1
2,266,0,1,2,5,1,2,1,1,2,1,1,2,0
1,141,307,2,1,2,2,2,1,2,2,1,1,2,0
8,179,307,1,7,0,2,3,2,3,3,1,1,2,0
12,307,0,1,1,2,1,3,2,3,3,1,1,0,0
1,265,0,2,7,0,1,2,2,2,2,1,1,3,1
1,307,307,3,1,3,1,2,1,2,2,1,6,4,1
18,307,0,2,1,2,2,1,1,1,1,1,1,4,1
1,307,0,2,1,2,2,2,1,1,1,1,1,4,1
24,266,0,2,6,7,1,1,1,1,1,1,1,2,0
7,241,266,1,1,2,1,2,1,1,1,1,1,3,1
3,307,307,3,1,7,1,2,1,2,2,1,2,4,1
5,266,0,2,2,0,1,1,1,1,1,1,2,2,0
1,218,307,2,2,5,2,2,1,1,2,1,1,2,0
12,266,0,2,2,7,2,1,1,1,1,1,1,2,0
1,246,0,3,1,6,1,2,1,2,2,1,6,2,0
12,307,307,1,1,2,2,1,2,1,1,1,1,4,1
7,303,266,2,2,5,2,1,2,1,1,1,1,0,0
1,283,0,1,5,0,1,2,1,2,2,1,1,4,1
6,266,0,1,2,7,2,1,1,1,2,1,1,3,1
2,265,0,1,2,0,3,2,2,1,3,1,1,0,0
1,266,266,3,2,5,1,2,1,1,2,1,3,4,1
2,266,292,2,1,7,2,2,1,2,2,1,1,2,0
8,78,307,2,1,2,2,1,1,3,1,1,1,3,1
36,190,0,1,1,2,4,1,3,1,2,1,1,2,0
12,266,0,2,5,6,1,1,1,1,1,1,1,1,0
36,266,0,1,1,3,1,1,1,3,1,1,3,4,1
2,307,0,3,1,0,2,2,1,2,2,1,2,2,0
12,307,0,1,2,7,1,3,1,3,3,1,1,4,1
6,266,0,1,6,7,2,1,1,1,1,1,1,3,1
1,189,307,1,1,2,2,2,2,2,2,1,1,1,0
2,307,187,2,7,0,2,2,2,2,2,1,1,2,0
3,307,0,2,1,0,2,3,1,3,3,1,1,4,1
8,307,307,3,1,2,2,1,1,1,3,1,8,4,1
24,243,266,3,1,4,2,3,2,3,3,1,3,4,1
3,266,285,1,1,2,1,2,2,2,2,1,3,4,1
3,299,303,2,1,2,2,2,2,1,2,1,2,1,0
2,307,307,1,2,4,1,1,1,1,2,1,1,3,1
10,289,0,2,1,6,1,3,1,1,2,1,3,1,0
9,307,0,2,2,5,2,1,1,1,1,1,1,4,1
2,266,0,1,2,4,1,2,1,2,2,1,1,1,0
29,266,0,2,2,7,2,3,1,3,2,1,1,4,1
1,243,243,3,2,3,1,2,1,2,2,1,2,1,0
1,252,0,1,1,0,1,2,1,2,2,1,1,1,0
84,109,0,1,3,0,3,3,2,3,3,1,1,4,1
3,266,0,3,1,3,1,2,1,1,2,1,2,1,0
2,265,241,2,6,0,2,2,2,2,2,1,1,2,0
1,307,307,2,2,0,2,2,2,2,2,1,2,3,1
6,243,0,1,2,7,1,2,2,2,1,1,1,2,0
3,39,307,2,1,7,2,1,2,1,1,1,1,3,1
2,307,141,2,2,5,2,3,1,3,3,1,3,4,1
3,266,0,3,4,0,2,2,1,2,3,1,2,1,0
48,207,0,2,1,3,1,1,2,1,1,1,1,1,0
3,265,0,1,3,0,2,2,2,2,2,1,1,2,0
3,266,0,1,6,0,1,2,1,1,2,1,1,4,1
21,254,0,2,1,4,2,1,1,1,1,1,1,4,1
2,266,0,3,3,7,2,2,1,2,2,1,2,4,1
2,265,0,2,1,6,2,2,2,2,2,1,2,1,0
4,265,0,1,4,7,1,2,2,1,2,1,1,3,1
3,141,307,1,1,0,3,3,1,3,2,1,1,0,0
2,307,0,1,5,7,2,1,1,1,2,1,1,1,0
84,109,0,1,2,5,2,1,2,1,1,1,1,4,1
2,307,0,1,1,7,2,1,2,1,2,1,1,2,0
2,307,0,2,2,7,3,2,1,1,2,1,1,1,0
12,75,20,1,1,2,1,1,2,1,3,1,2,0,0
5,307,109,1,1,7,2,2,2,1,2,1,1,3,1
60,205,218,1,1,7,1,1,2,1,2,1,1,1,0
1,307,0,3,2,0,2,2,2,2,2,1,4,3,1
9,195,307,1,2,0,1,1,1,1,2,1,1,4,1
3,307,0,1,2,7,2,1,1,1,1,1,1,3,1
3,265,0,1,1,7,2,1,2,1,2,1,1,4,1
36,76,0,1,1,7,3,1,1,1,2,1,1,1,0
7,307,206,2,1,7,2,1,1,1,2,1,1,4,1
4,307,0,1,1,2,2,3,3,3,2,1,1,1,0
10,243,0,1,1,6,2,1,1,1,2,1,1,3,1
2,266,0,1,1,6,1,2,1,2,2,1,1,4,1
2,266,0,2,1,2,1,2,1,1,2,1,1,2,0
9,307,0,2,7,0,2,1,2,1,3,1,1,4,1
2,307,0,1,1,2,2,1,1,1,2,1,1,4,1
0,307,307,3,1,2,1,2,2,2,3,1,7,3,1
2,266,0,2,4,7,3,2,1,1,3,1,1,1,0
24,243,243,2,6,7,1,1,1,1,1,1,2,2,0
6,241,276,2,1,6,1,3,3,3,3,1,1,3,1
5,307,0,2,2,5,3,2,2,1,2,1,1,1,0
12,266,0,1,1,3,3,1,1,3,1,1,1,2,0
24,266,266,2,1,2,2,2,1,2,2,1,2,4,1
4,307,0,2,1,0,2,1,2,1,2,1,1,4,1
0,266,0,2,3,5,2,2,1,1,2,1,1,1,0
12,266,0,1,1,7,3,2,1,2,2,1,1,4,1
3,307,128,3,1,2,2,1,1,1,2,1,2,4,1
1,266,0,3,1,2,2,2,2,2,2,1,2,1,0
29,266,0,2,1,7,2,3,1,3,1,1,1,4,1
5,307,0,2,2,0,2,1,1,1,2,1,1,4,1
2,266,0,3,1,6,1,2,1,2,2,1,4,1,0
24,42,0,2,1,7,1,1,1,1,1,1,1,3,1
16,307,0,3,2,4,2,3,1,3,3,1,5,4,1
30,299,0,1,3,4,4,1,3,1,1,1,1,3,1
2,266,265,1,6,7,2,1,1,2,2,1,1,2,0
36,307,0,1,2,0,2,1,1,1,2,1,5,4,1
0,307,0,3,1,2,2,2,1,2,2,1,6,2,0
6,266,0,1,1,7,2,1,1,1,1,1,2,4,1
24,265,276,2,6,0,2,2,2,2,2,1,1,4,1
24,307,0,1,1,0,2,1,1,1,1,1,1,2,0
2,307,0,2,5,0,2,2,1,1,2,1,1,4,1
15,249,266,2,5,0,2,1,2,1,1,1,1,4,1
12,141,307,2,2,0,2,1,2,1,1,1,2,4,1
72,288,285,3,2,3,2,1,2,1,1,1,2,1,0
48,266,266,2,2,0,2,1,1,1,1,1,1,4,1
2,307,0,2,2,0,2,1,2,2,2,1,1,1,0
15,205,169,2,7,0,2,1,3,1,2,1,1,1,0
5,307,0,2,2,7,2,1,1,1,2,1,1,3,1
12,307,218,2,1,6,2,1,2,1,1,1,1,4,1
1,307,0,1,1,2,1,2,1,2,3,1,1,2,0
2,307,0,2,1,0,2,1,2,1,2,1,1,1,0
2,307,0,2,1,2,2,2,1,1,2,1,1,4,1
3,266,0,2,1,3,2,2,1,1,2,1,1,2,0
2,266,0,2,3,4,2,1,2,1,2,1,1,1,0
24,264,0,1,7,0,3,2,3,2,2,1,1,2,0
3,266,0,1,1,0,1,2,1,1,2,1,1,2,0
5,307,307,3,1,7,2,3,1,3,2,1,2,1,0
3,102,307,2,1,2,2,2,2,2,2,1,1,1,0
2,307,0,2,2,0,2,2,1,2,2,1,2,2,0
12,213,0,2,1,2,2,1,2,1,1,1,1,3,1
2,307,0,2,1,2,2,2,2,2,2,1,3,1,0
6,266,0,1,2,7,2,1,1,1,2,1,1,4,1
1,266,266,2,1,0,2,2,2,2,2,1,1,4,1
8,307,117,2,1,2,2,1,2,1,1,1,1,4,1
10,75,307,2,1,2,2,1,1,1,1,1,1,2,0
17,307,0,1,5,7,2,1,2,1,3,1,1,4,1
2,265,0,1,1,2,2,2,2,1,2,1,1,3,1
3,285,265,1,6,7,3,2,2,1,2,1,1,1,0
5,307,0,2,2,0,2,1,1,1,1,1,1,2,0
2,307,0,1,1,2,2,2,3,2,2,1,1,0,0
2,266,0,2,2,0,2,2,1,2,2,1,1,1,0
4,307,0,2,1,2,3,1,2,1,2,1,1,1,0
2,307,0,3,1,7,3,2,1,2,2,1,6,3,1
5,307,307,1,1,7,3,1,2,1,1,1,1,2,0
2,307,0,2,1,7,2,2,2,2,2,1,1,2,0
12,266,0,2,6,7,2,3,1,3,1,1,1,1,0
2,307,307,1,2,7,2,2,2,2,2,1,1,2,0
4,243,266,2,2,6,1,2,1,1,2,1,1,2,0
24,307,0,2,1,0,2,1,1,2,1,1,1,4,1
31,307,0,2,3,5,1,1,1,1,1,1,1,4,1
2,307,0,1,1,2,2,2,1,2,2,1,1,1,0
9,307,0,2,1,2,2,1,1,3,1,1,1,2,0
4,266,0,2,2,0,1,1,1,1,2,1,1,4,1
7,266,295,2,4,0,2,1,1,1,1,1,1,3,1
4,266,0,1,6,0,1,1,1,1,2,1,1,2,0
2,307,0,1,2,0,2,2,1,1,2,1,1,2,0
4,307,0,2,1,2,2,2,1,1,2,1,1,2,0
1,307,0,3,1,2,2,2,2,2,2,1,3,2,0
4,265,265,2,7,0,2,1,1,1,2,1,1,4,1
36,266,0,2,1,0,1,1,1,1,1,1,1,1,0
6,307,0,2,1,0,2,1,1,1,1,1,1,3,1
12,266,0,2,1,7,2,2,1,2,2,1,2,4,1
2,307,218,2,1,7,2,2,2,2,2,1,1,2,0
1,266,299,1,1,6,2,2,1,1,2,1,1,2,0
24,307,0,1,1,2,2,1,2,1,1,1,1,3,1
6,266,0,2,1,2,2,2,1,1,2,1,1,2,0
2,266,0,1,2,6,2,1,1,1,2,1,2,3,1
24,307,307,2,2,3,2,1,2,1,1,1,1,4,1
24,307,0,2,1,7,2,1,1,1,1,1,1,3,1
3,306,0,2,1,0,1,2,1,2,2,1,4,4,1
12,266,0,1,3,0,3,1,1,1,2,1,1,3,1
3,266,0,1,1,0,2,2,1,1,2,1,1,2,0
4,307,0,2,2,0,2,2,1,1,2,1,1,2,0
1,307,307,3,1,2,2,3,1,3,3,1,7,4,1
2,307,0,3,2,6,2,2,1,2,2,1,6,4,1
2,307,141,3,2,3,2,1,1,1,2,1,4,2,0
12,307,0,1,5,0,2,1,1,1,1,1,1,4,1
5,266,247,3,1,2,2,2,1,1,2,1,2,3,1
1,307,0,1,1,0,2,2,1,2,2,1,1,3,1
5,307,0,1,2,3,2,3,1,3,3,1,1,4,1
2,307,0,1,2,7,2,1,2,1,2,1,1,3,1
3,266,251,2,1,7,1,1,1,2,2,1,1,4,1
2,266,0,3,1,6,1,2,1,2,3,1,6,4,1
18,266,0,1,4,0,2,1,1,1,1,1,1,4,1
10,266,292,1,6,7,2,1,1,1,1,1,1,2,0
24,266,0,3,4,6,3,1,1,1,1,1,3,4,1
108,76,0,1,1,6,3,1,1,1,2,1,1,4,1
50,109,0,1,3,0,3,1,3,1,2,1,1,1,0
2,266,0,3,1,2,2,2,1,2,2,1,5,3,1
72,307,307,1,2,0,2,1,2,1,1,1,1,4,1
2,266,0,3,1,2,2,2,1,1,2,1,2,3,1
4,307,109,2,1,2,2,2,2,1,2,1,1,4,1
8,266,0,1,5,0,2,1,1,1,1,1,1,2,0
4,265,0,1,3,4,1,2,2,2,2,1,2,4,1
5,266,0,1,2,5,2,2,1,2,2,1,1,2,0
8,218,0,2,5,7,1,1,3,1,3,1,1,2,0
2,307,0,2,1,7,2,2,1,2,2,1,1,2,0
3,307,0,1,3,0,2,1,2,1,3,1,1,4,1
5,266,266,2,2,5,1,2,1,2,2,1,1,2,0
1,266,0,3,1,7,2,2,1,2,2,1,4,2,0
4,266,264,1,1,2,2,2,2,2,2,1,1,2,0
24,179,179,1,7,0,2,1,2,1,1,1,1,4,1
1,265,0,1,1,7,1,2,2,1,2,1,1,1,0
1,307,307,3,1,2,2,2,2,1,3,1,5,4,1
3,265,0,1,4,7,2,2,2,2,2,1,1,1,0
1,307,0,2,1,2,1,2,1,1,2,1,1,2,0
12,307,141,1,2,4,3,2,2,2,1,1,1,2,0
2,307,0,2,1,7,2,2,1,2,2,1,1,3,1
4,307,0,2,1,2,1,2,1,1,2,1,1,4,1
29,266,0,1,6,0,2,1,1,1,1,1,1,3,1
16,266,285,1,7,0,3,1,2,1,1,1,1,4,1
4,307,0,2,2,7,1,2,1,2,2,1,1,4,1
3,78,307,2,1,2,2,1,1,1,1,1,1,0,0
61,266,0,1,7,0,3,1,1,1,1,1,1,4,1
12,307,0,2,5,0,2,1,2,1,1,1,1,3,1
2,307,307,1,1,2,2,1,2,1,2,1,1,1,0
7,266,0,1,6,0,2,1,1,1,1,1,1,3,1
2,266,266,2,1,7,1,1,1,1,2,1,1,3,1
2,307,307,1,2,0,2,1,2,1,2,1,1,2,0
24,241,0,2,2,4,2,3,2,3,3,1,2,4,1
12,303,303,2,2,4,1,1,2,1,2,1,1,1,0
1,307,0,1,1,2,2,3,1,3,3,1,3,2,0
12,307,0,2,2,0,2,1,1,1,2,1,1,4,1
3,266,241,1,1,6,2,1,1,1,2,1,1,4,1
2,266,0,3,1,2,2,2,1,2,2,1,4,2,0
2,266,0,2,1,6,2,1,1,1,2,1,2,2,0
2,292,266,1,5,6,1,3,2,3,3,1,1,1,0
2,307,307,2,1,4,2,1,1,1,2,1,1,2,0
2,266,0,1,6,7,1,2,1,2,2,1,1,2,0
4,266,0,2,4,5,1,3,1,1,2,1,1,3,1
2,266,254,3,1,4,1,2,1,2,2,1,4,3,1
2,213,307,2,2,0,2,2,1,1,2,1,1,2,0
0,307,307,3,2,7,1,2,2,2,2,1,5,4,1
1,266,0,2,1,7,1,3,1,3,3,1,1,4,1
2,266,0,1,1,7,3,2,1,2,2,1,1,2,0
3,266,0,2,6,0,2,2,1,2,2,1,2,3,1
1,266,0,1,6,7,2,2,1,2,2,1,1,0,0
36,20,0,1,1,2,2,1,1,1,2,1,1,4,1
3,307,307,2,1,2,2,1,2,1,2,1,1,3,1
5,266,0,1,1,0,2,2,1,1,1,1,1,4,1
3,243,0,2,2,0,1,1,1,1,2,1,1,2,0
8,266,0,1,1,0,2,1,1,1,2,1,1,3,1
1,307,0,2,2,0,2,2,2,2,2,1,1,2,0
1,265,0,1,4,5,3,2,2,2,2,1,1,1,0
2,218,307,1,2,0,1,2,2,1,2,1,1,1,0
24,307,0,1,2,0,1,1,2,1,2,1,1,3,1
8,266,247,2,2,0,2,1,1,1,2,1,5,4,1
3,265,0,1,1,6,2,2,2,2,2,1,1,4,1
8,69,69,1,2,4,2,2,3,1,2,1,1,1,0
2,307,0,3,1,4,2,2,2,1,2,1,4,1,0
1,307,0,2,1,0,2,2,1,2,2,1,1,3,1
2,307,0,1,1,2,2,1,1,1,2,1,1,2,0
2,307,203,2,1,2,2,2,2,1,2,1,1,2,0
30,218,307,1,2,7,2,1,2,1,1,1,1,4,1
1,307,0,2,2,7,2,1,2,1,2,1,1,2,0
1,266,0,3,2,4,1,2,2,2,2,1,5,2,0
1,307,0,1,1,2,2,2,1,2,2,1,1,2,0
2,72,0,2,2,0,2,1,2,1,2,1,1,2,0
18,307,0,1,2,0,2,1,1,1,2,1,1,3,1
1,307,0,3,1,2,2,2,2,1,2,1,3,1,0
1,307,307,3,2,5,2,2,2,2,1,1,5,4,1
4,307,0,2,2,0,2,1,1,1,1,1,1,2,0
5,76,307,2,1,6,3,1,1,1,2,1,1,4,1
8,254,0,2,1,2,1,3,1,3,1,1,1,4,1
3,264,0,3,1,4,2,2,3,2,2,1,4,1,0
1,265,0,1,1,2,2,3,2,3,3,1,1,0,0
7,266,0,2,1,6,2,1,1,1,1,1,1,4,1
1,307,0,2,1,2,2,2,2,2,2,1,1,2,0
2,266,0,3,1,2,2,2,1,2,2,1,4,3,1
36,265,0,2,1,3,2,1,2,1,1,1,1,4,1
36,244,0,1,3,0,3,3,2,1,2,1,1,4,1
13,265,265,2,7,0,2,1,2,1,2,1,2,2,0
2,303,0,2,1,2,1,1,2,1,3,1,1,4,1
2,307,307,2,2,7,2,2,1,1,2,1,1,2,0
11,266,0,3,1,4,2,3,1,3,2,1,9,4,1
3,266,0,2,2,4,2,2,1,1,2,1,1,3,1
6,179,0,1,7,0,1,1,2,1,2,1,2,1,0
1,266,0,3,1,2,2,2,1,2,2,1,2,2,0
4,307,0,1,1,7,2,1,1,1,2,1,1,4,1
1,266,0,1,3,0,2,2,1,2,2,1,1,2,0
2,307,0,2,1,2,2,1,1,2,2,1,1,4,1
8,307,0,1,1,0,2,2,1,2,2,1,1,4,1
1,241,0,2,5,0,1,3,1,1,3,1,1,4,1
24,109,0,1,3,0,3,3,2,3,1,1,1,2,0
3,296,292,2,2,5,2,2,1,1,2,1,1,4,1
24,141,307,2,2,3,3,2,1,2,2,1,1,4,1
2,285,264,2,1,4,2,2,3,1,2,1,1,2,0
1,266,0,2,1,2,1,2,1,2,2,1,1,1,0
36,103,0,2,1,2,4,3,1,3,3,1,1,2,0
0,218,0,2,1,0,1,3,2,3,3,1,1,3,1
13,264,285,2,1,3,2,1,3,1,2,1,1,2,0
9,266,0,1,1,6,2,1,1,1,1,1,2,4,1
1,265,0,3,1,6,1,2,1,2,2,1,5,1,0
4,266,0,1,1,2,1,1,2,1,2,1,2,4,1
22,266,0,2,2,7,2,1,2,1,1,1,1,2,0
24,307,0,2,1,3,2,3,1,3,2,1,1,4,1
84,103,307,2,1,4,2,1,2,1,1,1,1,4,1
1,307,0,2,1,2,3,2,1,2,2,1,1,1,0
4,266,0,1,4,7,2,2,1,1,2,1,1,2,0
3,266,0,1,1,6,2,2,1,1,2,1,1,2,0
7,266,0,2,2,7,2,1,1,1,2,1,1,3,1
7,266,0,1,4,7,2,1,1,1,2,1,1,2,0
60,307,0,1,1,5,3,3,3,3,3,1,1,3,1
12,266,266,3,1,2,1,2,1,2,2,1,3,2,0
12,266,0,2,1,2,1,3,2,3,3,1,1,4,1
24,266,0,2,2,4,2,2,1,2,1,1,1,4,1
2,266,0,3,5,6,2,2,2,2,2,1,4,2,0
14,307,0,2,1,2,2,1,2,1,1,1,1,3,1
2,307,0,3,1,2,2,2,1,2,2,1,2,2,0
3,266,0,1,4,7,2,2,1,2,2,1,3,1,0
4,285,299,1,4,0,1,2,2,1,2,1,3,4,1
24,307,0,2,1,3,2,1,2,1,1,1,1,4,1
3,266,0,1,6,7,1,2,1,1,2,1,1,1,0
3,307,0,1,1,2,2,1,2,1,2,1,1,3,1
2,306,0,2,1,7,2,1,1,1,2,1,1,2,0
1,266,0,3,1,4,2,2,1,2,2,1,2,2,0
2,307,0,1,1,2,2,3,1,3,3,1,1,2,0
2,307,0,1,2,7,2,2,1,2,2,1,4,4,1
2,39,188,1,1,2,2,1,1,1,2,1,2,2,0
16,307,0,1,2,7,2,1,1,2,2,1,1,3,1
3,307,0,2,1,4,2,1,2,1,2,1,1,4,1
2,266,265,2,2,3,2,3,1,3,3,1,1,3,1
12,307,0,1,1,2,2,3,2,3,3,1,1,4,1
3,266,0,2,7,0,1,1,1,1,2,1,1,1,0
3,307,0,1,1,2,2,1,2,1,2,1,1,3,1
1,266,0,2,1,7,1,2,1,2,3,1,1,3,1
3,266,254,2,1,4,1,1,1,1,2,1,1,2,0
24,307,307,2,7,0,1,1,1,1,1,1,1,2,0
7,307,0,2,1,2,2,2,2,1,2,1,2,4,1
1,307,307,1,1,7,2,2,2,1,2,1,1,1,0
48,307,190,1,2,7,3,1,1,1,1,1,1,4,1
2,266,0,1,7,0,2,2,1,1,2,1,1,1,0
4,266,0,2,1,5,1,2,1,2,2,1,1,2,0
1,282,283,3,1,4,1,2,3,2,2,1,4,0,0
18,103,0,2,1,2,3,1,1,1,1,1,1,1,0
2,307,0,2,5,0,2,3,1,3,2,1,1,2,0
2,254,0,1,4,7,1,2,2,2,2,1,1,2,0
4,266,0,1,1,0,1,2,1,1,2,1,1,3,1
5,299,0,1,1,2,2,1,2,1,2,1,1,4,1
0,307,0,1,1,0,2,1,1,1,1,1,1,1,0
2,307,0,2,2,0,1,2,1,2,2,1,1,2,0
1,307,0,2,1,2,2,2,2,2,2,1,1,1,0
1,307,0,2,2,0,2,3,2,2,3,1,1,3,1
1,265,0,1,5,6,2,1,2,1,2,1,1,2,0
10,307,103,1,2,0,2,1,2,2,2,1,1,2,0
4,307,307,3,2,0,2,1,1,1,2,1,2,4,1
2,307,0,2,1,2,2,3,1,3,2,1,1,0,0
12,307,0,1,5,0,2,3,2,3,2,1,1,1,0
30,307,0,1,1,0,2,1,2,1,1,1,1,2,0
5,299,0,1,1,2,2,1,1,1,2,1,1,4,1
11,307,141,2,5,0,2,2,2,1,1,1,1,4,1
5,243,252,3,6,7,2,3,1,3,3,1,2,2,0
1,265,0,3,1,4,1,2,2,2,2,1,4,2,0
36,189,307,1,1,0,3,3,1,3,3,1,1,4,1
60,307,0,1,3,0,2,1,2,1,1,1,1,4,1
4,266,306,3,1,7,1,2,1,2,2,1,4,2,0
4,307,0,2,1,2,2,1,2,1,1,1,3,4,1
2,307,307,2,2,4,2,1,2,1,2,1,1,1,0
7,285,291,2,2,5,2,2,1,2,2,1,1,0,0
0,307,0,2,1,0,2,3,1,3,3,1,1,4,1
2,307,0,2,1,2,1,3,1,3,3,1,1,4,1
60,69,0,1,5,0,2,1,3,1,1,1,1,3,1
3,307,0,1,1,7,2,2,1,2,2,1,1,2,0
2,303,306,2,1,2,1,2,1,2,2,1,1,1,0
1,292,0,3,1,3,1,2,1,2,2,1,9,2,0
96,83,0,2,2,0,2,1,2,3,3,1,1,4,1
3,265,0,2,3,5,2,2,2,2,2,1,1,3,1
24,307,307,2,1,2,2,3,2,1,3,1,1,3,1
36,189,307,2,1,0,3,3,1,3,3,1,1,4,1
2,307,0,1,1,0,2,1,1,1,2,1,1,2,0
2,266,0,3,1,2,2,1,1,1,2,1,2,3,1
12,307,0,2,2,5,2,3,1,3,3,1,1,2,0
9,267,0,1,2,6,2,1,2,2,1,1,2,2,0
2,265,0,2,7,0,1,1,2,1,2,1,1,2,0
3,266,0,2,1,7,2,3,1,1,2,1,1,3,1
12,307,0,2,2,0,2,2,1,1,1,1,1,3,1
2,306,266,2,1,7,1,2,1,1,2,1,1,1,0
3,266,0,1,6,7,2,2,1,1,2,1,1,3,1
1,307,0,3,2,5,2,1,1,1,1,1,3,2,0
12,264,0,2,1,6,2,1,2,1,2,1,1,2,0
3,60,307,1,1,3,1,2,1,2,2,1,2,2,0
28,307,0,1,1,2,3,3,2,3,3,1,1,4,1
2,307,0,2,1,0,2,2,2,2,2,1,1,3,1
4,292,265,2,1,5,2,1,2,3,2,1,1,0,0
2,307,218,1,1,7,2,2,1,2,2,1,1,3,1
4,307,0,2,1,2,2,2,1,1,3,1,1,4,1
3,307,307,2,2,0,2,1,1,1,2,1,1,2,0
36,307,0,1,3,4,2,2,2,2,2,1,1,4,1
2,307,307,3,1,2,2,2,2,1,1,1,6,4,1
2,307,0,3,1,2,1,2,2,2,2,1,9,4,1
1,307,0,2,2,0,2,2,1,2,2,1,1,3,1
3,307,0,2,1,7,2,1,2,1,2,1,1,1,0
9,276,0,2,4,7,3,1,2,1,2,1,1,2,0
3,276,303,2,1,2,2,2,3,2,2,1,1,2,0
1,243,243,3,6,7,2,2,2,2,2,1,2,2,0
2,307,0,2,1,2,2,1,1,1,2,1,1,3,1
8,276,285,2,3,7,2,2,2,2,2,1,1,1,0
2,265,265,3,1,6,1,2,2,2,2,1,4,2,0
2,307,0,2,2,7,1,1,1,1,1,1,1,4,1
2,307,0,2,2,0,2,2,2,1,2,1,1,3,1
2,254,0,3,1,4,2,2,2,2,2,1,2,1,0
2,103,307,1,2,0,2,1,1,1,1,1,1,1,0
2,266,0,2,6,0,2,2,1,1,2,1,1,4,1
4,249,293,2,1,2,2,2,3,2,2,1,1,3,1
72,109,0,2,3,5,3,1,3,1,1,1,1,4,1
3,85,307,1,1,7,2,3,1,3,2,1,1,2,0
72,179,0,1,2,5,2,3,1,3,3,1,1,4,1
5,265,0,2,6,0,2,1,2,1,3,1,1,4,1
48,307,0,2,5,0,3,1,1,1,1,1,1,3,1
2,307,0,2,1,0,2,2,1,2,2,1,1,4,1
2,141,307,1,1,0,3,3,2,1,3,1,1,1,0
0,266,0,1,1,0,1,3,1,3,3,1,1,4,1
12,266,0,1,1,7,3,1,1,1,1,1,1,1,0
6,266,0,2,6,0,1,2,1,1,1,1,1,3,1
28,215,0,1,2,0,3,1,2,1,2,1,1,3,1
1,266,266,2,1,2,1,2,1,2,2,1,1,3,1
72,307,0,2,1,2,2,1,1,1,1,1,1,4,1
1,307,307,1,2,0,2,2,1,1,2,1,1,2,0
2,265,0,1,2,4,1,2,2,3,2,1,1,2,0
9,218,307,1,3,5,2,1,1,1,2,1,1,2,0
2,307,0,2,1,0,2,2,1,2,2,1,1,4,1
2,307,307,2,1,0,2,2,2,1,2,1,1,2,0
2,266,0,2,1,7,2,2,1,1,1,1,1,2,0
82,189,0,1,1,0,3,1,1,1,1,1,1,0,0
9,266,0,2,1,7,3,1,1,1,1,1,1,2,0
9,279,0,2,1,0,2,1,3,1,2,1,1,4,1
2,307,0,2,3,0,2,1,1,1,2,1,1,4,1
17,307,0,2,2,5,1,2,1,1,1,1,2,4,1
2,265,265,3,4,0,1,2,2,2,2,1,3,3,1
9,200,0,1,3,0,2,1,1,1,2,1,1,1,0
24,307,0,2,1,0,2,1,2,1,1,1,1,3,1
17,307,0,2,4,0,3,1,1,1,3,1,1,4,1
4,266,0,1,4,7,1,2,1,1,2,1,1,1,0
1,307,307,1,2,0,2,1,2,1,2,1,1,3,1
5,307,0,2,1,0,2,1,1,1,2,1,1,2,0
24,266,0,2,1,7,2,2,1,1,2,1,4,4,1
18,173,0,1,6,0,2,1,1,1,2,1,1,3,1
5,307,0,2,2,0,2,1,2,1,1,1,1,3,1
36,78,0,1,1,0,2,1,1,1,1,1,1,2,0
10,266,0,1,7,0,2,1,1,1,1,1,1,4,1
4,128,218,2,2,7,1,3,1,3,3,1,1,4,1
2,307,307,2,5,0,2,2,2,1,2,1,1,2,0
2,266,0,2,2,4,2,2,1,2,2,1,1,2,0
7,266,0,2,2,7,2,2,1,2,2,1,1,1,0
12,307,0,1,2,0,2,1,1,1,1,1,1,4,1
8,173,0,2,2,7,3,1,1,1,2,1,1,4,1
1,307,307,2,1,2,2,2,2,2,2,1,1,1,0
7,303,0,2,1,4,2,1,2,1,1,1,1,4,1
19,307,0,2,1,0,2,1,1,1,2,1,1,4,1
24,254,0,2,1,2,2,1,1,1,1,1,1,4,1
2,306,241,3,1,6,1,3,1,3,3,1,3,4,1
9,307,307,2,2,0,2,1,1,1,1,1,1,4,1
3,109,307,1,5,0,3,1,3,1,2,1,1,0,0
2,266,0,2,1,2,1,2,1,2,2,1,1,3,1
60,195,0,1,1,7,2,1,1,1,1,1,1,2,0
12,189,307,1,1,2,2,1,2,2,1,1,1,4,1
2,266,0,1,3,0,2,2,1,2,2,1,1,1,0
4,307,0,1,1,2,2,2,2,1,2,1,1,2,0
2,307,0,1,2,7,2,2,1,1,2,1,1,2,0
1,306,0,1,1,7,2,2,2,2,2,1,1,1,0
1,307,307,2,1,2,2,1,2,1,2,1,1,3,1
2,266,0,1,7,0,1,2,1,2,2,1,1,2,0
4,276,0,1,4,5,3,1,3,1,2,1,1,1,0
6,292,0,1,6,0,2,1,1,1,2,1,1,1,0
2,307,187,1,1,0,3,2,1,1,2,1,4,3,1
27,179,0,2,1,0,2,1,2,1,2,1,1,2,0
2,307,0,2,1,2,2,1,1,1,1,1,1,2,0
3,265,0,1,7,0,2,3,2,3,3,1,1,1,0
0,243,0,3,2,0,1,2,1,2,2,1,3,1,0
2,265,0,3,1,2,1,2,1,2,2,1,3,3,1
6,265,0,1,1,0,2,1,3,1,1,1,1,4,1
1,307,0,2,1,2,2,2,2,2,2,1,1,2,0
2,307,0,2,1,2,2,2,1,1,3,1,1,4,1
1,265,0,1,5,7,2,2,2,2,3,1,1,3,1
3,307,307,1,1,7,2,2,1,2,2,1,1,1,0
8,266,0,1,2,7,2,1,1,1,1,1,1,3,1
22,20,0,1,2,5,2,1,1,1,2,1,1,3,1
60,147,0,1,7,0,1,1,3,1,1,1,1,2,0
2,266,0,3,1,7,2,2,1,2,2,1,5,2,0
6,307,0,1,1,0,2,1,1,1,2,1,1,4,1
3,265,0,2,5,0,1,1,2,2,2,1,1,1,0
96,266,0,2,2,3,2,1,1,1,1,1,1,3,1
4,266,0,1,2,0,2,2,1,1,1,1,1,2,0
37,299,0,3,3,0,2,1,1,1,1,1,2,2,0
2,299,0,2,1,7,2,2,1,1,2,1,1,1,0
4,307,0,2,1,2,2,2,1,2,2,1,1,0,0
3,307,0,2,5,0,2,2,1,1,2,1,1,1,0
1,266,0,1,1,0,1,3,1,3,3,1,1,2,0
2,307,307,2,1,0,2,2,2,2,2,1,1,4,1
36,266,0,2,7,0,2,1,1,1,1,1,1,1,0
1,307,0,3,1,2,2,2,2,2,2,1,5,4,1
10,254,0,2,2,4,2,2,1,2,2,1,1,4,1
4,266,0,2,6,0,1,2,1,1,1,1,1,3,1
3,307,307,2,1,2,2,2,1,1,2,1,2,1,0
1,266,0,2,2,4,1,2,1,2,2,1,1,2,0
1,307,0,1,2,7,2,2,2,2,2,1,1,2,0
24,307,0,2,5,0,2,1,2,1,1,1,1,2,0
1,307,307,1,1,2,2,2,2,1,2,1,1,2,0
2,307,78,1,1,2,2,1,1,1,2,1,1,3,1
5,266,0,2,1,0,2,1,1,1,1,1,1,4,1
26,307,307,1,2,0,3,1,1,1,1,1,1,4,1
3,307,0,2,2,0,1,1,1,1,2,1,1,3,1
2,266,0,1,3,0,2,1,1,1,2,1,1,1,0
2,254,243,3,1,6,3,2,2,1,2,1,3,4,1
24,295,0,1,3,0,2,1,2,1,2,1,1,4,1
19,266,0,2,3,7,3,1,1,1,1,1,1,1,0
3,307,0,3,1,2,2,2,1,2,3,1,6,4,1
1,266,0,3,1,6,2,2,1,2,2,1,4,1,0
60,218,0,2,2,7,1,1,2,1,3,1,1,2,0
3,284,247,1,5,6,3,2,1,1,2,1,2,1,0
12,307,0,1,4,0,2,3,1,1,3,1,1,4,1
56,205,0,1,1,2,1,1,1,1,2,1,1,1,0
18,266,0,2,3,7,1,1,1,1,1,1,1,2,0
2,285,266,3,1,3,1,3,2,3,3,1,3,4,1
2,307,0,2,2,0,2,2,1,1,2,1,2,3,1
2,285,266,3,1,2,3,2,2,2,2,1,2,2,0
1,307,0,3,1,2,2,2,1,2,2,1,2,2,0
2,307,307,3,1,2,2,2,1,2,2,1,5,2,0
1,266,0,3,2,3,1,2,1,2,2,1,4,4,1
1,307,0,1,1,2,2,1,1,1,2,1,1,3,1
8,266,299,2,2,0,2,1,1,1,1,1,1,4,1
2,307,0,2,2,7,2,2,1,2,2,1,6,4,1
1,307,307,1,1,7,2,1,2,1,2,1,1,1,0
36,251,264,1,1,2,3,1,2,1,1,1,4,4,1
3,307,0,2,1,2,1,1,1,1,2,1,1,4,1
2,307,307,2,1,2,2,2,2,1,2,1,1,1,0
12,307,0,1,5,0,2,3,1,3,3,1,1,1,0
2,266,0,2,1,7,1,2,1,1,2,1,1,1,0
4,307,0,1,1,0,2,1,1,1,2,1,1,3,1
1,307,0,2,1,7,2,2,1,2,2,1,1,2,0
4,266,0,2,5,7,2,1,1,1,1,1,1,2,0
3,141,307,2,7,0,2,1,1,1,2,1,1,2,0
8,292,0,3,1,4,2,1,1,1,3,1,2,4,1
1,307,0,2,7,0,2,2,1,2,2,1,1,3,1
1,307,307,2,2,7,2,2,2,1,2,1,1,1,0
6,307,0,1,3,0,1,1,1,1,1,1,1,4,1
1,292,292,1,5,7,1,2,1,2,3,1,2,4,1
17,205,218,2,5,6,1,1,2,1,2,1,1,1,0
7,307,109,1,2,3,2,1,2,1,1,1,1,3,1
0,266,0,1,3,4,1,2,1,2,2,1,1,1,0
17,265,0,1,1,7,2,1,2,1,1,1,1,3,1
2,307,307,2,1,2,2,3,2,3,3,1,4,4,1
1,307,0,1,7,0,2,2,1,2,2,1,1,1,0
1,307,0,2,1,2,2,2,1,2,2,1,4,4,1
1,307,0,3,1,2,2,2,2,2,2,1,5,1,0
2,307,0,1,2,0,1,1,1,1,1,1,1,4,1
5,266,0,1,1,2,2,3,1,3,3,1,1,1,0
9,307,0,2,1,2,2,1,1,1,1,1,1,3,1
1,307,0,2,2,7,1,2,1,2,2,1,1,4,1
3,218,307,1,2,7,2,2,1,2,2,1,1,2,0
1,266,265,3,1,6,1,2,2,2,2,1,5,2,0
2,307,307,1,5,0,2,2,2,1,2,1,1,1,0
64,205,0,2,2,0,2,3,2,3,3,1,1,2,0
2,76,76,3,1,2,1,1,2,3,3,1,5,0,0
2,307,307,2,1,7,2,3,1,1,3,1,1,2,0
3,307,0,2,1,2,2,2,1,2,2,1,1,4,1
12,305,0,2,3,5,2,3,2,1,1,1,1,3,1
4,307,0,1,1,2,2,1,1,1,3,1,1,4,1
2,265,265,1,1,2,2,2,2,2,2,1,2,1,0
2,265,266,2,2,6,2,2,1,2,2,1,1,2,0
6,266,0,1,3,7,2,2,1,1,2,1,1,3,1
12,266,0,1,5,7,1,3,1,1,1,1,1,2,0
2,307,0,2,2,0,2,2,1,2,2,1,1,2,0
24,265,265,3,2,4,2,1,2,3,3,1,6,2,0
4,307,307,3,2,3,1,3,1,3,3,1,5,4,1
2,307,0,2,1,2,2,2,2,1,2,1,1,1,0
1,254,0,2,1,2,1,2,2,2,2,1,2,0,0
7,292,285,2,1,3,2,2,2,2,2,1,1,4,1
12,307,0,1,4,0,2,3,1,3,3,1,1,4,1
3,307,307,3,1,7,2,2,1,2,2,1,3,4,1
4,266,266,3,2,4,1,1,1,1,2,1,4,4,1
1,307,0,2,1,2,2,2,1,2,2,1,2,1,0
2,307,0,2,3,0,2,2,2,2,2,1,1,2,0
3,141,192,2,2,7,3,1,1,1,2,1,1,3,1
3,266,0,2,1,6,2,2,1,1,2,1,1,1,0
18,307,307,1,4,0,2,2,2,2,2,1,1,4,1
2,307,0,3,1,2,2,2,1,2,2,1,2,3,1
24,264,0,2,2,0,2,1,3,1,1,1,2,1,0
2,307,0,1,1,2,2,2,2,2,2,1,1,2,0
1,307,0,3,1,2,2,2,1,2,2,1,6,4,1
2,307,0,1,1,0,2,2,1,1,2,1,1,1,0
1,307,0,1,2,0,2,2,2,2,2,1,1,1,0
3,266,0,3,1,2,2,1,1,1,2,1,5,3,1
0,307,0,2,2,0,2,2,1,2,1,1,1,1,0
4,307,0,2,5,0,2,1,1,1,1,1,1,2,0
0,307,0,3,1,2,2,2,1,2,2,1,8,2,0
7,307,0,2,1,2,1,1,1,2,1,1,4,2,0
4,297,0,2,1,2,2,2,2,2,2,1,2,2,0
60,141,307,1,5,7,2,1,2,1,1,1,1,3,1
4,265,0,1,1,2,1,3,2,3,3,1,1,1,0
3,307,103,2,1,0,2,1,2,1,2,1,1,2,0
3,265,0,2,4,7,2,2,2,2,2,1,1,1,0
2,266,0,2,1,6,1,3,2,3,3,1,1,3,1
1,266,0,1,1,2,1,2,1,2,2,1,1,4,1
3,264,0,2,5,0,2,2,3,2,2,1,1,2,0
4,266,266,1,1,7,2,1,2,1,2,1,1,4,1
3,247,247,3,1,6,2,2,2,1,3,1,2,4,1
12,265,0,2,4,5,2,2,2,2,2,1,1,2,0
3,141,307,1,1,0,2,1,1,1,2,1,1,2,0
1,307,0,3,1,2,3,2,1,2,2,1,4,2,0
8,251,254,2,2,0,2,1,2,1,2,1,1,3,1
2,307,307,2,2,0,2,2,1,1,2,1,1,2,0
108,265,0,1,1,7,2,1,2,1,1,1,1,3,1
60,141,0,2,3,4,3,3,1,3,3,1,1,3,1
8,266,0,2,1,0,2,1,1,1,1,1,1,4,1
2,307,0,2,2,0,1,1,1,1,2,1,1,2,0
12,266,266,1,1,7,2,1,1,1,2,1,1,4,1
3,307,307,2,2,0,2,2,1,2,2,1,3,4,1
16,218,307,2,1,2,2,1,1,1,1,1,1,4,1
2,307,0,2,1,2,3,1,1,1,2,1,1,2,0
12,266,0,1,1,6,3,2,1,1,1,1,1,4,1
36,179,0,1,2,0,2,1,3,1,2,1,1,2,0
6,266,0,1,3,7,2,1,1,1,2,1,1,1,0
3,307,0,1,1,0,3,1,1,1,2,1,3,4,1
2,265,0,2,1,4,2,2,2,1,3,1,1,2,0
5,266,266,2,3,4,1,1,1,1,2,1,2,3,1
48,128,0,1,2,7,2,1,1,1,2,1,1,3,1
2,307,0,3,1,2,2,2,2,1,2,1,6,2,0
1,307,0,1,1,2,2,2,1,2,2,1,1,1,0
3,266,0,3,1,6,2,1,1,1,2,1,3,3,1
17,307,0,1,1,2,2,2,1,2,2,1,1,4,1
2,307,0,1,1,2,2,1,1,1,2,1,1,3,1
0,307,0,1,1,0,2,1,1,1,1,1,1,2,0
1,266,0,3,2,7,2,2,1,1,2,1,3,1,0
2,307,0,1,1,2,1,2,2,2,2,1,3,1,0
84,264,0,2,5,6,2,3,3,3,3,1,1,2,0
3,307,0,2,2,7,2,1,1,1,2,1,1,3,1
2,307,307,2,2,0,2,1,2,1,2,1,1,1,0
1,307,0,2,1,2,2,1,2,1,2,1,1,1,0
18,155,155,1,5,7,3,2,2,1,2,1,1,2,0
13,292,0,2,6,0,2,1,1,2,2,1,1,4,1
1,243,0,2,1,7,1,2,1,2,2,1,1,1,0
36,307,0,1,1,2,2,2,1,2,2,1,1,3,1
11,307,307,2,1,5,2,1,2,1,1,1,1,4,1
3,307,0,3,2,5,2,2,2,2,2,1,2,2,0
2,266,0,1,3,6,1,2,1,1,2,1,2,2,0
1,303,0,2,1,2,1,2,2,2,2,1,1,2,0
2,307,0,2,1,7,2,2,1,1,2,1,1,2,0
12,307,0,2,1,2,2,1,1,1,1,1,1,3,1
1,265,0,2,3,0,2,2,2,2,2,1,1,2,0
10,292,268,3,2,3,2,2,1,2,2,1,3,2,0
10,266,0,2,6,7,1,2,1,1,2,1,1,4,1
1,285,265,1,4,0,1,2,2,2,2,1,1,1,0
0,307,307,3,1,7,2,2,1,2,2,1,5,2,0
12,307,0,1,1,0,2,1,3,1,1,1,1,4,1
4,307,0,2,1,5,2,2,1,1,2,1,1,3,1
6,265,292,1,1,0,2,1,2,1,1,1,2,2,0
2,307,0,1,1,2,3,2,1,2,2,1,1,3,1
5,254,0,2,1,2,1,1,1,1,1,1,1,4,1
1,218,307,2,2,7,2,1,1,1,2,1,1,3,1
12,307,0,1,1,3,2,2,2,2,1,1,1,3,1
1,307,0,1,1,2,2,2,1,2,2,1,1,2,0
2,307,0,2,5,0,2,1,2,1,2,1,1,4,1
1,307,0,3,1,0,2,2,1,2,2,1,6,3,1
24,307,0,2,2,0,2,3,2,3,1,1,9,4,1
29,205,195,1,1,2,1,1,2,1,2,1,1,4,1
9,307,0,2,5,0,2,2,1,2,1,1,1,3,1
3,307,0,2,2,3,2,1,2,1,2,1,1,2,0
3,265,0,3,3,7,1,2,2,2,2,1,2,2,0
2,307,141,1,4,5,2,3,1,3,3,1,4,1,0
2,307,218,2,1,7,2,1,2,1,2,1,1,3,1
1,307,0,2,2,5,1,2,1,2,2,1,6,3,1
12,266,0,2,3,0,1,1,1,1,1,1,1,3,1
2,307,0,2,2,7,2,1,2,1,2,1,1,2,0
2,307,0,1,2,4,2,1,2,1,2,1,1,3,1
18,266,266,2,6,0,2,1,1,1,1,1,1,4,1
36,218,152,1,1,7,2,1,1,1,1,1,1,2,0
3,307,307,2,1,0,2,2,1,2,3,1,2,4,1
1,307,0,3,2,5,2,3,1,3,3,1,3,3,1
18,292,0,2,2,0,2,2,1,1,1,1,1,2,0
3,266,266,3,4,6,1,2,1,1,2,1,3,1,0
1,265,264,1,5,7,1,2,2,2,2,1,1,2,0
2,266,0,1,6,7,2,2,1,2,2,1,1,2,0
2,266,0,1,1,6,1,2,2,1,3,1,1,2,0
2,307,307,1,1,2,2,1,2,1,2,1,1,1,0
48,266,0,1,1,7,3,1,1,2,1,1,1,2,0
1,307,0,1,1,3,2,2,2,2,2,1,2,3,1
1,266,303,2,1,2,3,2,1,1,2,1,1,2,0
1,266,0,1,1,6,1,2,1,2,2,1,1,1,0
1,266,0,2,1,2,2,2,1,2,2,1,1,1,0
2,266,0,2,1,7,2,2,1,1,2,1,1,1,0
3,266,0,2,1,4,1,2,1,2,2,1,1,3,1
8,307,0,1,1,2,2,1,2,1,1,1,2,3,1
8,266,288,2,5,7,1,2,2,2,2,1,2,2,0
2,307,307,1,2,7,2,1,2,1,2,1,1,1,0
16,265,0,2,1,7,2,2,2,1,2,1,1,2,0
2,265,266,2,7,0,2,2,2,1,2,1,1,3,1
12,266,0,1,7,0,3,3,1,3,2,1,1,4,1
3,266,0,1,5,0,2,1,1,1,2,1,1,1,0
1,265,0,3,1,7,2,2,2,2,2,1,2,4,1
3,265,0,2,1,4,2,2,2,2,2,1,1,3,1
5,264,0,1,3,0,2,2,2,1,2,1,1,1,0
24,307,173,1,7,0,2,2,1,2,2,1,1,3,1
0,266,0,3,1,6,2,2,2,2,2,1,3,2,0
1,307,0,2,2,3,2,2,1,2,2,1,1,2,0
5,266,0,2,1,7,1,1,1,1,3,1,1,3,1
2,98,307,1,2,7,2,3,1,3,2,1,1,3,1
2,266,0,2,1,7,2,1,1,1,2,1,1,2,0
24,50,0,3,2,0,3,3,1,3,3,1,2,1,0
60,195,0,1,1,6,1,3,1,3,2,1,1,1,0
6,218,179,3,5,7,2,1,2,1,3,1,3,1,0
2,307,307,2,1,2,2,1,1,2,2,1,3,4,1
9,307,0,1,7,0,2,1,1,1,1,1,1,3,1
2,307,307,2,5,0,2,2,2,1,2,1,1,2,0
2,283,0,3,1,2,1,3,1,3,3,1,3,4,1
1,265,266,3,1,2,2,2,2,2,2,1,2,1,0
1,265,266,2,1,3,1,2,2,1,2,1,1,0,0
11,266,0,2,3,6,2,1,1,1,1,1,1,1,0
2,266,0,2,3,0,1,2,1,2,2,1,1,2,0
3,266,0,2,3,7,2,2,1,2,2,1,1,4,1
1,265,266,2,1,4,2,2,2,2,2,1,1,3,1
1,307,0,2,1,2,2,3,2,3,3,1,1,4,1
24,266,0,1,2,0,2,2,1,1,1,1,1,3,1
8,264,0,1,4,7,2,2,3,1,2,1,1,2,0
18,218,307,2,1,2,2,1,3,1,1,1,1,3,1
2,307,0,2,1,2,2,2,1,1,2,1,2,2,0
2,213,307,2,7,0,2,1,1,1,2,1,5,4,1
2,307,307,2,2,0,2,1,2,1,2,1,3,1,0
3,266,0,1,1,2,2,2,1,2,2,1,1,3,1
50,195,0,2,1,6,1,1,2,1,3,1,1,3,1
8,307,0,1,3,5,2,1,1,1,1,1,1,3,1
2,266,0,1,1,2,1,2,1,2,2,1,1,1,0
2,265,0,1,2,7,1,2,2,2,2,1,1,1,0
2,266,0,2,1,4,1,2,1,2,2,1,1,4,1
2,307,0,2,1,2,2,1,1,1,2,1,2,4,1
2,307,0,2,1,7,1,2,2,1,2,1,1,4,1
3,249,0,1,6,7,3,2,2,1,2,1,1,3,1
1,307,0,2,1,0,2,2,1,2,2,1,1,2,0
2,31,307,2,1,7,2,1,1,1,2,1,1,2,0
4,266,265,2,3,7,2,1,1,1,2,1,1,2,0
2,239,307,2,1,2,2,3,1,3,2,1,1,2,0
36,307,0,1,7,0,2,1,1,1,2,1,1,4,1
48,307,218,1,1,0,1,1,2,3,1,1,1,3,1
1,266,0,3,1,4,1,2,1,2,2,1,3,1,0
3,266,0,2,5,6,1,2,1,2,2,1,1,1,0
48,147,0,1,7,0,1,1,2,1,3,1,1,4,1
7,266,0,2,2,4,2,2,1,1,1,1,1,3,1
2,300,0,1,4,7,1,1,1,1,2,1,3,1,0
3,266,0,3,5,6,2,2,1,2,2,1,4,3,1
1,307,0,1,1,0,2,1,1,1,2,1,2,2,0
1,300,0,3,2,7,1,3,2,3,3,1,4,4,1
7,78,307,2,1,2,3,3,1,3,1,1,1,3,1
2,307,0,2,1,0,2,1,1,1,2,1,1,4,1
4,266,0,2,6,7,2,1,1,1,3,1,2,4,1
3,26,307,1,1,2,2,1,1,1,3,1,1,1,0
1,307,0,1,1,2,2,2,1,2,3,1,1,4,1
1,307,307,2,7,0,2,1,2,1,2,1,1,3,1
15,307,307,2,7,0,2,1,1,1,1,1,1,4,1
53,179,0,1,2,5,1,1,2,1,3,1,1,2,0
3,307,307,2,1,0,2,1,1,1,3,1,2,1,0
2,307,0,2,2,7,2,2,1,2,2,1,1,3,1
48,20,0,1,1,2,2,1,2,1,1,1,1,4,1
11,307,0,1,2,7,2,1,1,1,1,1,1,2,0
24,189,0,2,1,0,3,1,1,1,2,1,1,3,1
2,265,0,1,2,3,2,2,2,2,2,1,1,1,0
4,254,0,2,1,2,2,2,2,1,2,1,1,1,0
4,266,0,1,1,2,1,1,1,1,2,1,1,2,0
18,179,0,1,2,0,2,1,2,1,3,1,1,3,1
13,265,278,2,3,7,2,1,2,1,1,1,1,4,1
1,266,0,2,2,6,1,3,1,3,2,1,1,4,1
24,307,307,2,2,0,3,1,1,1,3,1,1,4,1
24,299,0,2,1,6,2,2,2,1,1,1,1,4,1
12,266,0,2,4,0,2,2,1,2,2,1,4,1,0
12,307,76,2,1,7,3,1,1,2,1,1,1,4,1
2,266,266,1,1,7,2,3,1,3,3,1,1,3,1
30,266,0,2,1,7,1,1,1,1,1,1,1,2,0
4,141,307,2,1,0,2,1,1,1,2,1,1,1,0
3,266,266,2,1,7,1,2,1,2,2,1,1,4,1
2,307,0,2,1,7,2,1,2,1,2,1,1,2,0
72,205,0,2,3,7,1,1,3,1,1,1,1,1,0
2,307,307,2,2,0,2,2,1,1,2,1,1,3,1
2,305,266,1,7,0,1,2,1,2,2,1,1,4,1
3,307,0,2,2,3,2,1,1,1,1,1,1,4,1
24,296,292,1,5,0,1,1,1,1,1,1,1,4,1
1,307,0,2,1,2,2,2,1,2,2,1,1,4,1
1,307,307,2,2,0,1,2,1,2,2,1,3,1,0
3,307,0,1,1,2,2,2,1,2,2,1,1,4,1
2,264,0,2,6,7,2,1,3,1,2,1,2,1,0
2,303,266,3,1,2,2,2,1,2,2,1,2,4,1
2,265,0,2,1,6,2,2,2,1,2,1,1,3,1
4,307,0,1,2,6,3,1,1,1,2,1,1,2,0
36,307,0,1,5,6,1,3,2,3,3,1,1,2,0
12,241,0,3,1,2,2,3,1,3,3,1,6,2,0
1,307,0,1,2,7,1,2,2,2,2,1,1,2,0
5,266,0,2,2,0,2,2,1,2,2,1,1,4,1
2,307,0,1,2,0,2,2,2,2,2,1,1,3,1
24,295,295,3,1,2,2,3,2,3,3,1,5,4,1
12,173,307,2,2,0,2,1,1,1,1,1,1,3,1
12,306,0,1,1,0,1,1,2,1,1,1,1,2,0
2,307,0,2,2,0,2,2,2,2,2,1,1,2,0
36,205,0,2,2,5,1,1,3,1,3,1,1,4,1
20,266,292,2,2,5,1,2,1,1,1,1,1,4,1
2,266,0,1,1,6,2,1,1,1,2,1,1,0,0
10,128,129,1,2,7,2,1,1,1,2,1,1,4,1
1,307,0,2,1,0,1,2,1,2,2,1,1,2,0
84,141,0,1,1,0,3,3,1,3,3,1,1,3,1
10,218,0,1,2,0,2,2,2,1,2,1,1,3,1
3,307,0,1,1,2,2,2,1,2,2,1,1,2,0
3,307,0,1,1,2,1,1,1,1,2,1,1,1,0
2,141,307,1,2,0,2,1,1,3,2,1,1,3,1
12,266,0,2,3,0,2,1,1,1,1,1,1,1,0
3,307,0,2,1,0,2,2,1,2,1,1,1,4,1
2,265,0,1,4,0,3,2,2,1,3,1,1,2,0
84,205,0,1,2,6,1,1,3,1,1,1,1,2,0
12,264,0,2,6,7,2,3,3,3,2,1,1,1,0
10,266,292,2,7,0,2,2,1,1,2,1,1,3,1
12,266,0,2,6,0,3,1,1,2,2,1,1,1,0
6,307,0,2,2,0,2,1,1,1,1,1,1,3,1
84,205,169,1,5,0,1,1,3,1,1,1,1,3,1
8,299,0,2,3,0,1,2,2,2,2,1,1,4,1
3,265,0,3,2,4,2,2,1,2,2,1,4,3,1
8,307,0,1,2,0,3,1,1,1,2,1,1,3,1
5,266,0,1,1,2,1,1,2,1,2,1,1,4,1
8,266,0,2,1,2,1,2,1,2,2,1,1,4,1
1,307,0,1,1,7,2,2,2,2,2,1,3,1,0
18,266,0,1,1,7,2,1,2,1,1,1,1,3,1
1,266,0,1,6,7,1,2,1,2,2,1,1,3,1
2,307,0,2,1,0,2,2,1,2,2,1,3,4,1
12,292,0,1,2,5,2,1,1,1,2,1,1,2,0
2,266,0,1,1,0,1,2,1,2,2,1,1,4,1
24,307,0,2,7,0,3,3,1,3,1,1,1,4,1
60,266,0,1,4,0,2,1,2,1,1,1,1,1,0
3,141,307,2,2,7,2,1,1,1,2,1,1,3,1
4,307,0,1,1,7,2,1,1,1,1,1,1,4,1
14,189,0,1,1,2,3,1,1,1,2,1,1,3,1
2,264,0,2,1,3,2,2,3,2,2,1,4,2,0
12,299,0,1,2,0,2,1,2,1,2,1,1,3,1
10,141,109,2,1,7,2,1,2,1,2,1,1,1,0
2,266,0,1,4,7,1,2,2,2,2,1,1,1,0
3,307,307,1,1,6,2,1,2,1,2,1,1,2,0
1,15,307,2,1,7,2,2,1,2,2,1,1,3,1
3,266,0,1,1,6,1,3,2,3,3,1,1,3,1
12,83,0,2,3,0,1,3,2,3,3,1,1,3,1
4,218,307,1,5,7,2,1,1,1,2,1,1,1,0
4,307,0,1,2,0,2,1,1,1,2,1,1,4,1
48,307,307,1,1,7,3,1,1,1,1,1,1,2,0
2,307,307,2,1,2,2,1,2,1,2,1,1,2,0
4,264,0,3,1,0,1,2,3,2,2,1,2,1,0
12,266,0,2,3,0,2,1,1,1,1,1,1,4,1
3,307,0,2,1,2,2,2,1,2,2,1,1,4,1
60,307,0,1,7,0,1,3,2,3,3,1,1,2,0
2,307,307,2,2,0,1,3,1,3,3,1,1,4,1
10,307,0,2,2,3,2,1,1,1,1,1,1,4,1
3,266,0,1,3,4,2,2,1,2,2,1,1,1,0
12,299,0,3,1,3,2,3,1,3,2,1,4,1,0
2,265,0,1,1,6,3,2,2,1,3,1,1,2,0
5,266,0,2,6,7,1,3,1,1,1,1,6,1,0
1,307,0,3,2,7,1,2,1,2,2,1,3,1,0
3,307,0,2,2,7,2,1,2,1,2,1,1,2,0
12,307,307,2,2,4,2,1,2,1,1,1,1,0,0
1,266,266,3,1,6,1,2,1,2,2,1,5,1,0
36,266,0,1,1,7,3,3,2,1,1,1,1,4,1
1,307,0,2,2,0,2,1,1,1,3,1,1,2,0
48,307,0,2,6,0,3,1,2,1,1,1,1,4,1
2,266,0,2,1,0,1,2,1,2,2,1,2,4,1
48,179,0,2,2,5,1,1,2,1,1,1,1,3,1
3,307,0,2,2,0,2,2,1,2,2,1,1,1,0
12,266,0,2,2,3,2,1,1,1,1,1,1,4,1
2,64,307,3,2,5,2,2,1,1,2,1,4,3,1
24,307,0,2,5,0,2,1,2,1,1,1,1,4,1
3,307,0,2,2,0,2,1,1,1,2,1,1,3,1
2,264,0,1,3,7,2,2,3,1,2,1,1,4,1
2,266,0,3,1,5,1,3,1,3,3,1,8,4,1
2,266,0,1,6,0,2,2,1,2,2,1,3,1,0
1,307,0,1,1,0,2,2,1,2,2,1,1,1,0
55,20,0,1,1,4,2,1,1,1,1,1,1,2,0
8,266,266,1,1,0,2,2,1,2,1,1,1,1,0
4,266,0,1,4,0,2,2,1,2,2,1,1,3,1
2,307,0,2,6,0,2,3,1,3,3,1,1,3,1
3,307,0,2,1,4,3,3,1,1,3,1,1,4,1
3,266,0,1,4,7,1,2,1,1,2,1,1,1,0
18,307,218,2,1,5,1,3,3,1,3,1,1,1,0
3,307,0,3,1,2,2,1,1,1,2,1,3,2,0
0,307,0,3,1,2,1,2,1,2,2,1,9,1,0
4,266,0,1,3,0,2,2,2,2,2,1,1,1,0
36,307,0,1,2,5,2,1,1,1,3,1,1,4,1
2,307,307,1,2,0,2,2,2,1,2,1,1,3,1
2,265,0,2,3,0,1,1,1,1,2,1,1,2,0
7,307,0,2,2,0,2,2,1,1,1,1,1,2,0
60,179,0,2,5,0,1,1,2,1,1,1,1,4,1
29,307,0,1,2,0,2,3,2,3,3,1,1,4,1
1,307,0,1,1,2,2,2,1,2,2,1,1,2,0
2,307,0,2,5,0,2,1,2,1,2,1,1,3,1
4,307,0,2,2,0,3,1,3,1,2,1,1,3,1
3,266,0,1,1,4,1,2,1,2,2,1,5,4,1
3,266,0,2,1,0,1,2,1,2,2,1,1,4,1
2,266,0,2,1,5,1,2,1,2,2,1,1,2,0
11,307,307,1,2,6,2,2,2,2,2,1,1,4,1
12,266,0,2,1,7,2,1,2,2,1,1,1,4,1
6,307,0,2,1,7,2,3,1,3,3,1,1,1,0
1,266,0,3,2,5,1,2,1,1,2,1,2,1,0
2,307,0,1,1,2,3,3,1,3,2,1,1,2,0
2,307,307,1,1,0,2,1,2,1,2,1,1,1,0
18,307,72,1,5,0,2,1,1,1,2,1,1,4,1
60,285,266,1,3,5,2,1,3,1,1,1,1,3,1
7,266,0,3,1,2,2,2,1,2,2,1,6,3,1
2,307,307,2,2,0,2,1,1,1,2,1,1,2,0
2,307,307,2,1,2,2,2,2,2,1,1,1,4,1
1,307,0,1,1,2,2,2,2,2,2,1,1,1,0
18,307,307,1,1,2,2,2,1,2,1,1,1,2,0
3,307,0,3,4,0,2,1,2,1,1,1,2,3,1
1,307,0,3,1,2,1,2,1,2,3,1,2,3,1
2,307,0,1,1,2,2,2,2,2,2,1,2,3,1
2,307,0,1,2,0,2,1,2,1,2,1,1,2,0
2,307,0,2,5,0,2,3,1,3,2,1,1,3,1
8,307,0,1,5,0,2,1,2,1,1,1,1,2,0
2,307,0,3,1,2,1,2,2,2,2,1,7,4,1
12,179,0,1,5,0,1,2,2,2,2,1,1,1,0
6,266,266,2,1,4,2,2,1,1,2,1,1,4,1
2,265,265,3,1,2,1,2,1,2,2,1,4,1,0
2,299,0,1,1,7,2,2,1,1,2,1,1,2,0
1,307,0,2,2,5,2,2,1,2,2,1,1,2,0
108,205,0,2,2,7,1,3,2,1,3,1,1,3,1
5,266,0,3,1,7,2,2,1,2,2,1,5,4,1
2,307,0,2,2,7,2,1,1,1,2,1,1,3,1
8,307,0,2,2,0,2,1,2,1,1,1,1,4,1
2,266,266,3,1,2,2,2,1,2,2,1,2,2,0
4,266,299,1,1,6,1,2,1,2,2,1,1,2,0
2,299,0,1,1,6,1,2,2,2,2,1,1,1,0
3,299,0,3,2,6,1,2,2,2,2,1,2,4,1
4,265,0,1,6,7,1,2,2,2,2,1,1,1,0
84,100,0,1,3,7,2,1,1,1,2,1,1,2,0
7,205,178,1,2,0,2,1,1,1,3,1,1,1,0
4,264,0,3,1,3,2,2,3,2,2,1,3,1,0
1,307,0,2,1,2,2,1,1,1,2,1,1,2,0
2,265,0,2,1,3,2,1,1,1,2,1,1,3,1
36,205,205,1,2,5,1,1,3,1,1,1,2,1,0
20,266,243,2,1,6,3,2,2,2,1,1,1,4,1
1,307,0,2,4,0,2,1,1,1,2,1,1,4,1
24,307,0,3,1,5,2,2,1,1,3,1,5,4,1
10,307,0,1,1,0,2,1,1,1,1,1,1,1,0
2,307,0,2,6,0,2,2,1,2,2,1,1,0,0
2,266,0,2,2,7,2,2,1,2,2,1,1,3,1
2,307,0,2,1,2,2,1,1,1,2,1,1,2,0
2,307,0,3,1,2,2,2,1,2,2,1,2,2,0
2,265,0,1,2,7,1,2,2,1,2,1,1,3,1
2,307,0,3,1,2,2,2,1,2,2,1,9,3,1
36,231,307,2,7,0,1,3,3,3,1,1,1,3,1
2,307,141,2,2,0,2,1,2,1,2,1,1,0,0
3,307,213,2,2,7,1,1,2,1,2,1,1,1,0
24,266,0,1,2,4,3,1,1,1,2,1,1,1,0
2,307,0,1,7,0,2,2,1,1,3,1,1,4,1
2,307,0,1,2,0,2,1,2,1,2,1,1,3,1
4,266,0,2,3,7,1,2,1,1,2,1,1,3,1
3,307,0,3,1,2,2,3,2,3,2,1,4,2,0
7,307,0,2,2,0,2,1,1,1,2,1,2,4,1
5,265,0,3,4,6,2,2,2,2,2,1,2,4,1
3,307,0,3,1,7,2,2,1,2,2,1,2,4,1
4,266,0,1,5,0,2,1,1,1,2,1,1,3,1
2,307,0,3,1,2,2,2,1,2,2,1,4,2,0
2,264,264,3,6,7,2,2,3,1,2,1,2,1,0
54,178,0,1,2,5,1,3,2,3,3,1,1,2,0
2,307,0,2,1,3,2,3,1,3,3,1,6,4,1
1,266,266,3,1,6,2,2,2,1,2,1,2,2,0
5,266,0,1,1,0,2,1,1,1,2,1,1,2,0
1,266,0,1,1,0,1,2,1,2,2,1,1,2,0
12,141,109,2,1,3,3,1,2,1,1,1,1,2,0
32,266,266,3,3,6,2,1,1,1,1,1,2,4,1
32,307,0,2,2,7,2,3,2,1,3,1,1,4,1
1,266,0,2,1,2,3,2,2,1,3,1,1,2,0
2,307,218,2,1,2,2,1,2,1,2,1,2,3,1
2,265,0,2,1,2,2,2,2,1,2,1,1,1,0
12,119,307,1,1,2,2,1,2,1,1,1,1,3,1
6,307,0,2,7,0,2,1,1,1,1,1,1,3,1
1,266,0,1,1,3,1,2,1,2,2,1,3,3,1
12,266,0,2,1,2,2,3,2,3,3,1,1,4,1
24,266,0,1,6,7,2,1,1,1,2,1,2,2,0
12,307,0,2,2,7,2,1,1,1,1,1,1,4,1
2,266,0,1,1,0,2,1,2,1,2,1,1,1,0
3,266,0,2,6,7,1,2,1,1,2,1,1,3,1
7,266,0,2,2,7,2,2,2,2,2,1,2,4,1
9,266,0,1,2,0,2,2,1,2,2,1,1,4,1
3,292,264,1,2,5,2,2,2,2,2,1,1,1,0
6,173,0,2,1,7,2,1,1,1,2,1,1,1,0
92,205,179,1,2,6,2,1,3,1,3,1,2,2,0
1,307,0,2,2,0,1,2,1,2,2,1,1,4,1
1,307,0,2,2,5,2,2,2,2,2,1,1,2,0
4,307,0,2,1,7,2,1,1,1,1,1,1,3,1
3,266,0,1,4,7,1,3,1,3,3,1,1,1,0
1,299,299,2,1,2,2,2,1,2,2,1,1,2,0
2,307,0,2,1,2,1,2,1,2,2,1,2,0,0
19,266,266,1,4,0,2,1,1,1,1,1,1,4,1
2,266,0,2,2,5,1,2,1,2,2,1,3,3,1
12,265,0,1,3,7,2,1,2,1,2,1,1,4,1
4,307,307,1,1,2,1,1,1,1,2,1,3,1,0
36,78,0,1,1,2,3,1,1,1,2,1,1,1,0
0,265,0,3,1,2,2,2,2,2,2,1,3,1,0
6,266,0,2,1,4,2,2,1,2,2,1,1,4,1
9,307,307,3,1,2,2,1,1,1,2,1,2,2,0
4,307,0,1,1,4,2,1,1,1,1,1,1,2,0
84,179,0,1,1,2,2,1,3,1,2,1,1,2,0
4,243,266,2,5,7,1,1,2,1,2,1,1,3,1
6,266,0,2,4,7,1,2,1,2,2,1,1,2,0
3,266,266,3,1,4,1,2,2,2,2,1,6,2,0
9,285,265,2,1,6,2,1,2,1,1,1,1,0,0
3,307,0,2,1,2,2,1,2,1,2,1,1,3,1
12,266,0,1,3,6,2,1,1,1,1,1,1,2,0
2,307,307,3,2,7,2,2,1,2,2,1,9,2,0
12,292,266,1,7,0,3,3,1,3,2,1,1,3,1
2,307,189,1,1,2,2,2,2,2,2,1,1,1,0
14,141,307,1,7,0,2,2,2,2,2,1,1,0,0
9,285,247,2,1,2,2,2,2,2,2,1,1,0,0
8,266,0,1,1,7,2,1,1,1,1,1,1,1,0
4,307,0,2,5,0,2,3,1,3,2,1,1,1,0
32,128,0,2,2,7,1,1,1,1,1,1,1,3,1
2,307,0,2,7,0,2,2,2,2,2,1,1,1,0
6,20,307,1,2,5,1,2,1,1,2,1,1,0,0
2,266,0,3,1,2,1,2,1,2,2,1,4,1,0
3,266,254,2,1,4,2,2,1,1,2,1,1,1,0
2,307,307,1,2,7,2,2,2,1,2,1,1,4,1
1,307,0,1,1,3,2,1,2,1,2,1,1,3,1
2,307,307,2,2,7,2,1,1,2,2,1,1,4,1
24,169,60,1,2,0,1,1,1,1,1,1,1,2,0
6,266,0,1,5,7,2,2,1,2,2,1,1,3,1
6,299,0,1,6,0,2,2,1,2,2,1,1,1,0
1,299,246,3,1,6,2,3,1,3,3,1,3,2,0
24,264,0,2,1,4,2,1,3,1,2,1,1,1,0
2,265,0,3,5,7,2,2,2,2,2,1,2,1,0
2,265,0,2,1,7,1,2,1,1,2,1,1,1,0
1,307,0,3,1,7,2,2,2,2,2,1,6,4,1
1,307,0,3,1,2,3,2,3,2,2,1,8,3,1
67,289,0,1,6,0,2,1,2,1,1,1,1,2,0
1,307,0,1,2,0,2,2,1,2,2,1,1,1,0
2,266,0,3,4,7,2,2,1,2,2,1,5,4,1
1,266,0,3,2,3,2,2,1,2,2,1,7,3,1
2,307,307,1,2,3,1,2,1,2,3,1,3,3,1
6,285,0,1,3,0,2,3,2,3,3,1,1,0,0
18,265,0,2,7,0,3,3,2,3,2,1,1,1,0
3,307,0,1,5,0,2,3,1,1,2,1,1,3,1
7,128,307,2,2,5,2,1,1,1,1,1,1,2,0
1,266,0,1,1,6,1,2,1,2,2,1,1,2,0
10,307,0,1,1,2,2,2,1,2,2,1,1,3,1
9,307,0,1,2,0,2,1,1,1,1,1,1,3,1
8,218,0,2,2,7,2,1,1,1,1,1,1,2,0
1,307,0,3,1,2,2,1,2,1,2,1,4,2,0
36,206,0,3,2,6,3,1,2,2,1,1,4,1,0
4,307,0,2,2,3,2,1,1,1,2,1,2,3,1
2,307,0,1,1,2,2,2,1,1,2,1,1,2,0
15,307,0,1,2,0,2,1,1,1,1,1,1,4,1
3,109,307,2,2,0,2,2,2,2,2,1,1,3,1
17,266,0,3,6,0,2,1,1,1,1,1,2,2,0
24,307,307,2,2,7,2,3,2,3,3,1,2,4,1
2,307,0,1,2,0,2,1,1,1,2,1,1,2,0
13,178,0,1,5,0,1,1,2,1,1,1,1,2,0
4,265,0,1,3,7,2,2,2,1,2,1,1,1,0
1,307,0,2,1,2,2,2,1,1,2,1,1,3,1
2,266,0,3,5,6,2,2,1,2,2,1,5,4,1
5,266,0,1,2,7,2,2,1,2,2,1,1,2,0
17,264,0,2,7,0,2,1,3,1,1,1,1,2,0
5,266,0,3,1,6,1,2,1,2,2,1,4,3,1
4,307,0,2,7,0,1,2,1,2,2,1,1,4,1
4,141,119,2,5,0,2,1,1,1,2,1,1,2,0
1,307,0,1,1,2,2,2,1,2,2,1,3,1,0
2,299,0,1,1,5,1,2,1,2,2,1,1,2,0
2,285,266,3,1,2,1,2,2,2,2,1,3,3,1
3,266,0,2,2,3,2,2,1,1,2,1,1,4,1
4,266,0,2,2,6,2,2,1,2,2,1,1,2,0
36,285,0,2,2,4,2,1,3,1,1,1,1,4,1
1,307,239,3,5,0,2,3,1,3,3,1,2,1,0
12,307,0,2,1,2,2,1,2,1,1,1,1,4,1
2,266,0,1,1,6,2,2,1,2,2,1,1,3,1
4,243,241,2,2,4,1,3,2,3,1,1,1,3,1
2,24,70,3,1,2,2,2,2,2,2,1,6,1,0
2,189,0,1,1,2,2,2,1,2,2,1,1,1,0
24,307,0,1,2,0,2,1,1,1,2,1,1,4,1
1,307,307,1,2,0,1,3,1,3,2,1,1,1,0
36,205,0,1,1,2,2,1,2,1,1,1,1,1,0
65,265,266,3,3,4,2,3,2,3,3,1,9,2,0
2,266,0,3,1,4,1,2,1,1,2,1,5,4,1
6,283,265,2,4,0,2,2,2,1,2,1,1,4,1
48,103,0,1,1,3,3,1,2,1,2,1,1,4,1
1,307,0,3,1,7,1,2,2,2,2,1,2,2,0
2,307,0,2,2,7,2,2,1,1,2,1,1,0,0
48,109,0,2,3,0,2,3,2,3,2,1,1,4,1
2,307,0,2,2,7,2,1,1,1,2,1,1,2,0
2,239,307,2,2,0,2,3,1,3,2,1,1,3,1
12,103,307,2,1,2,1,1,2,1,1,1,1,4,1
2,266,265,1,1,7,1,2,1,2,1,1,1,3,1
5,266,0,1,1,2,2,1,1,1,1,1,1,4,1
10,266,0,1,2,7,2,2,1,1,1,1,1,1,0
2,266,0,2,1,2,2,2,1,2,2,1,1,4,1
